data_id,iso,event_id_cnty,event_id_no_cnty,event_date,year,time_precision,event_type,sub_event_type,actor1,assoc_actor_1,inter1,actor2,assoc_actor_2,inter2,interaction,region,country,admin1,admin2,admin3,location,latitude,longitude,geo_precision,source,source_scale,notes,fatalities,timestamp,iso3,event_code,subevent_code
4981635,566,NIG1675,1675,27 December 2005,2005,exact date,Strategic developments,Looting/property destruction,Fighters of The Martyrs Brigade,,political militias,,,0,sole political militia action,Western Africa,Nigeria,Delta,Oshimili South,,Asaba,6.2006001,6.7339001,medium,Reuters News,International,Property destruction: Pipeline fires in set by rebel group in Delta State,0,1552577641,NGA,Strategic developments,Looting/property destruction
4981664,566,NIG1674,1674,21 December 2005,2005,exact date,Violence against civilians,Attack,Unidentified Armed Group (Nigeria),,political militias,Civilians (Nigeria),,civilians,political militia vs civilians,Western Africa,Nigeria,Edo,Uhunmwonde,,Ehor,6.6156001,5.9837999,high,Vanguard (Nigeria),National,Attack on pipeline in Edo State,0,1552577641,NGA,Violence against civilians,Attack
4981669,566,NIG1673,1673,20 December 2005,2005,exact date,Violence against civilians,Attack,Martyrs Brigade,,political militias,Civilians (Nigeria),,civilians,political militia vs civilians,Western Africa,Nigeria,Rivers,Bonny,,Andoni River,4.4166999,7.3499999,high,Reuters News,International,Attack on pipeline in Rivers State,0,1552577641,NGA,Violence against civilians,Attack
5181310,566,NIG1672,1672,19 December 2005,2005,exact date,Protests,Peaceful protest,Protesters (Nigeria),,protesters,,,0,sole protester action,Western Africa,Nigeria,Rivers,Port-Harcourt,,Port Harcourt,4.7774,7.0134001,high,Agence France Presse,International,Women protest following deadly plane crash,0,1557850486,NGA,Protests,Peaceful protest
5143766,566,NIG1671,1671,16 December 2005,2005,exact date,Protests,Excessive force against protesters,Police Forces of Nigeria (1999-2015),,state forces,Protesters (Nigeria),,protesters,military vs protesters,Western Africa,Nigeria,Lagos,Ikeja,,Ikeja,6.5942001,3.3375001,high,Vanguard (Nigeria),National,Police violently disperse women protesters in Lagos,0,1556042860,NGA,Protests,Excessive force against protesters
5181309,566,NIG1670,1670,16 December 2005,2005,exact date,Protests,Peaceful protest,Protesters (Nigeria),,protesters,,,0,sole protester action,Western Africa,Nigeria,Lagos,Ikeja,,Ikeja,6.5942001,3.3375001,high,Vanguard (Nigeria),National,Women protest in Lagos after plane crash kills 107,0,1557850486,NGA,Protests,Peaceful protest
4981708,566,NIG1667,1667,15 December 2005,2005,exact date,Protests,Peaceful protest,Protesters (Nigeria),,protesters,,,0,sole protester action,Western Africa,Nigeria,Kano,Kano Municipal,,Kano,11.9702,8.5044003,high,Agence France Presse,International,Angry taxi moped drivers protest ban on women passengers,0,1552577641,NGA,Protests,Peaceful protest
4981709,566,NIG1668,1668,15 December 2005,2005,exact date,Protests,Peaceful protest,Protesters (Nigeria),,protesters,,,0,sole protester action,Western Africa,Nigeria,Rivers,Eleme,,Onne,4.7244,7.1525998,high,Agence France Presse,International,Nigerian youths protest killing of their leader,0,1552577641,NGA,Protests,Peaceful protest
4981707,566,NIG1669,1669,15 December 2005,2005,exact date,Battles,Armed clash,Police Forces of Nigeria (1999-2015),,state forces,Unidentified Armed Group (Nigeria),,political militias,military vs political militia,Western Africa,Nigeria,Edo,Oredo,,Benin City,6.3351002,5.6275001,high,Vanguard (Nigeria),National,Armed men attack police officer,1,1552577641,NGA,Battles,Armed clash
4981713,566,NIG1666,1666,14 December 2005,2005,exact date,Riots,Mob violence,Police Forces of Nigeria (1999-2015),,state forces,Rioters (Nigeria),,rioters,military vs rioters,Western Africa,Nigeria,Kano,Kano Municipal,,Kano,11.9702,8.5044003,high,Agence France Presse,International,Clashes between Islamic police and taxi drivers over sharia ban on women passengers,0,1552577641,NGA,Riots,Mob violence
4981732,566,NIG1665,1665,10 December 2005,2005,exact date,Protests,Peaceful protest,Protesters (Nigeria),,protesters,,,0,sole protester action,Western Africa,Nigeria,Oyo,Ibadan North West,,Ibadan,7.3878002,3.8964,medium,All Africa,Regional,Pensioners from University College Hospital protest lack of payments,0,1552577641,NGA,Protests,Peaceful protest
4981775,566,NIG1664,1664,04 December 2005,2005,exact date,Violence against civilians,Attack,Igbo Ethnic Militia (Nigeria),,identity militias,Civilians (Nigeria),,civilians,communal militia vs civilians,Western Africa,Nigeria,Cross River,Calabar-Municipal,,Calabar,4.9667001,8.3332996,medium,Reuters News,International,Izzi community attacks Ipollor community in Cross River,0,1552577641,NGA,Violence against civilians,Attack
4981789,566,NIG1663,1663,02 December 2005,2005,exact date,Battles,Armed clash,OPC: Oodua Peoples Congress,,political militias,Mutiny of OPC: Oodua Peoples Congress,,political militias,political militia vs political militia,Western Africa,Nigeria,Lagos,Mushin,,Mushin,6.5263,3.3571,high,Xinhua News,International,Clash between OPC factions,0,1552577641,NGA,Battles,Armed clash
4981815,566,NIG1662,1662,28 November 2005,2005,exact date,Protests,Peaceful protest,Protesters (Nigeria),,protesters,,,0,sole protester action,Western Africa,Nigeria,Bayelsa,Yenegoa,,Yenagoa,4.9246998,6.2642002,high,Reuters News,International,Thousands protest for and against state governor,0,1552577642,NGA,Protests,Peaceful protest
4981816,566,NIG1661,1661,27 November 2005,2005,exact date,Riots,Mob violence,Rioters (Nigeria),NURTW: National Union of Road Transport Workers,rioters,NURTW: National Union of Road Transport Workers,OPC: Oodua Peoples Congress,political militias,political militia vs rioters,Western Africa,Nigeria,Federal Capital Territory,Abuja Municipal,,Abuja,9.0832996,7.5332999,low,Nigerian National News,National,,0,1552577642,NGA,Riots,Mob violence
4981833,566,NIG1660,1660,24 November 2005,2005,exact date,Riots,Violent demonstration,Rioters (Nigeria),,rioters,,,0,sole rioter action,Western Africa,Nigeria,Lagos,Lagos Island,,Lagos,6.4531002,3.3958001,high,Agence France Presse,International,Riot after police shoot bus driver,0,1552577642,NGA,Riots,Violent demonstration
4981837,566,NIG1658,1658,23 November 2005,2005,exact date,Violence against civilians,Attack,Police Forces of Nigeria (1999-2015),,state forces,Civilians (Nigeria),,civilians,military vs civilians,Western Africa,Nigeria,Lagos,Lagos Island,,Lagos,6.4531002,3.3958001,high,Agence France Presse,International,Police shoot bus driver for refusing to pay a bribe,1,1552577642,NGA,Violence against civilians,Attack
4981835,566,NIG1659,1659,23 November 2005,2005,exact date,Riots,Mob violence,Police Forces of Nigeria (1999-2015),,state forces,Rioters (Nigeria),,rioters,military vs rioters,Western Africa,Nigeria,Ogun,Abeokuta South,,Abeokuta,7.1500001,3.3499999,high,Panafrican News Agency,Regional,Two killed as prisoners riot,2,1552577642,NGA,Riots,Mob violence
4981840,566,NIG1656,1656,22 November 2005,2005,exact date,Battles,Government regains territory,Military Forces of Nigeria (1999-2015),,state forces,AHOI: Amabolu High Operational Integrity,,political militias,military vs political militia,Western Africa,Nigeria,Bayelsa,Ekeremor,,Amabilou,4.8969998,5.6858001,high,Agence France Presse,International,Military recaptures village taken by rebel group,0,1552577642,NGA,Battles,Government regains territory
4981841,566,NIG1657,1657,22 November 2005,2005,exact date,Protests,Peaceful protest,Protesters (Nigeria),Protestant Christian Group (Nigeria),protesters,,,0,sole protester action,Western Africa,Nigeria,Bayelsa,Yenegoa,,Yenagoa,4.9246998,6.2642002,high,Panafrican News Agency,Regional,Protestants against Bayelsa State governor accused of corruption,0,1552577642,NGA,Protests,Peaceful protest
4981853,566,NIG1655,1655,20 November 2005,2005,exact date,Riots,Violent demonstration,Rioters (Nigeria),,rioters,,,0,sole rioter action,Western Africa,Nigeria,Ogun,Abeokuta South,,Abeokuta,7.1500001,3.3499999,high,Panafrican News Agency,Regional,Prison riot,0,1552577642,NGA,Riots,Violent demonstration
4981854,566,NIG1654,1654,20 November 2005,2005,exact date,Riots,Mob violence,Police Forces of Nigeria (1999-2015),,state forces,Rioters (Nigeria),,rioters,military vs rioters,Western Africa,Nigeria,Sokoto,Sokoto North,,Sokoto,13.048,5.2143002,high,Agence France Presse,International,Prisoners clash with police during riot,0,1552577642,NGA,Riots,Mob violence
4981903,566,NIG1653,1653,15 November 2005,2005,within month,Protests,Peaceful protest,Protesters (Nigeria),,protesters,,,0,sole protester action,Western Africa,Nigeria,Bayelsa,Yenegoa,,Yenagoa,4.9246998,6.2642002,high,All Africa,Regional,Protests for and against governor in Bayelsa state,0,1552577642,NGA,Protests,Peaceful protest
4981927,566,NIG1652,1652,13 November 2005,2005,exact date,Protests,Peaceful protest,Protesters (Nigeria),,protesters,,,0,sole protester action,Western Africa,Nigeria,Lagos,Lagos Island,,Lagos,6.4531002,3.3958001,high,All Africa,Regional,Members of Alliance for Democracy protest police involvement in death of AD member,0,1552577642,NGA,Protests,Peaceful protest
4982123,566,NIG1651,1651,26 October 2005,2005,exact date,Protests,Peaceful protest,Protesters (Nigeria),MASSOB: Movement for the Actualization of a Sovereign State of Biafra,protesters,,,0,sole protester action,Western Africa,Nigeria,Anambra,Onitsha North,,Onitsha,6.1454,6.7884998,high,Vanguard (Nigeria),National,MASSOB takes to streets to protest kidnapping of their leader,0,1552577642,NGA,Protests,Peaceful protest
4982126,566,NIG1650,1650,25 October 2005,2005,exact date,Violence against civilians,Attack,Unidentified Armed Group (Nigeria),,political militias,Civilians (Nigeria),PDP: Peoples Democratic Party,civilians,political militia vs civilians,Western Africa,Nigeria,Lagos,Lagos Island,,Lagos,6.4531002,3.3958001,medium,This Day (Nigeria),Subnational,PDP accuses state government of sponsoring attacks on its members,0,1552577642,NGA,Violence against civilians,Attack
4982159,566,NIG1649,1649,21 October 2005,2005,exact date,Battles,Armed clash,OPC: Oodua Peoples Congress,,political militias,Mutiny of OPC: Oodua Peoples Congress,,political militias,political militia vs political militia,Western Africa,Nigeria,Lagos,Lagos Island,,Lagos,6.4531002,3.3958001,high,Panafrican News Agency,Regional,At least three killed in clash between OPC members,3,1552577642,NGA,Battles,Armed clash
4982183,566,NIG1648,1648,17 October 2005,2005,exact date,Protests,Peaceful protest,Protesters (Nigeria),PDP: Peoples Democratic Party,protesters,,,0,sole protester action,Western Africa,Nigeria,Federal Capital Territory,Abuja Municipal,,Abuja,9.0832996,7.5332999,high,Vanguard (Nigeria),National,PDP marches to Abuja to protest ward and local government congresses in Abuja,0,1552577642,NGA,Protests,Peaceful protest
4982184,566,NIG1647,1647,17 October 2005,2005,exact date,Battles,Armed clash,Police Forces of Nigeria (1999-2015),,state forces,Unidentified Armed Group (Nigeria),,political militias,military vs political militia,Western Africa,Nigeria,Delta,Warri South,,Warri,5.5166998,5.75,high,Reuters News,International,Gunfight between police and oil thieves/militants,0,1552577642,NGA,Battles,Armed clash
4982210,566,NIG1646,1646,13 October 2005,2005,exact date,Riots,Violent demonstration,Rioters (Nigeria),,rioters,,,0,sole rioter action,Western Africa,Nigeria,Plateau,Jos North,,Jos,9.9285002,8.8921003,high,This Day (Nigeria),Subnational,Rioters in Jos protest sealing off of PDP house,0,1552577642,NGA,Riots,Violent demonstration
4982227,566,NIG1644,1644,11 October 2005,2005,exact date,Protests,Peaceful protest,Protesters (Nigeria),Ogoni Ethnic Group (Nigeria),protesters,,,0,sole protester action,Western Africa,Nigeria,Rivers,Port-Harcourt,,Port Harcourt,4.7774,7.0134001,high,Agence France Presse,International,Ogoni people stage protest on anniversary of rights activists death,0,1552577642,NGA,Protests,Peaceful protest
4982226,566,NIG1645,1645,11 October 2005,2005,exact date,Battles,Armed clash,Unidentified Armed Group (Nigeria),,political militias,Area Boys Militia,,political militias,political militia vs political militia,Western Africa,Nigeria,Ogun,Abeokuta South,,Abeokuta,7.1500001,3.3499999,high,All Africa,Regional,"Bloody clash between commercial drivers and """"Area Boys"""" group""",0,1552577642,NGA,Battles,Armed clash
4982252,566,NIG1643,1643,07 October 2005,2005,exact date,Protests,Peaceful protest,Protesters (Nigeria),,protesters,,,0,sole protester action,Western Africa,Nigeria,Lagos,Ikeja,,Ikeja,6.5942001,3.3375001,high,This Day (Nigeria),Subnational,Thousands of beggars protest government policy opposed to street begging,0,1552577642,NGA,Protests,Peaceful protest
4982256,566,NIG1642,1642,07 October 2005,2005,exact date,Violence against civilians,Attack,Unidentified Armed Group (Nigeria),,political militias,Civilians (Nigeria),,civilians,political militia vs civilians,Western Africa,Nigeria,Rivers,Ahoada West,,Egbema,4.9303999,6.5474,high,Vanguard (Nigeria),National,Civilians shot by either police or armed cult; varying accounts,0,1552577642,NGA,Violence against civilians,Attack
4982259,566,NIG1640,1640,06 October 2005,2005,exact date,Battles,Armed clash,Police Forces of Nigeria (1999-2015),,state forces,Unidentified Armed Group (Nigeria),,political militias,military vs political militia,Western Africa,Nigeria,Federal Capital Territory,Abuja Municipal,,Abuja,9.0832996,7.5332999,high,Xinhua News,International,Police trail kidnappers,0,1552577642,NGA,Battles,Armed clash
4982266,566,NIG1641,1641,06 October 2005,2005,exact date,Violence against civilians,Abduction/forced disappearance,Unidentified Armed Group (Nigeria),,political militias,Civilians (Nigeria),,civilians,political militia vs civilians,Western Africa,Nigeria,Kogi,Lokoja,,Lokoja,7.8024001,6.743,high,Xinhua News,International,Unknown persons kidnap daughter of Kogi State accountant general,0,1552577642,NGA,Violence against civilians,Abduction/forced disappearance
4982270,566,NIG1639,1639,05 October 2005,2005,exact date,Protests,Peaceful protest,Protesters (Nigeria),,protesters,,,0,sole protester action,Western Africa,Nigeria,Kano,Kano Municipal,,Kano,11.9702,8.5044003,high,Agence France Presse,International,Deaf stage protest over government neglect,0,1552577642,NGA,Protests,Peaceful protest
4982271,566,NIG1638,1638,05 October 2005,2005,exact date,Battles,Armed clash,Hausa Ethnic Militia (Nigeria),,identity militias,Kurama Ethnic Militia (Nigeria),,identity militias,communal militia vs communal militia,Western Africa,Nigeria,Kaduna,Lere,,Mariri,10.0247,8.5233002,high,Agence France Presse,International,At least three killed in clash between Hausa and Kurama ethnic militias in school naming dispute; no breakdown of death toll,3,1552577642,NGA,Battles,Armed clash
4982277,566,NIG1636,1636,04 October 2005,2005,exact date,Violence against civilians,Attack,Fulani Ethnic Militia (Nigeria),Pastoralists (Nigeria),identity militias,Civilians (Nigeria),,civilians,communal militia vs civilians,Western Africa,Nigeria,Benue,Katsina-Ala,,Katsina-Ala,7.1694002,9.2847004,medium,Agence France Presse,International,Fulani raiders kill villagers,10,1552577642,NGA,Violence against civilians,Attack
4982278,566,NIG1637,1637,04 October 2005,2005,exact date,Violence against civilians,Attack,Fulani Ethnic Militia (Nigeria),Pastoralists (Nigeria),identity militias,Civilians (Nigeria),,civilians,communal militia vs civilians,Western Africa,Nigeria,Benue,Makurdi,,Makurdi,7.7410998,8.5121002,medium,Agence France Presse,International,Fulani raiders kill villagers,0,1552577642,NGA,Violence against civilians,Attack
4982323,566,NIG1635,1635,30 September 2005,2005,exact date,Riots,Violent demonstration,Rioters (Nigeria),,rioters,,,0,sole rioter action,Western Africa,Nigeria,Federal Capital Territory,Abuja Municipal,,Abuja,9.0832996,7.5332999,high,All Africa,Regional,Irate mob attacks government ministers car in protest over fuel hikes,0,1552577642,NGA,Riots,Violent demonstration
4982329,566,NIG1632,1632,29 September 2005,2005,exact date,Protests,Peaceful protest,Protesters (Nigeria),,protesters,,,0,sole protester action,Western Africa,Nigeria,Federal Capital Territory,Abuja Municipal,,Abuja,9.0832996,7.5332999,high,Agence France Presse,International,Nationwide protest over fuel price hikes,0,1552577642,NGA,Protests,Peaceful protest
4982333,566,NIG1633,1633,29 September 2005,2005,exact date,Protests,Peaceful protest,Protesters (Nigeria),,protesters,,,0,sole protester action,Western Africa,Nigeria,Plateau,Jos North,,Jos,9.9285002,8.8921003,high,All Africa,Regional,Thousands protest increase in fuel prices,0,1552577642,NGA,Protests,Peaceful protest
4982334,566,NIG1634,1634,29 September 2005,2005,exact date,Battles,Armed clash,Unidentified Armed Group (Nigeria),,political militias,PDP: Peoples Democratic Party,,political militias,political militia vs political militia,Western Africa,Nigeria,Plateau,Jos North,,Jos,9.9285002,8.8921003,high,This Day (Nigeria),Subnational,Rival political supporters clash in Jos,0,1552577642,NGA,Battles,Armed clash
4982344,566,NIG1631,1631,27 September 2005,2005,within week,Riots,Violent demonstration,Rioters (Nigeria),,rioters,,,0,sole rioter action,Western Africa,Nigeria,Edo,Etsako West,,Auchi,7.0667,6.2666998,high,Panafrican News Agency,Regional,Inmates escape during prison riot,0,1552577642,NGA,Riots,Violent demonstration
4982351,566,NIG1630,1630,26 September 2005,2005,exact date,Battles,Armed clash,Police Forces of Nigeria (1999-2015),,state forces,OPC: Oodua Peoples Congress,,political militias,military vs political militia,Western Africa,Nigeria,Kwara,Ilorin East,,Illorin,8.5,4.5500002,high,Associated Press,International,Battles between armed OPC groups and police,0,1552577642,NGA,Battles,Armed clash
4982361,566,NIG1629,1629,25 September 2005,2005,exact date,Riots,Mob violence,Police Forces of Nigeria (1999-2015),,state forces,Rioters (Nigeria),OPC: Oodua Peoples Congress,rioters,military vs rioters,Western Africa,Nigeria,Kwara,Ilorin East,,Illorin,8.5,4.5500002,high,Associated Press,International,Battles between armed rioters and police,0,1552577642,NGA,Riots,Mob violence
4982388,566,NIG1627,1627,22 September 2005,2005,exact date,Battles,Non-state actor overtakes territory,Military Forces of Nigeria (1999-2015),,state forces,NDPVF: Niger Delta Peoples Volunteer Force,,political militias,military vs political militia,Western Africa,Nigeria,Rivers,Akuku Toru,,Idama,4.6262999,6.8067002,high,Reuters News,International,NDPVF takes over Idama flow station,0,1552577642,NGA,Battles,Non-state actor overtakes territory
4982393,566,NIG1628,1628,22 September 2005,2005,exact date,Violence against civilians,Attack,Unidentified Armed Group (Nigeria),,political militias,Civilians (Nigeria),,civilians,political militia vs civilians,Western Africa,Nigeria,Katsina,Bakori,,Bakori,11.5545,7.4243002,high,Xinhua News,International,Nigerian mob kills man suspected of ritual murders,1,1552577642,NGA,Violence against civilians,Attack
4982402,566,NIG1626,1626,21 September 2005,2005,exact date,Violence against civilians,Attack,NPS: Nigerian Prisons Service Guards,,political militias,Civilians (Nigeria),,civilians,political militia vs civilians,Western Africa,Nigeria,Oyo,Ibadan North West,,Ibadan,7.3878002,3.8964,high,All Africa,Regional,Prison Guards beat journalists covering trial,0,1552577642,NGA,Violence against civilians,Attack
4982405,566,NIG1625,1625,20 September 2005,2005,exact date,Riots,Violent demonstration,Police Forces of Niger (2000-2010),NPS: Nigerian Prisons Service Guards,external/other forces,Rioters (Nigeria),,rioters,rioters vs other,Western Africa,Nigeria,Lagos,Lagos Island,,Ikoyi,6.4561,3.4421999,high,Panafrican News Agency,Regional,Prison riot leaves three dead,3,1552577642,NGA,Riots,Violent demonstration
4982409,566,NIG1622,1622,20 September 2005,2005,exact date,Protests,Peaceful protest,Protesters (Nigeria),,protesters,,,0,sole protester action,Western Africa,Nigeria,Kano,Kano Municipal,,Kano,11.9702,8.5044003,high,Agence France Presse,International,Nigerians march to protest fuel price hikes,0,1552577642,NGA,Protests,Peaceful protest
4982410,566,NIG1623,1623,20 September 2005,2005,exact date,Protests,Peaceful protest,Protesters (Nigeria),NDPVF: Niger Delta Peoples Volunteer Force,protesters,,,0,sole protester action,Western Africa,Nigeria,Rivers,Port-Harcourt,,Port Harcourt,4.7774,7.0134001,high,Agence France Presse,International,NDPVF protests arrest of their leader,0,1552577642,NGA,Protests,Peaceful protest
4982412,566,NIG1624,1624,20 September 2005,2005,exact date,Violence against civilians,Attack,NPS: Nigerian Prisons Service Guards,,political militias,Civilians (Nigeria),,civilians,political militia vs civilians,Western Africa,Nigeria,Lagos,Lagos Island,,Ikoyi,6.4561,3.4421999,high,All Africa,Regional,Prison Guards beat journalists covering prison riot,0,1552577642,NGA,Violence against civilians,Attack
4982443,566,NIG1621,1621,16 September 2005,2005,exact date,Protests,Peaceful protest,Protesters (Nigeria),,protesters,,,0,sole protester action,Western Africa,Nigeria,Edo,Oredo,,Benin City,6.3351002,5.6275001,high,Panafrican News Agency,Regional,Nigerians march to protest fuel price hikes,0,1552577642,NGA,Protests,Peaceful protest
4982452,566,NIG1620,1620,15 September 2005,2005,exact date,Violence against civilians,Attack,Police Forces of Nigeria (1999-2015),,state forces,Civilians (Nigeria),,civilians,military vs civilians,Western Africa,Nigeria,Lagos,Lagos Island,,Lagos,6.4531002,3.3958001,high,Dow Jones International News,International,Police implicated in killing of Nigerian businessman,1,1552577642,NGA,Violence against civilians,Attack
4982462,566,NIG1619,1619,14 September 2005,2005,exact date,Protests,Peaceful protest,Protesters (Nigeria),MASSOB: Movement for the Actualization of a Sovereign State of Biafra,protesters,,,0,sole protester action,Western Africa,Nigeria,Lagos,Lagos Island,,Lagos,6.4531002,3.3958001,high,Vanguard (Nigeria),National,Nigerians march to protest fuel price hikes,0,1552577642,NGA,Protests,Peaceful protest
4982481,566,NIG1618,1618,11 September 2005,2005,exact date,Protests,Peaceful protest,Protesters (Nigeria),Ogoni Ethnic Group (Nigeria),protesters,,,0,sole protester action,Western Africa,Nigeria,Rivers,Khana,,Bori,4.6736999,7.362,high,Agence France Presse,International,Ogoni people stage protest on anniversary of rights activists death,0,1552577642,NGA,Protests,Peaceful protest
4982544,566,NIG1617,1617,31 August 2005,2005,exact date,Protests,Peaceful protest,Protesters (Nigeria),,protesters,,,0,sole protester action,Western Africa,Nigeria,Lagos,Lagos Island,,Lagos,6.4531002,3.3958001,high,Agence France Presse,International,Retired members of military protest lack of pension payments,0,1552577642,NGA,Protests,Peaceful protest
4982547,566,NIG1616,1616,30 August 2005,2005,exact date,Riots,Violent demonstration,Rioters (Nigeria),,rioters,,,0,sole rioter action,Western Africa,Nigeria,Edo,Oredo,,Benin City,6.3351002,5.6275001,high,Vanguard (Nigeria),National,University of Benin students riot over fuel prices,0,1552577642,NGA,Riots,Violent demonstration
4982568,566,NIG1613,1613,25 August 2005,2005,exact date,Protests,Peaceful protest,Protesters (Nigeria),,protesters,,,0,sole protester action,Western Africa,Nigeria,Lagos,Ikeja,,Ikeja,6.5942001,3.3375001,high,Vanguard (Nigeria),National,Airways retirees protest lack of pension payments,0,1552577642,NGA,Protests,Peaceful protest
4982570,566,NIG1614,1614,25 August 2005,2005,exact date,Violence against civilians,Attack,Military Forces of Nigeria (1999-2015),Police Forces of Nigeria (1999-2015),state forces,Civilians (Nigeria),Ijaw Ethnic Group (Nigeria),civilians,military vs civilians,Western Africa,Nigeria,Delta,Oshimili South,,Asaba,6.2006001,6.7339001,low,Vanguard (Nigeria),National,"Security forces attack Ijaw civilians in Delta State, location not known.",0,1552577642,NGA,Violence against civilians,Attack
5131623,566,NIG1612,1612,24 August 2005,2005,exact date,Protests,Peaceful protest,Protesters (Nigeria),,protesters,,,0,sole protester action,Western Africa,Nigeria,Oyo,Ibadan North West,,Ibadan,7.3878002,3.8964,medium,Vanguard (Nigeria),National,Protests against recent killing of PDP aide,0,1555958740,NGA,Protests,Peaceful protest
4982581,566,NIG1611,1611,23 August 2005,2005,exact date,Protests,Peaceful protest,Protesters (Nigeria),,protesters,,,0,sole protester action,Western Africa,Nigeria,Delta,Warri South,,Warri,5.5166998,5.75,high,This Day (Nigeria),Subnational,Sacked refinery workers protest in Warri,0,1552577642,NGA,Protests,Peaceful protest
4982587,566,NIG1610,1610,22 August 2005,2005,exact date,Protests,Peaceful protest,Protesters (Nigeria),,protesters,,,0,sole protester action,Western Africa,Nigeria,Rivers,Port-Harcourt,,Port Harcourt,4.7774,7.0134001,high,Reuters News,International,Protesters shut down pumping station in protest over compensation from oil companies for oil spill,0,1552577642,NGA,Protests,Peaceful protest
4982592,566,NIG1609,1609,21 August 2005,2005,exact date,Protests,Peaceful protest,Protesters (Nigeria),,protesters,,,0,sole protester action,Western Africa,Nigeria,Rivers,Port-Harcourt,,Port Harcourt,4.7774,7.0134001,high,Reuters News,International,Protesters shut down pumping station in protest over compensation from oil companies for oil spill,0,1552577642,NGA,Protests,Peaceful protest
4982598,566,NIG1608,1608,20 August 2005,2005,exact date,Protests,Peaceful protest,Protesters (Nigeria),,protesters,,,0,sole protester action,Western Africa,Nigeria,Rivers,Port-Harcourt,,Port Harcourt,4.7774,7.0134001,high,Reuters News,International,Protesters shut down pumping station in protest over compensation from oil companies for oil spill,0,1552577642,NGA,Protests,Peaceful protest
4982599,566,NIG1606,1606,19 August 2005,2005,exact date,Protests,Peaceful protest,Protesters (Nigeria),,protesters,,,0,sole protester action,Western Africa,Nigeria,Rivers,Port-Harcourt,,Port Harcourt,4.7774,7.0134001,high,Reuters News,International,Protesters shut down pumping station in protest over compensation from oil companies for oil spill,0,1552577642,NGA,Protests,Peaceful protest
4982605,566,NIG1605,1605,18 August 2005,2005,exact date,Violence against civilians,Attack,NURTW: National Union of Road Transport Workers,,political militias,Civilians (Nigeria),PDP: Peoples Democratic Party,civilians,political militia vs civilians,Western Africa,Nigeria,Oyo,Ibadan North West,,Ibadan,7.3878002,3.8964,high,This Day (Nigeria),Subnational,Gunmen attack PDP convoy,0,1552577642,NGA,Violence against civilians,Attack
4982606,566,NIG1603,1603,18 August 2005,2005,exact date,Protests,Peaceful protest,Protesters (Nigeria),,protesters,,,0,sole protester action,Western Africa,Nigeria,Rivers,Port-Harcourt,,Port Harcourt,4.7774,7.0134001,high,Reuters News,International,Protesters shut down pumping station in protest over compensation from oil companies for oil spill,0,1552577642,NGA,Protests,Peaceful protest
4982614,566,NIG1601,1601,17 August 2005,2005,exact date,Protests,Peaceful protest,Protesters (Nigeria),,protesters,,,0,sole protester action,Western Africa,Nigeria,Rivers,Port-Harcourt,,Port Harcourt,4.7774,7.0134001,high,Reuters News,International,Protesters shut down pumping station in protest over compensation from oil companies for oil spill,0,1552577642,NGA,Protests,Peaceful protest
4982621,566,NIG1600,1600,16 August 2005,2005,exact date,Protests,Peaceful protest,Protesters (Nigeria),,protesters,,,0,sole protester action,Western Africa,Nigeria,Rivers,Port-Harcourt,,Port Harcourt,4.7774,7.0134001,high,Reuters News,International,Protesters shut down pumping station in protest over compensation from oil companies for oil spill,0,1552577642,NGA,Protests,Peaceful protest
4982654,566,NIG1599,1599,11 August 2005,2005,exact date,Battles,Armed clash,OPC: Oodua Peoples Congress,,political militias,Police Forces of Nigeria (1999-2015),,state forces,military vs political militia,Western Africa,Nigeria,Lagos,Oshodi-Isolo,,Oshodi,6.5581999,3.3466001,high,All Africa,Regional,OPC clashes with police in Lagos,0,1552577643,NGA,Battles,Armed clash
4982681,566,NIG1598,1598,06 August 2005,2005,exact date,Violence against civilians,Attack,Police Forces of Nigeria (1999-2015),,state forces,Civilians (Nigeria),,civilians,military vs civilians,Western Africa,Nigeria,Federal Capital Territory,Abuja Municipal,,Abuja,9.0832996,7.5332999,high,Associated Press,International,Police kill six innocent civilians following minor dispute,6,1552577643,NGA,Violence against civilians,Attack
4982686,566,NIG1597,1597,04 August 2005,2005,exact date,Violence against civilians,Attack,Unidentified Armed Group (Nigeria),,political militias,Civilians (Nigeria),,civilians,political militia vs civilians,Western Africa,Nigeria,Lagos,Eti-Osa,,Victoria Island,6.4281001,3.4219999,high,Agence France Presse,International,Mob lynches two accused of robbery,2,1552577643,NGA,Violence against civilians,Attack
4982698,566,NIG1595,1595,02 August 2005,2005,exact date,Protests,Peaceful protest,Protesters (Nigeria),,protesters,,,0,sole protester action,Western Africa,Nigeria,Bayelsa,Yenegoa,,Yenagoa,4.9246998,6.2642002,high,Agence France Presse,International,Youths protest lack of security and deaths in land dispute,0,1552577643,NGA,Protests,Peaceful protest
4982702,566,NIG1596,1596,02 August 2005,2005,exact date,Violence against civilians,Attack,Unidentified Armed Group (Nigeria),,political militias,Civilians (Nigeria),,civilians,political militia vs civilians,Western Africa,Nigeria,Bayelsa,Yenegoa,,Yenagoa,4.9246998,6.2642002,high,Dow Jones International News,International,Two politicians killed in oil-related violence,2,1552577643,NGA,Violence against civilians,Attack
4982724,566,NIG1594,1594,30 July 2005,2005,exact date,Violence against civilians,Attack,Unidentified Armed Group (Nigeria),,political militias,Civilians (Nigeria),,civilians,political militia vs civilians,Western Africa,Nigeria,Delta,Warri South,,Warri,5.5166998,5.75,high,This Day (Nigeria),Subnational,Armed youths attack newspaper publisher,0,1552577643,NGA,Violence against civilians,Attack
5131622,566,NIG1592,1592,25 July 2005,2005,exact date,Protests,Peaceful protest,Protesters (Nigeria),,protesters,,,0,sole protester action,Western Africa,Nigeria,Lagos,Ikeja,,Ikeja,6.5942001,3.3375001,high,Agence France Presse,International,Protests after naval officer kills civilian,0,1555958740,NGA,Protests,Peaceful protest
4982750,566,NIG1593,1593,25 July 2005,2005,exact date,Violence against civilians,Attack,Military Forces of Nigeria (1999-2015),,state forces,Civilians (Nigeria),,civilians,military vs civilians,Western Africa,Nigeria,Lagos,Ikeja,,Ikeja,6.5942001,3.3375001,high,Agence France Presse,International,Naval officer shoots and kills civilian,1,1552577643,NGA,Violence against civilians,Attack
5183383,566,NIG1591,1591,23 July 2005,2005,exact date,Battles,Armed clash,PDP: Peoples Democratic Party,,political militias,ANPP: All Nigeria Peoples Party,,political militias,political militia vs political militia,Western Africa,Nigeria,Borno,Gwoza,,Gwoza,11.084,13.6925,high,Daily Trust,National,"During a by-election in Gwoza local government, there were clashes between supporters of the ANPP and PDP who used cutlasses and other weapons against each other. At least one person was injured and admitted in hospital.",0,1558387849,NGA,Battles,Armed clash
4982818,566,NIG1590,1590,18 July 2005,2005,exact date,Violence against civilians,Attack,Unidentified Armed Group (Nigeria),,political militias,Civilians (Nigeria),PDP: Peoples Democratic Party,civilians,political militia vs civilians,Western Africa,Nigeria,Ogun,Abeokuta South,,Abeokuta,7.1500001,3.3499999,high,Vanguard (Nigeria),National,Supporters of rival candidate attack PDP governor,0,1552577643,NGA,Violence against civilians,Attack
4982819,566,NIG1589,1589,18 July 2005,2005,within week,Battles,Armed clash,Viking 22 Student Militia,,political militias,Black Axe Student Militia,,political militias,political militia vs political militia,Western Africa,Nigeria,Enugu,Enugu North,,Enugu,6.4425998,7.5022001,high,Xinhua News,International,At least ten killed in clashes between rival cult gangs,10,1552577643,NGA,Battles,Armed clash
4982839,566,NIG1588,1588,15 July 2005,2005,within month,Battles,Armed clash,Igbo Ethnic Militia (Nigeria),,identity militias,Ukele Ethnic Militia (Nigeria),,identity militias,communal militia vs communal militia,Western Africa,Nigeria,Ebonyi,Izzi,,Izi,6.5042,8.3994999,medium,Reuters News,International,Ongoing land clashes between rival ethnic groups,0,1552577643,NGA,Battles,Armed clash
4982879,566,NIG1587,1587,12 July 2005,2005,within week,Strategic developments,Disrupted weapons use,Police Forces of Nigeria (1999-2015),,state forces,,,0,sole military action,Western Africa,Nigeria,Borno,Maiduguri,,Maiduguri,11.8464,13.1603,high,Daily Trust,National,Weapons Seizure: Police in Borno state have said that the large explosive device found by villagers in Maiduguri local government area of the state appears to be a locally made bomb,0,1552577643,NGA,Strategic developments,Disrupted weapons use
4982891,566,NIG1585,1585,11 July 2005,2005,exact date,Protests,Peaceful protest,Protesters (Nigeria),MASSOB: Movement for the Actualization of a Sovereign State of Biafra,protesters,,,0,sole protester action,Western Africa,Nigeria,Anambra,Onitsha North,,Onitsha,6.1454,6.7884998,high,All Africa,Regional,MASSOB stages protest,0,1552577643,NGA,Protests,Peaceful protest
4982895,566,NIG1586,1586,11 July 2005,2005,exact date,Protests,Peaceful protest,Protesters (Nigeria),,protesters,,,0,sole protester action,Western Africa,Nigeria,Bayelsa,Yenegoa,,Yenagoa,4.9246998,6.2642002,high,All Africa,Regional,Youths protest return of Bayelsa state governor,0,1552577643,NGA,Protests,Peaceful protest
4982890,566,NIG1584,1584,11 July 2005,2005,exact date,Battles,Armed clash,Police Forces of Nigeria (1999-2015),,state forces,MASSOB: Movement for the Actualization of a Sovereign State of Biafra,,rebel groups,military vs rebels,Western Africa,Nigeria,Anambra,Onitsha North,,Onitsha,6.1454,6.7884998,high,All Africa,Regional,Police clash with MASSOB,0,1552577643,NGA,Battles,Armed clash
4982908,566,NIG1581,1581,09 July 2005,2005,exact date,Protests,Peaceful protest,Protesters (Nigeria),MASSOB: Movement for the Actualization of a Sovereign State of Biafra,protesters,,,0,sole protester action,Western Africa,Nigeria,Ebonyi,Ebonyi,,Abakaliki,6.3162999,8.1169004,high,All Africa,Regional,MASSOB demonstrates for secession,0,1552577643,NGA,Protests,Peaceful protest
4982909,566,NIG1578,1578,09 July 2005,2005,exact date,Protests,Peaceful protest,Protesters (Nigeria),MASSOB: Movement for the Actualization of a Sovereign State of Biafra,protesters,,,0,sole protester action,Western Africa,Nigeria,Cross River,Calabar-Municipal,,Calabar,4.9667001,8.3332996,high,Reuters News,International,MASSOB demonstrates for secession,0,1552577643,NGA,Protests,Peaceful protest
4982910,566,NIG1583,1583,09 July 2005,2005,exact date,Violence against civilians,Attack,Police Forces of Nigeria (1999-2015),,state forces,Civilians (Nigeria),MASSOB: Movement for the Actualization of a Sovereign State of Biafra,civilians,military vs civilians,Western Africa,Nigeria,Anambra,Onitsha North,,Onitsha,6.1454,6.7884998,high,IRIN News,Other,Police shot dead by MASSOB activists,1,1552577643,NGA,Violence against civilians,Attack
4982914,566,NIG1577,1577,09 July 2005,2005,exact date,Protests,Peaceful protest,Protesters (Nigeria),MASSOB: Movement for the Actualization of a Sovereign State of Biafra,protesters,,,0,sole protester action,Western Africa,Nigeria,Abia,Aba South,,Aba,5.1065998,7.3667002,high,Reuters News,International,MASSOB demonstrates for secession,0,1552577643,NGA,Protests,Peaceful protest
4982915,566,NIG1579,1579,09 July 2005,2005,exact date,Protests,Peaceful protest,Protesters (Nigeria),MASSOB: Movement for the Actualization of a Sovereign State of Biafra,protesters,,,0,sole protester action,Western Africa,Nigeria,Enugu,Enugu North,,Enugu,6.4425998,7.5022001,high,Reuters News,International,MASSOB demonstrates for secession,0,1552577643,NGA,Protests,Peaceful protest
4982916,566,NIG1580,1580,09 July 2005,2005,exact date,Protests,Peaceful protest,Protesters (Nigeria),MASSOB: Movement for the Actualization of a Sovereign State of Biafra,protesters,,,0,sole protester action,Western Africa,Nigeria,Enugu,Nsukka,,Nsukka,6.8561001,7.3927002,high,Reuters News,International,MASSOB demonstrates for secession,0,1552577643,NGA,Protests,Peaceful protest
4982917,566,NIG1582,1582,09 July 2005,2005,exact date,Protests,Peaceful protest,Protesters (Nigeria),MASSOB: Movement for the Actualization of a Sovereign State of Biafra,protesters,,,0,sole protester action,Western Africa,Nigeria,Anambra,Onitsha North,,Onitsha,6.1454,6.7884998,high,IRIN News,Other,MASSOB demonstrates for secession,0,1552577643,NGA,Protests,Peaceful protest
4982941,566,NIG1576,1576,06 July 2005,2005,exact date,Battles,Armed clash,Police Forces of Nigeria (1999-2015),,state forces,Unidentified Armed Group (Nigeria),,political militias,military vs political militia,Western Africa,Nigeria,Kwara,Ilorin East,,Illorin,8.5,4.5500002,high,This Day (Nigeria),Subnational,Cult gang kills policeman who headed up anti-cult crusade in Kwara State,1,1552577643,NGA,Battles,Armed clash
4982946,566,NIG1574,1574,03 July 2005,2005,exact date,Violence against civilians,Attack,Unidentified Armed Group (Nigeria),,political militias,Civilians (Nigeria),,civilians,political militia vs civilians,Western Africa,Nigeria,Ondo,Akoko South East,,Isua,7.4377999,5.8987002,high,Associated Press,International,Unidentified armed group attacks villages,0,1552577643,NGA,Violence against civilians,Attack
4982947,566,NIG1575,1575,03 July 2005,2005,exact date,Violence against civilians,Attack,Unidentified Armed Group (Nigeria),,political militias,Civilians (Nigeria),,civilians,political militia vs civilians,Western Africa,Nigeria,Rivers,Abua/Odual,,Odau,4.9215002,6.4506001,high,Associated Press,International,Unidentified armed group attacks villages,0,1552577643,NGA,Violence against civilians,Attack
4982952,566,NIG1573,1573,01 July 2005,2005,exact date,Protests,Peaceful protest,Protesters (Nigeria),,protesters,,,0,sole protester action,Western Africa,Nigeria,Bayelsa,Brass,,Odeama Creek,4.3400998,6.4358001,high,Associated Press,International,Villagers protest oil companies in Niger Delta,0,1552577643,NGA,Protests,Peaceful protest
4982976,566,NIG1572,1572,28 June 2005,2005,exact date,Protests,Peaceful protest,Protesters (Nigeria),,protesters,,,0,sole protester action,Western Africa,Nigeria,Delta,Oshimili South,,Asaba,6.2006001,6.7339001,high,Vanguard (Nigeria),National,Protests to demand 50 percent derivation from oil profits for South-South,0,1552577643,NGA,Protests,Peaceful protest
4983050,566,NIG1570,1570,17 June 2005,2005,exact date,Riots,Violent demonstration,Rioters (Nigeria),,rioters,,,0,sole rioter action,Western Africa,Nigeria,Delta,Aniocha South,,Ogwashi-Uku,6.1781998,6.5243001,high,Xinhua News,International,Prison riot and escape,0,1552577643,NGA,Riots,Violent demonstration
4983053,566,NIG1571,1571,17 June 2005,2005,exact date,Riots,Mob violence,Rioters (Nigeria),Prisoners (Nigeria),rioters,Police Forces of Nigeria (1999-2015) Prison Guards,,state forces,military vs rioters,Western Africa,Nigeria,Rivers,Port-Harcourt,,Port Harcourt,4.7774,7.0134001,high,Xinhua News,International,Five inmates killed,5,1552577643,NGA,Riots,Mob violence
4983055,566,NIG1569,1569,17 June 2005,2005,exact date,Protests,Peaceful protest,Protesters (Nigeria),Students (Nigeria),protesters,,,0,sole protester action,Western Africa,Nigeria,Ogun,Ijebu North,,Ago,6.9362001,3.9219999,high,Dow Jones International News,International,Students protest against actions of OPC,0,1552577643,NGA,Protests,Peaceful protest
4983057,566,NIG1568,1568,16 June 2005,2005,exact date,Violence against civilians,Abduction/forced disappearance,INMPD: Iduwini National Movement for Peace and Development,,political militias,Civilians (Nigeria),Civilians (International),civilians,political militia vs civilians,Western Africa,Nigeria,Bayelsa,Southern Ijaw,,Oporoma,4.8046999,6.0788999,medium,Global Insight Daily Analysis,International,Ijaw militant group kidnaps oil workers,0,1552577643,NGA,Violence against civilians,Abduction/forced disappearance
4983060,566,NIG1567,1567,16 June 2005,2005,exact date,Protests,Peaceful protest,Protesters (Nigeria),Students (Nigeria),protesters,,,0,sole protester action,Western Africa,Nigeria,Ogun,Ijebu North,,Ago,6.9362001,3.9219999,high,Dow Jones International News,International,Students protest against actions of OPC,0,1552577643,NGA,Protests,Peaceful protest
4983062,566,NIG1566,1566,15 June 2005,2005,within month,Battles,Armed clash,Igbo Ethnic Militia (Nigeria),,identity militias,Ukele Ethnic Militia (Nigeria),,identity militias,communal militia vs communal militia,Western Africa,Nigeria,Ebonyi,Izzi,,Izi,6.5042,8.3994999,medium,Reuters News,International,Ongoing land clashes between rival ethnic groups,0,1552577643,NGA,Battles,Armed clash
4983101,566,NIG1562,1562,12 June 2005,2005,exact date,Protests,Peaceful protest,Protesters (Nigeria),MASSOB: Movement for the Actualization of a Sovereign State of Biafra,protesters,,,0,sole protester action,Western Africa,Nigeria,Anambra,Onitsha North,,Onitsha,6.1454,6.7884998,high,All Africa,Regional,MASSOB organizes protest,0,1552577643,NGA,Protests,Peaceful protest
4983102,566,NIG1565,1565,12 June 2005,2005,exact date,Violence against civilians,Attack,MASSOB: Movement for the Actualization of a Sovereign State of Biafra,,rebel groups,Civilians (Nigeria),,civilians,rebels vs civilians,Western Africa,Nigeria,Anambra,Onitsha North,,Onitsha,6.1454,6.7884998,high,All Africa,Regional,MASSOB kills civilians for violating sit at home order,0,1552577643,NGA,Violence against civilians,Attack
4983103,566,NIG1564,1564,12 June 2005,2005,exact date,Violence against civilians,Attack,Police Forces of Nigeria (1999-2015),,state forces,Civilians (Nigeria),,civilians,military vs civilians,Western Africa,Nigeria,Imo,Owerri-Municipal,,Owerri,5.4833002,7.0303998,high,All Africa,Regional,Civilians killed during MASSOB protest,0,1552577643,NGA,Violence against civilians,Attack
4983107,566,NIG1563,1563,12 June 2005,2005,exact date,Protests,Peaceful protest,Protesters (Nigeria),MASSOB: Movement for the Actualization of a Sovereign State of Biafra,protesters,,,0,sole protester action,Western Africa,Nigeria,Imo,Owerri-Municipal,,Owerri,5.4833002,7.0303998,medium,All Africa,Regional,MASSOB organizes protest,0,1552577643,NGA,Protests,Peaceful protest
4983100,566,NIG1536,1536,12 June 2005,2005,exact date,Battles,Armed clash,Police Forces of Nigeria (1999-2015),,state forces,MASSOB: Movement for the Actualization of a Sovereign State of Biafra,,rebel groups,military vs rebels,Western Africa,Nigeria,Anambra,Onitsha North,,Onitsha,6.1454,6.7884998,high,Agence France Presse,International,Police and MASSOB battle during two days,0,1552577643,NGA,Battles,Armed clash
4983112,566,NIG1559,1559,11 June 2005,2005,exact date,Violence against civilians,Attack,Military Forces of Nigeria (1999-2015),,state forces,Civilians (Nigeria),,civilians,military vs civilians,Western Africa,Nigeria,Delta,Warri South,,Warri,5.5166998,5.75,high,This Day (Nigeria),Subnational,Two feared killed as soldiers invade community following disagreement over oil contract,2,1552577643,NGA,Violence against civilians,Attack
4983124,566,NIG1558,1558,08 June 2005,2005,exact date,Violence against civilians,Attack,Police Forces of Nigeria (2015-),,state forces,Civilians (Nigeria),,civilians,military vs civilians,Western Africa,Nigeria,Federal Capital Territory,Abuja Municipal,,Abuja,9.0832996,7.5332999,high,Daily Trust (Abuja),Subnational,Six traders are extra-judicially killed by six police officers.,6,1552577643,NGA,Violence against civilians,Attack
5131621,566,NIG1557,1557,08 June 2005,2005,within week,Violence against civilians,Attack,Police Forces of Nigeria (1999-2015),,state forces,Civilians (Nigeria),,civilians,military vs civilians,Western Africa,Nigeria,Kaduna,Lere,,Garun Kurama,10.1658,8.5763998,high,All Africa,Regional,Family alleges murder at hands of police,1,1555958740,NGA,Violence against civilians,Attack
4983137,566,NIG1555,1555,07 June 2005,2005,exact date,Protests,Peaceful protest,Protesters (Nigeria),,protesters,,,0,sole protester action,Western Africa,Nigeria,Rivers,Degema,,Degema,4.7460999,6.7677002,high,Reuters News,International,Protesters shut down flow station,0,1552577643,NGA,Protests,Peaceful protest
4983138,566,NIG1556,1556,07 June 2005,2005,exact date,Protests,Peaceful protest,Protesters (Nigeria),,protesters,,,0,sole protester action,Western Africa,Nigeria,Delta,Warri South,,Warri,5.5166998,5.75,high,Vanguard (Nigeria),National,Hundred protest in Warri for 50 percent derivations from oil payments for South-South,0,1552577643,NGA,Protests,Peaceful protest
4983159,566,NIG1554,1554,05 June 2005,2005,exact date,Protests,Peaceful protest,Protesters (International),,protesters,,,0,sole protester action,Western Africa,Nigeria,Lagos,Lagos Island,,Lagos,6.4531002,3.3958001,high,Agence France Presse,International,Togolese stage protest at embassy in Lagos after bitterly disputed election,0,1552577643,NGA,Protests,Peaceful protest
4983184,566,NIG1553,1553,03 June 2005,2005,exact date,Battles,Armed clash,Unidentified Armed Group (Nigeria),,political militias,Unidentified Armed Group (Nigeria),,political militias,political militia vs political militia,Western Africa,Nigeria,Edo,Esan West,,Ekpoma,6.7420998,6.1389999,high,Agence France Presse,International,Three killed in clashes between student gangs; no breakdown of death toll,3,1552577643,NGA,Battles,Armed clash
4983202,566,NIG1552,1552,31 May 2005,2005,exact date,Riots,Mob violence,Police Forces of Nigeria (1999-2015),,state forces,Rioters (Nigeria),,rioters,military vs rioters,Western Africa,Nigeria,Edo,Orhionmwon,,Ogan,6.2810001,6.0675998,high,Agence France Presse,International,Mob attacks police with weapons,0,1552577643,NGA,Riots,Mob violence
4983222,566,NIG1551,1551,30 May 2005,2005,exact date,Violence against civilians,Attack,Sunni Muslim Militia (Nigeria),,identity militias,Civilians (Nigeria),,civilians,communal militia vs civilians,Western Africa,Nigeria,Sokoto,Sokoto North,,Sokoto,13.048,5.2143002,high,Reuters News,International,Sunni Muslims attack Shiite headquarters,0,1552577643,NGA,Violence against civilians,Attack
4983244,566,NIG1550,1550,27 May 2005,2005,exact date,Battles,Armed clash,Sunni Muslim Militia (Nigeria),,identity militias,Shiite Muslim Militia (Nigeria),,identity militias,communal militia vs communal militia,Western Africa,Nigeria,Sokoto,Sokoto North,,Sokoto,13.048,5.2143002,high,Reuters News,International,Clashes between Sunnis and Shiites; one killed though it was unclear from which side,1,1552577643,NGA,Battles,Armed clash
4983253,566,NIG1549,1549,26 May 2005,2005,exact date,Violence against civilians,Attack,Unidentified Armed Group (Nigeria),,political militias,Civilians (Nigeria),Government of Nigeria (2015-),civilians,political militia vs civilians,Western Africa,Nigeria,Osun,Ilesha East,,Ilesa,7.6167002,4.7333002,high,This Day (Nigeria),Subnational,Thugs attack State Commissioner of Works,0,1552577643,NGA,Violence against civilians,Attack
4983256,566,NIG1548,1548,25 May 2005,2005,exact date,Protests,Peaceful protest,Protesters (Nigeria),,protesters,,,0,sole protester action,Western Africa,Nigeria,Federal Capital Territory,Abuja Municipal,,Abuja,9.0832996,7.5332999,high,All Africa,Regional,Youths protest ban on politician El-Rufai,0,1552577643,NGA,Protests,Peaceful protest
4983265,566,NIG1547,1547,24 May 2005,2005,exact date,Battles,Armed clash,Military Forces of Nigeria (1999-2015),,state forces,Area Boys Militia,,political militias,military vs political militia,Western Africa,Nigeria,Lagos,Oshodi-Isolo,,Oshodi,6.5581999,3.3466001,high,Agence France Presse,International,Military clashes with Area Boys gangs,0,1552577643,NGA,Battles,Armed clash
4983271,566,NIG1546,1546,23 May 2005,2005,exact date,Battles,Armed clash,Military Forces of Nigeria (1999-2015),,state forces,Area Boys Militia,,political militias,military vs political militia,Western Africa,Nigeria,Lagos,Oshodi-Isolo,,Oshodi,6.5581999,3.3466001,high,Agence France Presse,International,Military clashes with Area Boys gangs,0,1552577643,NGA,Battles,Armed clash
4983282,566,NIG1545,1545,21 May 2005,2005,exact date,Battles,Armed clash,Sunni Muslim Militia (Nigeria),,identity militias,Shiite Muslim Militia (Nigeria),,identity militias,communal militia vs communal militia,Western Africa,Nigeria,Sokoto,Sokoto North,,Sokoto,13.048,5.2143002,high,Associated Press,International,Two killed in clashes between Sunnis and Shiites in Sokoto,2,1552577643,NGA,Battles,Armed clash
4983293,566,NIG1543,1543,20 May 2005,2005,exact date,Protests,Peaceful protest,Protesters (Nigeria),,protesters,,,0,sole protester action,Western Africa,Nigeria,Delta,Warri South,,Ogunu,5.5300999,5.7119999,high,This Day (Nigeria),Subnational,Protests over Shells proposal to shift operations to Port Harcourt,0,1552577643,NGA,Protests,Peaceful protest
4983294,566,NIG1544,1544,20 May 2005,2005,exact date,Protests,Peaceful protest,Protesters (Nigeria),,protesters,,,0,sole protester action,Western Africa,Nigeria,Delta,Warri South,,Warri,5.5166998,5.75,high,This Day (Nigeria),Subnational,Protests over Shells proposal to shift operations to Port Harcourt,0,1552577643,NGA,Protests,Peaceful protest
4983297,566,NIG1542,1542,20 May 2005,2005,exact date,Battles,Armed clash,Sunni Muslim Militia (Nigeria),,identity militias,Shiite Muslim Militia (Nigeria),,identity militias,communal militia vs communal militia,Western Africa,Nigeria,Sokoto,Sokoto North,,Sokoto,13.048,5.2143002,high,Associated Press,International,Clashes between Sunnis and Shiites in Sokoto,0,1552577643,NGA,Battles,Armed clash
4983315,566,NIG1541,1541,17 May 2005,2005,exact date,Battles,Armed clash,Police Forces of Nigeria (1999-2015),,state forces,Unidentified Armed Group (Nigeria),,political militias,military vs political militia,Western Africa,Nigeria,Rivers,Port-Harcourt,,Port Harcourt,4.7774,7.0134001,high,All Africa,Regional,Armed youths clash with police; unspecified number of deaths,0,1552577643,NGA,Battles,Armed clash
4983332,566,NIG1540,1540,15 May 2005,2005,within month,Battles,Armed clash,Igbo Ethnic Militia (Nigeria),,identity militias,Ukele Ethnic Militia (Nigeria),,identity militias,communal militia vs communal militia,Western Africa,Nigeria,Ebonyi,Izzi,,Izi,6.5042,8.3994999,medium,Reuters News,International,Ongoing land clashes between rival ethnic groups,0,1552577643,NGA,Battles,Armed clash
4983368,566,NIG1537,1537,12 May 2005,2005,exact date,Protests,Peaceful protest,Protesters (Nigeria),MASSOB: Movement for the Actualization of a Sovereign State of Biafra,protesters,,,0,sole protester action,Western Africa,Nigeria,Anambra,Onitsha North,,Onitsha,6.1454,6.7884998,high,All Africa,Regional,MASSOB organizes protest,0,1552577643,NGA,Protests,Peaceful protest
4983369,566,NIG1538,1538,12 May 2005,2005,exact date,Protests,Peaceful protest,Protesters (Nigeria),MASSOB: Movement for the Actualization of a Sovereign State of Biafra,protesters,,,0,sole protester action,Western Africa,Nigeria,Imo,Owerri-Municipal,,Owerri,5.4833002,7.0303998,high,All Africa,Regional,MASSOB organizes protest,0,1552577643,NGA,Protests,Peaceful protest
4983367,566,NIG1535,1535,12 May 2005,2005,exact date,Battles,Armed clash,Police Forces of Nigeria (1999-2015),,state forces,MASSOB: Movement for the Actualization of a Sovereign State of Biafra,,rebel groups,military vs rebels,Western Africa,Nigeria,Anambra,Onitsha North,,Onitsha,6.1454,6.7884998,high,Agence France Presse,International,Police and MASSOB battle during two days,0,1552577643,NGA,Battles,Armed clash
4983373,566,NIG1539,1539,12 May 2005,2005,exact date,Protests,Excessive force against protesters,Police Forces of Nigeria (1999-2015),,state forces,Protesters (Nigeria),MASSOB: Movement for the Actualization of a Sovereign State of Biafra,protesters,military vs protesters,Western Africa,Nigeria,Imo,Owerri-Municipal,,Owerri,5.4833002,7.0303998,high,All Africa,Regional,Violence by police against bystanders during MASSOB protest,0,1552577643,NGA,Protests,Excessive force against protesters
4983375,566,NIG1534,1534,11 May 2005,2005,exact date,Battles,Armed clash,ANPP: All Nigeria Peoples Party,,political militias,PDP: Peoples Democratic Party,,political militias,political militia vs political militia,Western Africa,Nigeria,Kano,Shanono,,Shanono,12.0497,7.994,high,Agence France Presse,International,Clashes between rival parties before council election,0,1552577643,NGA,Battles,Armed clash
4983386,566,NIG1533,1533,10 May 2005,2005,exact date,Protests,Peaceful protest,Protesters (Nigeria),,protesters,,,0,sole protester action,Western Africa,Nigeria,Delta,Warri South,,Warri,5.5166998,5.75,high,Reuters News,International,Protest over unpaid wages at Ispat Steel Company,0,1552577643,NGA,Protests,Peaceful protest
4983435,566,NIG1532,1532,04 May 2005,2005,exact date,Violence against civilians,Attack,Unidentified Armed Group (Nigeria),,political militias,Civilians (Nigeria),,civilians,political militia vs civilians,Western Africa,Nigeria,Edo,Oredo,,Benin City,6.3351002,5.6275001,high,Agence France Presse,International,Violent gang shoots three students,3,1552577643,NGA,Violence against civilians,Attack
5170669,566,NIG1530,1530,02 May 2005,2005,exact date,Violence against civilians,Attack,Ukele Ethnic Militia (Nigeria),,identity militias,Civilians (Nigeria),,civilians,communal militia vs civilians,Western Africa,Nigeria,Adamawa,Demsa,,Bali,9.2934999,11.8078,high,Agence France Presse,International,Cattle nomads from Cameroon invade and destroy farmers crops,0,1557782382,NGA,Violence against civilians,Attack
5170668,566,NIG1529,1529,02 May 2005,2005,exact date,Battles,Armed clash,Unidentified Ethnic Militia (Nigeria),,identity militias,Unidentified Ethnic Militia (Cameroon),,identity militias,communal militia vs communal militia,Western Africa,Nigeria,Adamawa,Demsa,,Bali,9.2934999,11.8078,high,Agence France Presse,International,Nigerian farmers clash with Cameroon cattle rustlers; kill 2,2,1557782382,NGA,Battles,Armed clash
4983454,566,NIG1531,1531,02 May 2005,2005,exact date,Violence against civilians,Attack,Fulani Ethnic Militia (Nigeria),Pastoralists (Nigeria),identity militias,Civilians (Nigeria),,civilians,communal militia vs civilians,Western Africa,Nigeria,Jigawa,Ringim,,Zangon Kanya,12.1758,9.1971998,high,Reuters News,International,Fulani raiders kill villagers,0,1552577643,NGA,Violence against civilians,Attack
4983516,566,NIG1528,1528,23 April 2005,2005,exact date,Violence against civilians,Attack,Unidentified Armed Group (Nigeria),,political militias,Civilians (Nigeria),,civilians,political militia vs civilians,Western Africa,Nigeria,Rivers,Khana,,Gwara,4.6107001,7.4039998,high,This Day (Nigeria),Subnational,Armed youths storm legislators home,0,1552577643,NGA,Violence against civilians,Attack
4983533,566,NIG1527,1527,21 April 2005,2005,exact date,Violence against civilians,Attack,Unidentified Armed Group (Nigeria),,political militias,Civilians (Nigeria),,civilians,political militia vs civilians,Western Africa,Nigeria,Ogun,Ijebu Ode,,Ijebu-Ode,6.8161001,3.9159,high,Panafrican News Agency,Regional,Suspected cult members kill ten students,10,1552577644,NGA,Violence against civilians,Attack
4983538,566,NIG1526,1526,20 April 2005,2005,exact date,Riots,Violent demonstration,Rioters (Nigeria),Sunni Muslim Group (Nigeria),rioters,,,0,sole rioter action,Western Africa,Nigeria,Sokoto,Sokoto North,,Sokoto,13.048,5.2143002,high,Agence France Presse,International,Sunnis block road,0,1552577644,NGA,Riots,Violent demonstration
4983583,566,NIG1525,1525,15 April 2005,2005,within month,Battles,Armed clash,Igbo Ethnic Militia (Nigeria),,identity militias,Ukele Ethnic Militia (Nigeria),,identity militias,communal militia vs communal militia,Western Africa,Nigeria,Ebonyi,Izzi,,Izi,6.5042,8.3994999,medium,Reuters News,International,Ongoing land clashes between rival ethnic groups,0,1552577644,NGA,Battles,Armed clash
4983633,566,NIG1524,1524,10 April 2005,2005,exact date,Protests,Peaceful protest,Protesters (Nigeria),,protesters,,,0,sole protester action,Western Africa,Nigeria,Kogi,Ajaokuta,,Ajaokuta,7.4604998,6.6946998,high,This Day (Nigeria),Subnational,Fired workers protest lack of benefit payments,0,1552577644,NGA,Protests,Peaceful protest
4983637,566,NIG1522,1522,10 April 2005,2005,exact date,Battles,Armed clash,Military Forces of Nigeria (1999-2015),,state forces,Police Forces of Nigeria (1999-2015),,state forces,military vs military,Western Africa,Nigeria,Lagos,Lagos Island,,Lagos,6.4531002,3.3958001,high,Agence France Presse,International,Police and Military clash,0,1552577644,NGA,Battles,Armed clash
4983644,566,NIG1523,1523,10 April 2005,2005,exact date,Violence against civilians,Attack,Military Forces of Nigeria (1999-2015),Police Forces of Nigeria (1999-2015),state forces,Civilians (Nigeria),,civilians,military vs civilians,Western Africa,Nigeria,Lagos,Lagos Island,,Lagos,6.4531002,3.3958001,low,Agence France Presse,International,"Security forces attack civilians in Lagos State, location not known.",0,1552577644,NGA,Violence against civilians,Attack
4983645,566,NIG1521,1521,09 April 2005,2005,exact date,Riots,Mob violence,Police Forces of Nigeria (1999-2015),,state forces,Rioters (Nigeria),,rioters,military vs rioters,Western Africa,Nigeria,Taraba,Kurmi,,Giwa,7.1999998,10.7,high,All Africa,Regional,Mob burns police station,0,1552577644,NGA,Riots,Mob violence
4983652,566,NIG1520,1520,08 April 2005,2005,exact date,Violence against civilians,Abduction/forced disappearance,Bakassi Boys Militia,,political militias,Civilians (Nigeria),,civilians,political militia vs civilians,Western Africa,Nigeria,Abia,Aba South,,Aba,5.1065998,7.3667002,high,Vanguard (Nigeria),National,Bakassi Boys illegally detain civilians,0,1552577644,NGA,Violence against civilians,Abduction/forced disappearance
4983663,566,NIG1519,1519,08 April 2005,2005,exact date,Protests,Peaceful protest,Protesters (Nigeria),,protesters,,,0,sole protester action,Western Africa,Nigeria,Edo,Oredo,,Benin City,6.3351002,5.6275001,high,Vanguard (Nigeria),National,Workers protest to demand payment,0,1552577644,NGA,Protests,Peaceful protest
4983684,566,NIG1518,1518,06 April 2005,2005,exact date,Protests,Peaceful protest,Protesters (Nigeria),,protesters,,,0,sole protester action,Western Africa,Nigeria,Edo,Oredo,,Benin City,6.3351002,5.6275001,high,Vanguard (Nigeria),National,Commercial motorcyclists protest death of colleague,0,1552577644,NGA,Protests,Peaceful protest
4983702,566,NIG1517,1517,04 April 2005,2005,exact date,Battles,Armed clash,Unidentified Armed Group (Nigeria),,political militias,Unidentified Armed Group (Nigeria),,political militias,political militia vs political militia,Western Africa,Nigeria,Lagos,Lagos Island,,Lagos,6.4531002,3.3958001,high,This Day (Nigeria),Subnational,Fighting between rival street gangs kills two,2,1552577644,NGA,Battles,Armed clash
4983723,566,NIG1514,1514,02 April 2005,2005,exact date,Violence against civilians,Attack,Unidentified Communal Militia (Nigeria),Farmers (Nigeria),identity militias,Civilians (Nigeria),Fulani Ethnic Group (Nigeria),civilians,communal militia vs civilians,Western Africa,Nigeria,Jigawa,Ringim,,Zangon Kanya,12.1758,9.1971998,high,Reuters News,International,Farmers attack nomadic herdsmen,0,1552577644,NGA,Violence against civilians,Attack
4983733,566,NIG1515,1515,02 April 2005,2005,exact date,Violence against civilians,Attack,Unidentified Armed Group (Nigeria),,political militias,Civilians (Nigeria),,civilians,political militia vs civilians,Western Africa,Nigeria,Bayelsa,Brass,,Odioma,4.3291001,6.4308,high,This Day (Nigeria),Subnational,Gunmen kill civilians in Odioma in suspected land dispute,0,1552577644,NGA,Violence against civilians,Attack
4983732,566,NIG1516,1516,02 April 2005,2005,exact date,Protests,Excessive force against protesters,Military Forces of Nigeria (1999-2015),,state forces,Protesters (Nigeria),,protesters,military vs protesters,Western Africa,Nigeria,Delta,Warri South West,,Escravos,5.5801001,5.1792002,high,Amnesty International,Other,Soldiers shoot protesters at Chevrons Escravos oil terminal,0,1552577644,NGA,Protests,Excessive force against protesters
4983773,566,NIG1513,1513,30 March 2005,2005,exact date,Battles,Armed clash,Military Forces of Nigeria (1999-2015),,state forces,Police Forces of Nigeria (1999-2015),,state forces,military vs military,Western Africa,Nigeria,Edo,Oredo,,Benin City,6.3351002,5.6275001,high,All Africa,Regional,Police and soldiers clash in Benin,0,1552577644,NGA,Battles,Armed clash
5183384,566,NIG1512,1512,23 March 2005,2005,exact date,Battles,Armed clash,Unidentified Armed Group (Nigeria),,political militias,Police Forces of Nigeria (1999-2015),,state forces,military vs political militia,Western Africa,Nigeria,Adamawa,Fufore,,Ngurore,8.9666996,12.6167,medium,Xinhua News,International,Armed bandits attack police checkpoint,0,1558387849,NGA,Battles,Armed clash
4983900,566,NIG1511,1511,15 March 2005,2005,within month,Violence against civilians,Attack,Unidentified Armed Group (Nigeria),,political militias,Civilians (Nigeria),,civilians,political militia vs civilians,Western Africa,Nigeria,Osun,Ejigbo,,Isoko,7.9166999,4.2832999,high,All Africa,Regional,Armed youths attack villagers perceived to support ruling monarch,0,1552577644,NGA,Violence against civilians,Attack
4983920,566,NIG1510,1510,13 March 2005,2005,exact date,Riots,Mob violence,Police Forces of Nigeria (1999-2015),,state forces,Rioters (Nigeria),,rioters,military vs rioters,Western Africa,Nigeria,Nasarawa,Lafia,,Lafia,8.4833002,8.5166998,high,Xinhua News,International,Nigerian police battle prison rioters,0,1552577644,NGA,Riots,Mob violence
4983933,566,NIG1509,1509,12 March 2005,2005,exact date,Violence against civilians,Attack,Unidentified Armed Group (Nigeria),,political militias,Civilians (Nigeria),,civilians,political militia vs civilians,Western Africa,Nigeria,Plateau,Jos East,,Angware,9.9911003,9.1080999,medium,All Africa,Regional,Assassination attempt against (PDP) Peoples Democratic Party chairman in Plateau State,0,1552577644,NGA,Violence against civilians,Attack
5131620,566,NIG1508,1508,08 March 2005,2005,exact date,Protests,Peaceful protest,Protesters (Nigeria),,protesters,,,0,sole protester action,Western Africa,Nigeria,Delta,Ethiope East,,Abraka,5.7902002,6.1047001,high,Dow Jones International News,International,Students protest recent activity by cult gangs and vigilante groups leading to death of one student,0,1555958740,NGA,Protests,Peaceful protest
4983972,566,NIG1506,1506,06 March 2005,2005,exact date,Riots,Violent demonstration,Rioters (Nigeria),Sunni Muslim Militia (Nigeria),rioters,,,0,sole rioter action,Western Africa,Nigeria,Sokoto,Sokoto North,,Sokoto,13.048,5.2143002,high,Associated Press,International,Sunni Muslims burn local government headquarters to protest arrest of one of their leaders,0,1552577644,NGA,Riots,Violent demonstration
4983971,566,NIG1507,1507,06 March 2005,2005,within week,Battles,Armed clash,Viking 22 Student Militia,,political militias,Black Axe Student Militia,,political militias,political militia vs political militia,Western Africa,Nigeria,Edo,Etsako West,,Auchi,7.0667,6.2666998,high,This Day (Nigeria),Subnational,Renewed cult clashes kill five persons; no breakdown of death toll,5,1552577644,NGA,Battles,Armed clash
4983995,566,NIG1505,1505,04 March 2005,2005,exact date,Battles,Armed clash,AD: Alliance for Democracy,,political militias,PDP: Peoples Democratic Party,,political militias,political militia vs political militia,Western Africa,Nigeria,Kogi,Lokoja,,Lokoja,7.8024001,6.743,medium,All Africa,Regional,Three killed in election violence between rival parties,3,1552577644,NGA,Battles,Armed clash
4984002,566,NIG1504,1504,03 March 2005,2005,exact date,Protests,Peaceful protest,Protesters (International),,protesters,,,0,sole protester action,Western Africa,Nigeria,Lagos,Lagos Island,,Lagos,6.4531002,3.3958001,high,Xinhua News,International,Togolese stage protest at embassy in Lagos,0,1552577644,NGA,Protests,Peaceful protest
4983996,566,NIG1503,1503,03 March 2005,2005,exact date,Riots,Violent demonstration,Police Forces of Nigeria (1999-2015),,state forces,Rioters (Nigeria),,rioters,military vs rioters,Western Africa,Nigeria,Benue,Makurdi,,Makurdi,7.7410998,8.5121002,high,Associated Press,International,Riots following police killing of bus driver,0,1552577644,NGA,Riots,Violent demonstration
4984048,566,NIG1502,1502,23 February 2005,2005,exact date,Protests,Peaceful protest,Protesters (Nigeria),,protesters,,,0,sole protester action,Western Africa,Nigeria,Rivers,Port-Harcourt,,Port Harcourt,4.7774,7.0134001,high,Platts Commodity News,Other,Villagers storm Port Harcourt to protest killings by security forces,0,1552577644,NGA,Protests,Peaceful protest
4984042,566,NIG1501,1501,23 February 2005,2005,exact date,Battles,Armed clash,NURTW: National Union of Road Transport Workers,,political militias,Area Boys Militia,,political militias,political militia vs political militia,Western Africa,Nigeria,Lagos,Ikorodu,,Ebute Ikorodu,6.6009002,3.4881999,high,All Africa,Regional,Clash between Area Boys and NURTW; one killed,1,1552577644,NGA,Battles,Armed clash
4984049,566,NIG1500,1500,23 February 2005,2005,exact date,Battles,Armed clash,Sunni Muslim Militia (Nigeria),,identity militias,Shiite Muslim Militia (Nigeria),,identity militias,communal militia vs communal militia,Western Africa,Nigeria,Sokoto,Sokoto North,,Sokoto,13.048,5.2143002,high,Associated Press,International,Three dead in clashes between Sunni and Shiite groups,3,1552577644,NGA,Battles,Armed clash
4984056,566,NIG1498,1498,22 February 2005,2005,exact date,Protests,Peaceful protest,Protesters (International),,protesters,,,0,sole protester action,Western Africa,Nigeria,Lagos,Lagos Island,,Lagos,6.4531002,3.3958001,high,Agence France Presse,International,Lebanese in Nigeria stage protest against Syria,0,1552577644,NGA,Protests,Peaceful protest
4984063,566,NIG1499,1499,22 February 2005,2005,exact date,Battles,Armed clash,Unidentified Armed Group (Nigeria),,political militias,Unidentified Armed Group (Nigeria),,political militias,political militia vs political militia,Western Africa,Nigeria,Delta,Warri South West,,Ogbe-Ijoh,5.4832001,5.7346001,medium,All Africa,Regional,Rival gangs clash in Warri,0,1552577644,NGA,Battles,Armed clash
4984068,566,NIG1497,1497,21 February 2005,2005,exact date,Battles,Armed clash,Fulani Ethnic Militia (Nigeria),Pastoralists (Nigeria),identity militias,Unidentified Ethnic Militia (Nigeria),,identity militias,communal militia vs communal militia,Western Africa,Nigeria,Jigawa,Taura,,Taura,12.2272,9.2805996,high,Reuters News,International,Clashes between Fulani herdsmen and local farmers,0,1552577644,NGA,Battles,Armed clash
4984079,566,NIG1496,1496,19 February 2005,2005,exact date,Violence against civilians,Attack,Military Forces of Nigeria (1999-2015),,state forces,Civilians (Nigeria),,civilians,military vs civilians,Western Africa,Nigeria,Bayelsa,Brass,,Odioma,4.3291001,6.4308,high,Amnesty International,Other,Soldiers raid town looking for armed group; kill civilians,0,1552577644,NGA,Violence against civilians,Attack
4984121,566,NIG1495,1495,15 February 2005,2005,exact date,Battles,Armed clash,OPC: Oodua Peoples Congress,,political militias,Mutiny of OPC: Oodua Peoples Congress,,political militias,political militia vs political militia,Western Africa,Nigeria,Lagos,Mushin,,Mushin,6.5263,3.3571,high,Xinhua News,International,Clash between OPC factions,0,1552577644,NGA,Battles,Armed clash
4984137,566,NIG1494,1494,14 February 2005,2005,exact date,Battles,Armed clash,OPC: Oodua Peoples Congress,,political militias,Mutiny of OPC: Oodua Peoples Congress,,political militias,political militia vs political militia,Western Africa,Nigeria,Lagos,Mushin,,Mushin,6.5263,3.3571,high,Xinhua News,International,Clash between OPC factions,0,1552577644,NGA,Battles,Armed clash
4984142,566,NIG1493,1493,13 February 2005,2005,exact date,Battles,Armed clash,OPC: Oodua Peoples Congress,,political militias,Mutiny of OPC: Oodua Peoples Congress,,political militias,political militia vs political militia,Western Africa,Nigeria,Lagos,Mushin,,Mushin,6.5263,3.3571,high,Xinhua News,International,Clash between OPC factions,0,1552577644,NGA,Battles,Armed clash
5170667,566,NIG1492,1492,07 February 2005,2005,exact date,Battles,Armed clash,ANPP: All Nigeria Peoples Party,,political militias,PDP: Peoples Democratic Party,,political militias,political militia vs political militia,Western Africa,Nigeria,Adamawa,Gombi,,Gombi,10.1614,12.7399,high,Agence France Presse,International,Two killed in clashes between ANPP and PDP,2,1557782382,NGA,Battles,Armed clash
4984216,566,NIG1490,1490,06 February 2005,2005,exact date,Violence against civilians,Attack,Sunni Muslim Militia (Nigeria),,identity militias,Civilians (Nigeria),,civilians,communal militia vs civilians,Western Africa,Nigeria,Sokoto,Sokoto North,,Sokoto,13.048,5.2143002,high,Reuters News,International,Sunni militia kills Shiite man at his home in Sokoto,1,1552577644,NGA,Violence against civilians,Attack
4984215,566,NIG1491,1491,06 February 2005,2005,exact date,Battles,Armed clash,Military Forces of Nigeria (1999-2015),,state forces,NURTW: National Union of Road Transport Workers,,political militias,military vs political militia,Western Africa,Nigeria,Lagos,Apapa,,Ijora,6.4612999,3.3696001,high,All Africa,Regional,Clash between NURTW and military,0,1552577644,NGA,Battles,Armed clash
4984218,566,NIG1489,1489,05 February 2005,2005,exact date,Protests,Excessive force against protesters,Police Forces of Nigeria (1999-2015),,state forces,Protesters (Nigeria),,protesters,military vs protesters,Western Africa,Nigeria,Kebbi,Ngaski,,Bin Yauri,10.7823,4.8113999,high,Agence France Presse,International,Nigerian police shoot and kill at least two protesters after protesters accuse police of protecting robbers,2,1552577644,NGA,Protests,Excessive force against protesters
4984224,566,NIG1488,1488,04 February 2005,2005,exact date,Battles,Armed clash,Police Forces of Nigeria (1999-2015),,state forces,Unidentified Armed Group (Nigeria),,political militias,military vs political militia,Western Africa,Nigeria,Federal Capital Territory,Abuja Municipal,,Wuse,9.0705996,7.4675002,high,All Africa,Regional,Assassins kill police in attempt on life of Kogi State governor,1,1552577644,NGA,Battles,Armed clash
4984238,566,NIG1486,1486,03 February 2005,2005,exact date,Riots,Mob violence,Rioters (Nigeria),,rioters,Rioters (Nigeria),Labour Group (Nigeria),rioters,rioters vs rioters,Western Africa,Nigeria,Oyo,Atiba,,Ofe,8.1332998,3.9166999,medium,Agence France Presse,International,Villagers storm mining area and clash with miners; deaths on both sides,0,1552577644,NGA,Riots,Mob violence
4984239,566,NIG1487,1487,03 February 2005,2005,exact date,Violence against civilians,Attack,Police Forces of Nigeria (1999-2015),,state forces,Civilians (Nigeria),,civilians,military vs civilians,Western Africa,Nigeria,Benue,Makurdi,,Makurdi,7.7410998,8.5121002,high,Associated Press,International,Police shoots bus driver who had refused to pay a bribe,1,1552577644,NGA,Violence against civilians,Attack
4984304,566,NIG1485,1485,25 January 2005,2005,exact date,Protests,Peaceful protest,Protesters (Nigeria),,protesters,,,0,sole protester action,Western Africa,Nigeria,Abia,Ukwa West,,Imo River,4.8846002,7.1736002,medium,Agence France Presse,International,Protesters force closure of flow stations in Abia State,0,1552577644,NGA,Protests,Peaceful protest
4984345,566,NIG1484,1484,20 January 2005,2005,exact date,Battles,Armed clash,NURTW: National Union of Road Transport Workers,,political militias,NURTW: National Union of Road Transport Workers,,political militias,political militia vs political militia,Western Africa,Nigeria,Oyo,Ibadan North West,,Ibadan,7.3878002,3.8964,high,All Africa,Regional,Rival factions of NURTW clash in Ibadan,0,1552577644,NGA,Battles,Armed clash
4984364,566,NIG1483,1483,19 January 2005,2005,exact date,Riots,Violent demonstration,Rioters (Nigeria),,rioters,,,0,sole rioter action,Western Africa,Nigeria,Lagos,Lagos Island,,Lagos,6.4531002,3.3958001,high,All Africa,Regional,Students riot upon hearing plans to privatize residence halls,0,1552577644,NGA,Riots,Violent demonstration
4984380,566,NIG1482,1482,18 January 2005,2005,exact date,Riots,Violent demonstration,Rioters (Nigeria),,rioters,,,0,sole rioter action,Western Africa,Nigeria,Lagos,Lagos Island,,Lagos,6.4531002,3.3958001,high,All Africa,Regional,Students riot upon hearing plans to privatize residence halls,0,1552577644,NGA,Riots,Violent demonstration
4984406,566,NIG1481,1481,13 January 2005,2005,exact date,Violence against civilians,Attack,Police Forces of Nigeria (1999-2015),,state forces,Civilians (Nigeria),,civilians,military vs civilians,Western Africa,Nigeria,Edo,Esan North East,,Uromi,6.6999998,6.3333001,high,Associated Press,International,Police kills civilians who refused to pay a bribe,0,1552577644,NGA,Violence against civilians,Attack
4984412,566,NIG1480,1480,13 January 2005,2005,exact date,Riots,Mob violence,Rioters (Nigeria),,rioters,Police Forces of Nigeria (1999-2015),,state forces,military vs rioters,Western Africa,Nigeria,Edo,Esan North East,,Uromi,6.6999998,6.3333001,high,Associated Press,International,Riots target police following police killing of a civilian,0,1552577644,NGA,Riots,Mob violence
4984433,566,NIG1478,1478,11 January 2005,2005,within month,Strategic developments,Non-violent transfer of territory,AHOI: Amabolu High Operational Integrity,,political militias,,,0,sole political militia action,Western Africa,Nigeria,Bayelsa,Ekeremor,,Amabilou,4.8969998,5.6858001,high,Agence France Presse,International,"AHOI rebel group overtakes village drives away residents""",0,1552577644,NGA,Strategic developments,Non-violent transfer of territory
4984435,566,NIG1479,1479,11 January 2005,2005,exact date,Violence against civilians,Attack,Unidentified Armed Group (Nigeria),,political militias,Civilians (Nigeria),Labour Group (Nigeria),civilians,political militia vs civilians,Western Africa,Nigeria,Delta,Ughelli North,,Ughelli,5.4899001,6.0074,high,Vanguard (Nigeria),National,Youths raid oil company,0,1552577644,NGA,Violence against civilians,Attack
4984447,566,NIG1474,1474,09 January 2005,2005,exact date,Protests,Peaceful protest,Protesters (Nigeria),,protesters,,,0,sole protester action,Western Africa,Nigeria,Ogun,Abeokuta South,,Abeokuta,7.1500001,3.3499999,high,Agence France Presse,International,Retired members of military protest lack of pension payments,0,1552577644,NGA,Protests,Peaceful protest
4984448,566,NIG1475,1475,09 January 2005,2005,exact date,Protests,Peaceful protest,Protesters (Nigeria),,protesters,,,0,sole protester action,Western Africa,Nigeria,Lagos,Lagos Island,,Lagos,6.4531002,3.3958001,high,Agence France Presse,International,Retired members of military protest lack of pension payments,0,1552577644,NGA,Protests,Peaceful protest
4984449,566,NIG1476,1476,09 January 2005,2005,exact date,Protests,Peaceful protest,Protesters (Nigeria),,protesters,,,0,sole protester action,Western Africa,Nigeria,Imo,Ohaji/Egbema,,Ukwugba,5.5537,6.7547998,high,Agence France Presse,International,Angry mob seizes Shell logistics base in protest,0,1552577644,NGA,Protests,Peaceful protest
4984454,566,NIG1477,1477,09 January 2005,2005,exact date,Violence against civilians,Attack,OPC: Oodua Peoples Congress,,political militias,Civilians (Nigeria),,civilians,political militia vs civilians,Western Africa,Nigeria,Lagos,Ikorodu,,Ikorodu,6.6155,3.5086999,high,All Africa,Regional,OPC attacks chairman of National Population Commissions convoy,0,1552577644,NGA,Violence against civilians,Attack
4984487,566,NIG1473,1473,04 January 2005,2005,within week,Violence against civilians,Attack,Military Forces of Nigeria (1999-2015),,state forces,Civilians (Nigeria),,civilians,military vs civilians,Western Africa,Nigeria,Delta,Warri South,,Warri,5.5166998,5.75,high,Vanguard (Nigeria),National,Military raids village,0,1552577645,NGA,Violence against civilians,Attack
4984508,566,NIG1472,1472,01 January 2005,2005,exact date,Battles,Armed clash,Police Forces of Nigeria (1999-2015),,state forces,Unidentified Armed Group (Nigeria),,political militias,military vs political militia,Western Africa,Nigeria,Edo,Oredo,,Benin City,6.3351002,5.6275001,high,Xinhua News,International,Gunmen ambush and kill police officer in Benin City,1,1552577645,NGA,Battles,Armed clash
