data_id,iso,event_id_cnty,event_id_no_cnty,event_date,year,time_precision,event_type,sub_event_type,actor1,assoc_actor_1,inter1,actor2,assoc_actor_2,inter2,interaction,region,country,admin1,admin2,admin3,location,latitude,longitude,geo_precision,source,source_scale,notes,fatalities,timestamp,iso3,event_code,subevent_code
4987681,566,NIG1186,1186,31 December 2003,2003,exact date,Battles,Armed clash,Police Forces of Nigeria (1999-2015),,state forces,Al-Sunna wal Jamma Militia,,political militias,military vs political militia,Western Africa,Nigeria,Yobe,Geidam,,Geidam,12.897,11.9304,high,Associated Press,International,Islamic radical group attacks police stations,0,1552577648,NGA,Battles,Armed clash
5183392,566,NIG1185,1185,31 December 2003,2003,exact date,Battles,Armed clash,Police Forces of Nigeria (1999-2015),,state forces,Al-Sunna wal Jamma Militia,,political militias,military vs political militia,Western Africa,Nigeria,Yobe,Damaturu,,Damaturu,11.747,11.9608,high,Associated Press,International,"In successive days of violence between an Islamist militia and police forces, fighting surged on New Years Eve, when Nigerias government sent riot police reinforcements from outside Yobe state. As some civilians fled, one band of Al Sunna Wal Jamma fighters retreated to Damaturu, where they looted and burned a police station and a local government office.",0,1558387849,NGA,Battles,Armed clash
4987692,566,NIG1184,1184,30 December 2003,2003,exact date,Battles,Armed clash,Police Forces of Nigeria (1999-2015),,state forces,Al-Sunna wal Jamma Militia,,political militias,military vs political militia,Western Africa,Nigeria,Yobe,Geidam,,Geidam,12.897,11.9304,high,Associated Press,International,Islamic radical group attacks police stations,0,1552577648,NGA,Battles,Armed clash
5145375,566,NIG1183,1183,29 December 2003,2003,exact date,Strategic developments,Headquarters or base established,Al-Sunna wal Jamma Militia,,political militias,,,0,sole political militia action,Western Africa,Nigeria,Yobe,Geidam,,Geidam,12.897,11.9304,high,Associated Press International,International,"Members of a militant Islamist sect who attacked police stations in Kanama and Geidam have retreated to a primary school in Geidam, to establish a base, raising flags bearing the word ""Afghanistan.""",0,1556572281,NGA,Strategic developments,Headquarters or base established
4987712,566,NIG1182,1182,29 December 2003,2003,exact date,Battles,Armed clash,Al-Sunna wal Jamma Militia,,political militias,Police Forces of Nigeria (1999-2015),,state forces,military vs political militia,Western Africa,Nigeria,Yobe,Yunusari,,Kanama,13.0886,12.1056,high,Agence France Presse,International,"Some 200 members of an Islamic group mobbed a police station in northern Nigerias Yobe State, killing one police officer; The incident occurred in Kanamma, some 240 kilometres (150 miles) north of the state capital Damaturu. The Mahairun sect, which came to the state from nearby Borno State three months ago, attacked another police station in Geidam where arms and ammunition were also taken away",1,1552577648,NGA,Battles,Armed clash
4987703,566,NIG1181,1181,29 December 2003,2003,exact date,Battles,Armed clash,Al-Sunna wal Jamma Militia,,political militias,Police Forces of Nigeria (1999-2015),,state forces,military vs political militia,Western Africa,Nigeria,Yobe,Geidam,,Geidam,12.897,11.9304,high,Agence France Presse,International,"Some 200 members of an Islamic group mobbed a police station in northern Nigerias Yobe State, killing one police officer; The incident occurred in Kanamma, some 240 kilometres (150 miles) north of the state capital Damaturu. The Mahairun sect, which came to the state from nearby Borno State three months ago, attacked another police station in Geidam where arms and ammunition were also taken away",0,1552577648,NGA,Battles,Armed clash
4987732,566,NIG1179,1179,24 December 2003,2003,exact date,Battles,Armed clash,Al-Sunna wal Jamma Militia,,political militias,Police Forces of Nigeria (1999-2015),Government of Nigeria (1999-2015),state forces,military vs political militia,Western Africa,Nigeria,Yobe,Geidam,,Geidam,12.897,11.9304,high,Friedrich Ebert Stiftung,International,An islamic group attacks police stations and public buildings in Geidam and Kanama in Yobe state.,0,1552577648,NGA,Battles,Armed clash
4987731,566,NIG1180,1180,24 December 2003,2003,exact date,Battles,Armed clash,Al-Sunna wal Jamma Militia,,political militias,Police Forces of Nigeria (1999-2015),Government of Nigeria (1999-2015),state forces,military vs political militia,Western Africa,Nigeria,Yobe,Yunusari,,Kanama,13.0886,12.1056,high,Friedrich Ebert Stiftung,International,An islamic group attacks police stations and public buildings in Geidam and Kanama in Yobe state.,0,1552577648,NGA,Battles,Armed clash
4987735,566,NIG1178,1178,23 December 2003,2003,exact date,Battles,Armed clash,Unidentified Armed Group (Nigeria),,political militias,Military Forces of Nigeria (1999-2015),,state forces,military vs political militia,Western Africa,Nigeria,Delta,Sapele,,Sapele,5.8941002,5.6767001,high,Panafrican News Agency,Regional,A clash between an armed group and the Nigerian Navy leaves 5 dead at an oil depot.,5,1552577648,NGA,Battles,Armed clash
4987751,566,NIG1177,1177,19 December 2003,2003,exact date,Violence against civilians,Attack,Itsekiri Ethnic Militia (Nigeria),,identity militias,Civilians (Nigeria),,civilians,communal militia vs civilians,Western Africa,Nigeria,Delta,Warri South,,Warri,5.5166998,5.75,high,Agence France Presse,International,A small group of Itsekiri men attack a boat carrying an Ijaw man and kill him.,1,1552577648,NGA,Violence against civilians,Attack
4987816,566,NIG1176,1176,08 December 2003,2003,exact date,Battles,Armed clash,Itsekiri Ethnic Militia (Nigeria),,identity militias,Ijaw Ethnic Militia (Nigeria),,identity militias,communal militia vs communal militia,Western Africa,Nigeria,Delta,Warri South,,Warri,5.5166998,5.75,high,All Africa,Regional,Itsekiri youths launch an attack on a Warri Ijaw community over oil rich land. Five are presumed dead.,5,1552577648,NGA,Battles,Armed clash
4987848,566,NIG1174,1174,04 December 2003,2003,exact date,Violence against civilians,Attack,Unidentified Armed Group (Nigeria),,political militias,Civilians (Nigeria),,civilians,political militia vs civilians,Western Africa,Nigeria,Bayelsa,Sagbama,,Niger Delta,4.8333001,6,medium,Associated Press Newswires,International,Gunmen kill at least 24 in an attack on civilians on the heels of election in the area.,24,1552577648,NGA,Violence against civilians,Attack
4987849,566,NIG1175,1175,04 December 2003,2003,exact date,Battles,Armed clash,PDP: Peoples Democratic Party,,political militias,ANPP: All Nigeria Peoples Party,,political militias,political militia vs political militia,Western Africa,Nigeria,Delta,Patani,,Patani,5.2272,6.1924,high,Xinhua News,International,Political violence erupts in Patani,0,1552577648,NGA,Battles,Armed clash
4987870,566,NIG1173,1173,03 December 2003,2003,exact date,Violence against civilians,Attack,Unidentified Armed Group (Nigeria),,political militias,Civilians (Nigeria),,civilians,political militia vs civilians,Western Africa,Nigeria,Plateau,Pankshin,,Kanam,9.0500002,9.4167004,high,Reuters News,International,At least 30 villagers of the Kanan district of Plateau State were killed by unknown people who invaded the village.,30,1552577648,NGA,Violence against civilians,Attack
4987859,566,NIG1172,1172,03 December 2003,2003,exact date,Battles,Armed clash,ANPP: All Nigeria Peoples Party,,political militias,PDP: Peoples Democratic Party,,political militias,political militia vs political militia,Western Africa,Nigeria,Kebbi,Birnin Kebbi,,Birnin Kebbi,12.4539,4.1975002,high,Agence France Presse,International,Two are injured,0,1552577648,NGA,Battles,Armed clash
4987874,566,NIG1171,1171,02 December 2003,2003,exact date,Battles,Armed clash,Amadi Ama-Okrika Communal Militia (Nigeria),Unidentified Ethnic Militia (Nigeria),identity militias,Obgunabali-Ikwewe Ethnic Militia (Nigeria),Ogbunabali-Ikwewe Ethnic Militia (Nigeria),identity militias,communal militia vs communal militia,Western Africa,Nigeria,Federal Capital Territory,Abuja Municipal,,Abuja,9.0832996,7.5332999,low,Nigerian National News,National,Communal clash reported; location not confirmed.,0,1552577648,NGA,Battles,Armed clash
4987881,566,NIG1170,1170,01 December 2003,2003,exact date,Battles,Armed clash,Police Forces of Nigeria (1999-2015),,state forces,Unidentified Armed Group (Nigeria),,political militias,military vs political militia,Western Africa,Nigeria,Oyo,Ibarapa Central,,Arigbajo,7.4333,3.2667,high,All Africa,Regional,Ogun State police and armed men exchanged fire,0,1552577648,NGA,Battles,Armed clash
4987892,566,NIG1169,1169,30 November 2003,2003,exact date,Violence against civilians,Attack,Unidentified Armed Group (Nigeria),,political militias,Civilians (Nigeria),,civilians,political militia vs civilians,Western Africa,Nigeria,Lagos,Lagos Island,,Lagos,6.4531002,3.3958001,high,All Africa,Regional,Gunmen shot dead an employee of the Public Affairs Section of the US Consulate General in Lagos,1,1552577648,NGA,Violence against civilians,Attack
4987928,566,NIG1168,1168,26 November 2003,2003,exact date,Battles,Armed clash,Military Forces of Nigeria (1999-2015),,state forces,Unidentified Armed Group (Nigeria),,political militias,military vs political militia,Western Africa,Nigeria,Bayelsa,Sagbama,,Niger Delta,4.8333001,6,medium,Africa Research Bulletin,Regional,The Nigerian Navy rescues a total of 18 oil workers,0,1552577648,NGA,Battles,Armed clash
4987946,566,NIG1167,1167,25 November 2003,2003,exact date,Violence against civilians,Attack,Deebam Militia,,political militias,Civilians (Nigeria),,civilians,political militia vs civilians,Western Africa,Nigeria,Rivers,Port-Harcourt,,Port Harcourt,4.7774,7.0134001,high,Agence France Presse,International,At least seven people have been killed in clashes between two rival street gangs in the southern Nigerian oil city of Port Harcourt.,7,1552577648,NGA,Violence against civilians,Attack
4987994,566,NIG1166,1166,20 November 2003,2003,exact date,Violence against civilians,Attack,Muslim Militia (Nigeria),,identity militias,Civilians (Nigeria),Christian Group (Nigeria),civilians,communal militia vs civilians,Western Africa,Nigeria,Kano,Kano Municipal,,Kano,11.9702,8.5044003,high,Reuters News,International,Islamic militants burn 13 homes or churches after they accused a Christian student of blasphemy.,0,1552577648,NGA,Violence against civilians,Attack
4988004,566,NIG1164,1164,19 November 2003,2003,exact date,Riots,Mob violence,Rioters (Nigeria),Muslim Group (Nigeria),rioters,Rioters (Nigeria),Christian Group (Nigeria),rioters,rioters vs rioters,Western Africa,Nigeria,Jigawa,Jahun,,Jahun,12.0741,9.6279001,low,Associated Press Newswires,International,A church was torched and a person killed as Muslim ans Christian students riot at a girls college in Jigawa State.,1,1552577648,NGA,Riots,Mob violence
4987998,566,NIG1165,1165,19 November 2003,2003,exact date,Battles,Armed clash,Unidentified Armed Group (Nigeria),,political militias,Police Forces of Nigeria (1999-2015),,state forces,military vs political militia,Western Africa,Nigeria,Lagos,Oshodi-Isolo,,Mofoluku,6.5549998,3.3333001,high,The Daily Telegraph,National,Seven police were shot by robbers in the Lagos suburb of Mofoluku.,0,1552577648,NGA,Battles,Armed clash
4988057,566,NIG1163,1163,14 November 2003,2003,exact date,Violence against civilians,Attack,Unidentified Armed Group (Nigeria),,political militias,Civilians (Nigeria),,civilians,political militia vs civilians,Western Africa,Nigeria,Zamfara,Gusau,,Gusau,12.1628,6.6613998,high,Xinhua News,International,Armed men kill two civilians in their automobile along the Gusau-Funtua highway outside of the state capital of Zamfara,2,1552577648,NGA,Violence against civilians,Attack
4988117,566,NIG1162,1162,07 November 2003,2003,exact date,Protests,Peaceful protest,Protesters (Nigeria),,protesters,,,0,sole protester action,Western Africa,Nigeria,Kano,Kano Municipal,,Kano,11.9702,8.5044003,high,Agence France Presse,International,Police arrest 26 in Kano who were on the verge of riot as they protested the visit from US President George W. Bush.,0,1552577648,NGA,Protests,Peaceful protest
4988141,566,NIG1161,1161,04 November 2003,2003,exact date,Battles,Armed clash,PDP: Peoples Democratic Party,,political militias,ANPP: All Nigeria Peoples Party,,political militias,political militia vs political militia,Western Africa,Nigeria,Kwara,Ilorin East,,Illorin,8.5,4.5500002,high,Xinhua News,International,Supported of the PDP and the ANPP clash in Ilorin,0,1552577648,NGA,Battles,Armed clash
4988153,566,NIG1160,1160,03 November 2003,2003,exact date,Violence against civilians,Attack,Unidentified Armed Group (Nigeria),,political militias,Civilians (Nigeria),,civilians,political militia vs civilians,Western Africa,Nigeria,Imo,Owerri-Municipal,,Owerri,5.4833002,7.0303998,high,All Africa,Regional,Gunmen attack the Secretary to the Imo State Government,0,1552577648,NGA,Violence against civilians,Attack
4988158,566,NIG1159,1159,03 November 2003,2003,exact date,Violence against civilians,Attack,Unidentified Armed Group (Nigeria),,political militias,Civilians (Nigeria),,civilians,political militia vs civilians,Western Africa,Nigeria,Imo,Owerri-Municipal,,Owerri,5.4833002,7.0303998,high,All Africa,Regional,Gunmen attack the Deputy Governor of Imo State,0,1552577648,NGA,Violence against civilians,Attack
4988166,566,NIG1158,1158,02 November 2003,2003,exact date,Riots,Mob violence,Rioters (Nigeria),Christian Group (Nigeria),rioters,Rioters (Nigeria),Muslim Group (Nigeria),rioters,rioters vs rioters,Western Africa,Nigeria,Borno,Maiduguri,,Maiduguri,11.8464,13.1603,high,Agence France Presse,International,"Rumours of the staging of a beauty pageant provoked rioting on a Nigerian campus between Muslim and Christian students, leaving one dead and dozens injured.",1,1552577648,NGA,Riots,Mob violence
4988188,566,NIG1157,1157,31 October 2003,2003,exact date,Violence against civilians,Attack,Unidentified Armed Group (Nigeria),,political militias,Civilians (Nigeria),Police Forces of Nigeria (1999-2015),civilians,political militia vs civilians,Western Africa,Nigeria,Lagos,Lagos Island,,Lagos,6.4531002,3.3958001,medium,All Africa,Regional,Two police and 8 civilians were shot dead on Lagos Island by armed men of unknown origin.,10,1552577649,NGA,Violence against civilians,Attack
4988208,566,NIG1156,1156,30 October 2003,2003,exact date,Battles,Armed clash,Igbo Ethnic Militia (Nigeria),,identity militias,Yoruba Ethnic Militia (Nigeria),,identity militias,communal militia vs communal militia,Western Africa,Nigeria,Lagos,Lagos Island,,Lagos,6.4531002,3.3958001,high,This Day (Nigeria),Subnational,Five people were critically injured early yesterday when a group of Igbo traders and some Yoruba youths clashed in Ijora area of Lagos.,0,1552577649,NGA,Battles,Armed clash
4988283,566,NIG1154,1154,22 October 2003,2003,exact date,Battles,Armed clash,Ijaw Ethnic Militia (Nigeria),,identity militias,Itsekiri Ethnic Militia (Nigeria),,identity militias,communal militia vs communal militia,Western Africa,Nigeria,Delta,Warri South,,Warri,5.5166998,5.75,high,Associated Press Newswires,International,The communities of Ijaw and Itsekini clash in Warri,0,1552577649,NGA,Battles,Armed clash
4988282,566,NIG1155,1155,22 October 2003,2003,exact date,Battles,Armed clash,Ijaw Ethnic Militia (Nigeria),,identity militias,Urhobo Ethnic Militia (Nigeria),,identity militias,communal militia vs communal militia,Western Africa,Nigeria,Delta,Ughelli South,,Okwagbe,5.3618002,5.7918,high,Reuters News,International,The communities of Ijaw and Urhobo clash in Okwagbe,0,1552577649,NGA,Battles,Armed clash
4988389,566,NIG1153,1153,10 October 2003,2003,exact date,Violence against civilians,Attack,Unidentified Armed Group (Nigeria),,political militias,Civilians (Nigeria),,civilians,political militia vs civilians,Western Africa,Nigeria,Edo,Esan West,,Ekpoma,6.7420998,6.1389999,high,Reuters News,International,A college campus gang kills 5 students at Ambrose Alli University.,5,1552577649,NGA,Violence against civilians,Attack
4988440,566,NIG1152,1152,04 October 2003,2003,exact date,Battles,Armed clash,Unidentified Armed Group (Nigeria),,political militias,Military Forces of Nigeria (1999-2015),,state forces,military vs political militia,Western Africa,Nigeria,Plateau,Wase,,Wase,9.1000004,9.9666996,high,All Africa,Regional,Ten are killed in Plateau State after attacked by armed men. The victims included several civilians and military members.,10,1552577649,NGA,Battles,Armed clash
4988449,566,NIG1151,1151,03 October 2003,2003,exact date,Violence against civilians,Attack,Unidentified Armed Group (Nigeria),,political militias,Civilians (Nigeria),ANPP: All Nigeria Peoples Party,civilians,political militia vs civilians,Western Africa,Nigeria,Kaduna,Kaduna North,,Kaduna,10.5222,7.4383001,high,All Africa,Regional,The ANPPs Presidential Candidate,0,1552577649,NGA,Violence against civilians,Attack
4988461,566,NIG1150,1150,02 October 2003,2003,exact date,Violence against civilians,Attack,Unidentified Armed Group (Nigeria),,political militias,Civilians (Nigeria),ANPP: All Nigeria Peoples Party,civilians,political militia vs civilians,Western Africa,Nigeria,Imo,Owerri-Municipal,,Owerri,5.4833002,7.0303998,high,All Africa,Regional,The opposition candidate of the All Nigeria Peoples Party,0,1552577649,NGA,Violence against civilians,Attack
4988486,566,NIG1149,1149,29 September 2003,2003,exact date,Explosions/Remote violence,Remote explosive/landmine/IED,Police Forces of Nigeria (1999-2015),,state forces,Civilians (Nigeria),,civilians,military vs civilians,Western Africa,Nigeria,Lagos,Lagos Island,,Lagos,6.4531002,3.3958001,high,Agence France Presse,International,A Nigerian policeman was killed in a pipeline explosion near Lagos,1,1552577649,NGA,Explosions/Remote violence,Remote explosive/landmine/IED
4988559,566,NIG1148,1148,16 September 2003,2003,exact date,Violence against civilians,Attack,Military Forces of Nigeria (1999-2015),,state forces,Civilians (Nigeria),,civilians,military vs civilians,Western Africa,Nigeria,Delta,Warri South,,Warri,5.5166998,5.75,high,Xinhua News,International,As a group protests the killing of a boy in Warri,0,1552577649,NGA,Violence against civilians,Attack
4988614,566,NIG1147,1147,08 September 2003,2003,within week,Violence against civilians,Attack,Unidentified Armed Group (Nigeria),,political militias,Civilians (Nigeria),,civilians,political militia vs civilians,Western Africa,Nigeria,Ogun,Shagamu,,Shagamu,6.8432002,3.6478,high,All Africa,Regional,Armed men mounted a road block along the Lagos-Benin Expressway in Ogun State and shot a man known as Peter Pan Okeze.,1,1552577649,NGA,Violence against civilians,Attack
4988622,566,NIG1146,1146,07 September 2003,2003,exact date,Violence against civilians,Attack,Police Forces of Nigeria (1999-2015),,state forces,Civilians (Nigeria),,civilians,military vs civilians,Western Africa,Nigeria,Rivers,Port-Harcourt,,Port Harcourt,4.7774,7.0134001,high,All Africa,Regional,Police track down and kill five armed robbers in Port Harcourt.,5,1552577649,NGA,Violence against civilians,Attack
5170525,566,NIG1145,1145,06 September 2003,2003,exact date,Protests,Peaceful protest,Protesters (Nigeria),,protesters,,,0,sole protester action,Western Africa,Nigeria,Borno,Bama,,Bama,11.5221,13.6856,high,Daily Trust,National,"Youths in Bama protest the damage caused the towns main bridge by heavy and overloaded trucks carrying goods to the neighbouring countries from Maiduguri. Transport of goods and wares between Borno, Cameroon and Chad is halted as a result of the disruption.",0,1557782382,NGA,Protests,Peaceful protest
5170524,566,NIG1144,1144,06 September 2003,2003,exact date,Battles,Armed clash,Muslim Militia (Nigeria),,identity militias,Christian Militia (Nigeria),,identity militias,communal militia vs communal militia,Western Africa,Nigeria,Adamawa,Numan,,Numan,9.4666996,12.0333,high,All Africa,Regional,Muslims and Christians clash in Adamawa State,0,1557782382,NGA,Battles,Armed clash
4988652,566,NIG1143,1143,03 September 2003,2003,exact date,Violence against civilians,Attack,Unidentified Armed Group (Nigeria),,political militias,Civilians (Nigeria),,civilians,political militia vs civilians,Western Africa,Nigeria,Kaduna,Kachia,,Katari,9.6999998,7.4499998,high,Vanguard (Nigeria),National,Gunmen attack a bus on the Abuja-Kaduna Highway and kill 17 passengers.,17,1552577649,NGA,Violence against civilians,Attack
4988685,566,NIG1142,1142,29 August 2003,2003,exact date,Violence against civilians,Attack,Police Forces of Nigeria (1999-2015),,state forces,Civilians (Nigeria),,civilians,military vs civilians,Western Africa,Nigeria,Federal Capital Territory,Abuja Municipal,,Abuja,9.0832996,7.5332999,high,Xinhua News,International,Police kill three armed robbers in Abuja.,3,1552577649,NGA,Violence against civilians,Attack
4988707,566,NIG1141,1141,26 August 2003,2003,exact date,Battles,Armed clash,OPC: Oodua Peoples Congress,,political militias,Mutiny of OPC: Oodua Peoples Congress,,political militias,political militia vs political militia,Western Africa,Nigeria,Lagos,Lagos Island,,Lagos,6.4531002,3.3958001,high,All Africa,Regional,Rival factions of the OPC clash in Lagos,0,1552577649,NGA,Battles,Armed clash
4988732,566,NIG1140,1140,24 August 2003,2003,exact date,Violence against civilians,Attack,Unidentified Armed Group (Nigeria),,political militias,Civilians (Nigeria),,civilians,political militia vs civilians,Western Africa,Nigeria,Enugu,Oji-River,,Oji River Settlement,6.2368002,7.2828002,medium,Agence France Presse,International,A group of armed men attack and kill 10 passengers in a bus near the Oji River in Enugu State.,10,1552577649,NGA,Violence against civilians,Attack
4988739,566,NIG1139,1139,23 August 2003,2003,exact date,Battles,Armed clash,Ijaw Ethnic Militia (Nigeria),,identity militias,Itsekiri Ethnic Militia (Nigeria),,identity militias,communal militia vs communal militia,Western Africa,Nigeria,Bayelsa,Ekeremor,,Ekeremor,5.0556002,5.7800999,high,Agence France Presse,International,Member of the Ijaw community attack Itsekiris in Bayelsa State in an apparent retaliatory strike.,0,1552577649,NGA,Battles,Armed clash
4988745,566,NIG1138,1138,22 August 2003,2003,exact date,Violence against civilians,Attack,Unidentified Armed Group (Nigeria),,political militias,Civilians (Nigeria),,civilians,political militia vs civilians,Western Africa,Nigeria,Borno,Kala/Balge,,Kure,11.8389,14.4433,high,Agence France Presse,International,The convoy of the governor of Borno State was attacked by bandits. An aid to the governor was killed,1,1552577649,NGA,Violence against civilians,Attack
4988765,566,NIG1137,1137,20 August 2003,2003,exact date,Battles,Armed clash,Unidentified Armed Group (Nigeria),,political militias,Police Forces of Nigeria (1999-2015),,state forces,military vs political militia,Western Africa,Nigeria,Delta,Burutu,,Forcados River,5.3862,5.3207998,medium,All Africa,Regional,Four police were killed by suspected pirates along the Forcados River in Bayelsa State.,4,1552577649,NGA,Battles,Armed clash
4988787,566,NIG1136,1136,18 August 2003,2003,exact date,Battles,Armed clash,Ijaw Ethnic Militia (Nigeria),,identity militias,Itsekiri Ethnic Militia (Nigeria),,identity militias,communal militia vs communal militia,Western Africa,Nigeria,Delta,Warri South,,Warri,5.5166998,5.75,high,The Globe and Mail,Regional,Four more killed in ethnic Warri gun battles.,4,1552577649,NGA,Battles,Armed clash
4988789,566,NIG1135,1135,17 August 2003,2003,exact date,Battles,Armed clash,Ijaw Ethnic Militia (Nigeria),,identity militias,Itsekiri Ethnic Militia (Nigeria),,identity militias,communal militia vs communal militia,Western Africa,Nigeria,Delta,Warri South,,Warri,5.5166998,5.75,high,The New York Times,International,Four more killed in Warri when ethnic violence leads to arson.,4,1552577649,NGA,Battles,Armed clash
4988804,566,NIG1134,1134,16 August 2003,2003,exact date,Battles,Armed clash,Ijaw Ethnic Militia (Nigeria),,identity militias,Itsekiri Ethnic Militia (Nigeria),,identity militias,communal militia vs communal militia,Western Africa,Nigeria,Delta,Warri South,,Warri,5.5166998,5.75,high,Dow Jones International News,International,Ijaw and Itsekiri communities renew hostilities in Warri claiming 20 lives.,20,1552577649,NGA,Battles,Armed clash
4988808,566,NIG1133,1133,15 August 2003,2003,exact date,Battles,Armed clash,Military Forces of Nigeria (1999-2015),,state forces,Police Forces of Nigeria (1999-2015),,state forces,military vs military,Western Africa,Nigeria,Federal Capital Territory,Abuja Municipal,,Abuja,9.0832996,7.5332999,high,All Africa,Regional,WO persons were feared killed as pandemonium gripped Abuja following a fierce gun duel between a combined team of soldiers and police officers and some Air Force personnel. The trouble stemmed from a checkpoint dispute.,0,1552577649,NGA,Battles,Armed clash
4988821,566,NIG1132,1132,14 August 2003,2003,exact date,Violence against civilians,Attack,Police Forces of Nigeria (1999-2015),,state forces,Civilians (Nigeria),,civilians,military vs civilians,Western Africa,Nigeria,Anambra,Awka South,,Awka,6.2101002,7.0741,high,All Africa,Regional,Anambra State police have kill two suspected armed robbers in Awka,2,1552577649,NGA,Violence against civilians,Attack
4988961,566,NIG1130,1130,04 August 2003,2003,exact date,Battles,Armed clash,Unidentified Armed Group (Nigeria),,political militias,AD: Alliance for Democracy,,political militias,political militia vs political militia,Western Africa,Nigeria,Lagos,Mushin,,Mushin,6.5263,3.3571,high,All Africa,Regional,Packing weapons,0,1552577649,NGA,Battles,Armed clash
4988962,566,NIG1131,1131,04 August 2003,2003,exact date,Battles,Armed clash,Ijaw Ethnic Militia (Nigeria),,identity militias,Itsekiri Ethnic Militia (Nigeria),,identity militias,communal militia vs communal militia,Western Africa,Nigeria,Delta,Warri South,,Warri,5.5166998,5.75,high,All Africa,Regional,Ijaw and Itsekiri clash in Warri,0,1552577649,NGA,Battles,Armed clash
4988975,566,NIG1129,1129,03 August 2003,2003,exact date,Battles,Armed clash,Fulani Ethnic Militia (Nigeria),Pastoralists (Nigeria),identity militias,Tarok Ethnic Militia (Nigeria),,identity militias,communal militia vs communal militia,Western Africa,Nigeria,Plateau,Bokkos,,Mangar,9.1999998,8.6999998,high,Associated Press Newswires,International,Members of two ethnic groups in Plateau State lost a total of 14 when they clashed over land.,14,1552577649,NGA,Battles,Armed clash
4988985,566,NIG1128,1128,02 August 2003,2003,exact date,Violence against civilians,Attack,ANPP: All Nigeria Peoples Party,,political militias,Civilians (Nigeria),PDP: Peoples Democratic Party,civilians,political militia vs civilians,Western Africa,Nigeria,Gombe,Gombe,,Gombe,10.2897,11.1673,high,This Day (Nigeria),Subnational,Members of the ANPP attack and kill the Minister of State for Mines and Power and governorship candidate,1,1552577649,NGA,Violence against civilians,Attack
4989008,566,NIG1127,1127,31 July 2003,2003,exact date,Riots,Mob violence,Rioters (Nigeria),NURTW: National Union of Road Transport Workers,rioters,Rioters (Nigeria),NURTW: National Union of Road Transport Workers,rioters,rioters vs rioters,Western Africa,Nigeria,Ondo,Ondo West,,Ondo,7.0932002,4.8353,high,All Africa,Regional,Three die and many others injured as sects of opposing viewpoints within the NURTW clash in a violent brawl in Ondo City.,3,1552577650,NGA,Riots,Mob violence
4989024,566,NIG1126,1126,29 July 2003,2003,exact date,Violence against civilians,Attack,Unidentified Armed Group (Nigeria),,political militias,Civilians (Nigeria),,civilians,political militia vs civilians,Western Africa,Nigeria,Delta,Burutu,,Burutu,5.3509002,5.5075998,high,All Africa,Regional,Armed men kill 11 outside Burutu,11,1552577650,NGA,Violence against civilians,Attack
4989040,566,NIG1125,1125,28 July 2003,2003,exact date,Violence against civilians,Attack,Unidentified Armed Group (Nigeria),,political militias,Civilians (Nigeria),Christian Group (Nigeria),civilians,political militia vs civilians,Western Africa,Nigeria,Ebonyi,Ebonyi,,Abakaliki,6.3162999,8.1169004,high,This Day (Nigeria),Subnational,An unidentified group attacks Chrisitans in Abakaliki.,0,1552577650,NGA,Violence against civilians,Attack
4989071,566,NIG1124,1124,25 July 2003,2003,exact date,Battles,Armed clash,Ijaw Ethnic Militia (Nigeria),,identity militias,Itsekiri Ethnic Militia (Nigeria),,identity militias,communal militia vs communal militia,Western Africa,Nigeria,Delta,Warri South,,Warri,5.5166998,5.75,high,Agence France Presse,International,Ijaw and Itsekiri communities clash in Warri.,0,1552577650,NGA,Battles,Armed clash
4989110,566,NIG1123,1123,22 July 2003,2003,exact date,Battles,Armed clash,Ekpedo Ethnic Militia (Nigeria),,identity militias,Ogoni Ethnic Militia (Nigeria),,identity militias,communal militia vs communal militia,Western Africa,Nigeria,Edo,Esan West,,Ekpoma,6.7420998,6.1389999,high,All Africa,Regional,One was killed when fresh violence renews between the Ekpedo and Ogori Communities in Edo State.,1,1552577650,NGA,Battles,Armed clash
4989147,566,NIG1122,1122,19 July 2003,2003,exact date,Violence against civilians,Attack,Police Forces of Nigeria (1999-2015),,state forces,Civilians (Nigeria),ANPP: All Nigeria Peoples Party,civilians,military vs civilians,Western Africa,Nigeria,Bayelsa,Southern Ijaw,,Oporoma,4.8046999,6.0788999,high,Reuters News,International,Police shot and killed six ANPP supporters to an effort to disperse them.,6,1552577650,NGA,Violence against civilians,Attack
4989165,566,NIG1121,1121,17 July 2003,2003,exact date,Protests,Protest with intervention,Protesters (Nigeria),ANPP: All Nigeria Peoples Party,protesters,Police Forces of Nigeria (1999-2015),,state forces,military vs protesters,Western Africa,Nigeria,Bauchi,Bauchi,,Bauchi,10.3134,9.8432999,high,All Africa,Regional,Police fire canisters of tear gas into crowds of ANPP supporters to disperse them following their losing of an election in Bauchi.,0,1552577650,NGA,Protests,Protest with intervention
4989183,566,NIG1120,1120,15 July 2003,2003,exact date,Violence against civilians,Attack,Unidentified Armed Group (Nigeria),,political militias,Civilians (Nigeria),,civilians,political militia vs civilians,Western Africa,Nigeria,Delta,Oshimili South,,Asaba,6.2006001,6.7339001,low,All Africa,Regional,Pirates in Delta State kill three along a waterway.,3,1552577650,NGA,Violence against civilians,Attack
4989187,566,NIG1118,1118,14 July 2003,2003,exact date,Violence against civilians,Attack,Unidentified Armed Group (Nigeria),,political militias,Civilians (Nigeria),,civilians,political militia vs civilians,Western Africa,Nigeria,Anambra,Awka South,,Awka,6.2101002,7.0741,high,All Africa,Regional,A Nigerian mob attacks a House of Representatives member,0,1552577650,NGA,Violence against civilians,Attack
4989188,566,NIG1119,1119,14 July 2003,2003,exact date,Violence against civilians,Attack,Unidentified Armed Group (Nigeria),,political militias,Civilians (Nigeria),,civilians,political militia vs civilians,Western Africa,Nigeria,Oyo,Ibadan North West,,Ibadan,7.3878002,3.8964,high,All Africa,Regional,Police and robbers involve themselves in a gun duel,0,1552577650,NGA,Violence against civilians,Attack
4989194,566,NIG1117,1117,14 July 2003,2003,exact date,Battles,Armed clash,PDP: Peoples Democratic Party,,political militias,AD: Alliance for Democracy,,political militias,political militia vs political militia,Western Africa,Nigeria,Delta,Warri South,,Warri,5.5166998,5.75,high,Reuters News,International,Two are killed when supporters of the PDP and AD clash in the Uvwie neighborhood of Warri.,2,1552577650,NGA,Battles,Armed clash
4989266,566,NIG1116,1116,08 July 2003,2003,exact date,Violence against civilians,Attack,Police Forces of Nigeria (1999-2015),,state forces,Civilians (Nigeria),,civilians,military vs civilians,Western Africa,Nigeria,Kano,Kano Municipal,,Kano,11.9702,8.5044003,high,All Africa,Regional,A police officer shot and killed an innocent civilian in Kano City for an unknown reason. The officer in question was detained pending further investigation.,1,1552577650,NGA,Violence against civilians,Attack
4989285,566,NIG1115,1115,07 July 2003,2003,within week,Violence against civilians,Attack,Police Forces of Nigeria (1999-2015),,state forces,Civilians (Nigeria),,civilians,military vs civilians,Western Africa,Nigeria,Lagos,Lagos Island,,Lagos,6.4531002,3.3958001,high,Channel News Asia,International,As the violence continues for the second week in Lagos 10 striking protesters have been shot by police.,10,1552577650,NGA,Violence against civilians,Attack
4989292,566,NIG1114,1114,05 July 2003,2003,exact date,Battles,Armed clash,Inyimagu Ethnic Militia (Nigeria),,identity militias,Agbaja Ethnic Militia (Nigeria),,identity militias,communal militia vs communal militia,Western Africa,Nigeria,Ebonyi,Ebonyi,,Abakaliki,6.3162999,8.1169004,high,Xinhua News,International,Communal clash in Ebonyi between the Inyimagu ans Agbaja communities kills at least twenty.,20,1552577650,NGA,Battles,Armed clash
4989304,566,NIG1113,1113,04 July 2003,2003,exact date,Battles,Armed clash,PDP: Peoples Democratic Party,,political militias,ANPP: All Nigeria Peoples Party,,political militias,political militia vs political militia,Western Africa,Nigeria,Kano,Gwarzo,,Gwarzo,11.9152,7.9345999,high,Xinhua News,International,Supported of the PDP and the ANPP clash in Gwarzo,0,1552577650,NGA,Battles,Armed clash
4989322,566,NIG1111,1111,03 July 2003,2003,exact date,Violence against civilians,Attack,Police Forces of Nigeria (1999-2015),,state forces,Civilians (Nigeria),PRP: Peoples Redemption Party,civilians,military vs civilians,Western Africa,Nigeria,Niger,Chanchaga,,Minna,9.6139002,6.5569,high,All Africa,Regional,The State Peoples Redemption Party (PRP) governorship candidate,0,1552577650,NGA,Violence against civilians,Attack
4989325,566,NIG1112,1112,03 July 2003,2003,exact date,Violence against civilians,Attack,Unidentified Armed Group (Nigeria),,political militias,Civilians (Nigeria),PDP: Peoples Democratic Party,civilians,political militia vs civilians,Western Africa,Nigeria,Federal Capital Territory,Abuja Municipal,,Abuja,9.0832996,7.5332999,high,This Day (Nigeria),Subnational,Unidentified men attack supporters of the Plateau State PDP in the capital territory of Abuja.,0,1552577650,NGA,Violence against civilians,Attack
4989327,566,NIG1110,1110,02 July 2003,2003,within week,Battles,Armed clash,Urhobo Ethnic Militia (Nigeria),,identity militias,Itsekiri Ethnic Militia (Nigeria),,identity militias,communal militia vs communal militia,Western Africa,Nigeria,Delta,Warri South,,Warri,5.5166998,5.75,high,Xinhua News,International,Urhobo and Itsekiri youths clash in Warri disputing over the oil rich land in the region. This battle took the lives of at least 15.,15,1552577650,NGA,Battles,Armed clash
4989478,566,NIG1108,1108,20 June 2003,2003,exact date,Violence against civilians,Attack,Unidentified Armed Group (Nigeria),,political militias,Civilians (Nigeria),,civilians,political militia vs civilians,Western Africa,Nigeria,Oyo,Ibadan North West,,Ibadan,7.3878002,3.8964,high,Reuters News,International,Six gunmen killed Jibola Olanipekun,1,1552577650,NGA,Violence against civilians,Attack
5021534,566,NIG1107,1107,18 June 2003,2003,exact date,Violence against civilians,Attack,Unidentified Armed Group (Nigeria),,political militias,Civilians (Nigeria),,civilians,political militia vs civilians,Western Africa,Nigeria,Delta,Ika North East,,Agbor,6.2518001,6.1933999,high,All Africa,Regional,Five killed as militant robbers attack a bus outside Agbor,5,1553544834,NGA,Violence against civilians,Attack
4989522,566,NIG1106,1106,17 June 2003,2003,exact date,Riots,Mob violence,Rioters (Nigeria),Ukwuato Ethnic Group (Nigeria),rioters,Rioters (Nigeria),Ukwuato Ethnic Group (Nigeria),rioters,rioters vs rioters,Western Africa,Nigeria,Delta,Ndokwa East,,Aboh,5.5464001,6.5281,high,All Africa,Regional,Two were killed,2,1552577650,NGA,Riots,Mob violence
4989561,566,NIG1105,1105,15 June 2003,2003,within week,Riots,Violent demonstration,Rioters (Nigeria),,rioters,,,0,sole rioter action,Western Africa,Nigeria,Delta,Uvwie,,Effurun,5.5545998,5.7862,high,All Africa,Regional,Five killed as civilians riot in Effurun. The riot may have been politically motivated.,5,1552577650,NGA,Riots,Violent demonstration
4989593,566,NIG1104,1104,14 June 2003,2003,within week,Battles,Armed clash,Unidentified Armed Group (Nigeria),,political militias,Unidentified Armed Group (Nigeria),,political militias,political militia vs political militia,Western Africa,Nigeria,Delta,Oshimili South,,Asaba,6.2006001,6.7339001,low,All Africa,Regional,Seven are dead following a clash between two militant groups in Delta State.,7,1552577650,NGA,Battles,Armed clash
4989620,566,NIG1103,1103,12 June 2003,2003,exact date,Battles,Armed clash,Igbo Ethnic Militia (Nigeria),,identity militias,Itsekiri Ethnic Militia (Nigeria),,identity militias,communal militia vs communal militia,Western Africa,Nigeria,Delta,Warri South,,Warri,5.5166998,5.75,high,Agence France Presse,International,19 are killed in Warri following an ethnic clash between the Ijaw and Itsekiri communities.,19,1552577650,NGA,Battles,Armed clash
4989634,566,NIG1101,1101,11 June 2003,2003,exact date,Battles,Armed clash,Pirates (Nigeria),,political militias,Police Forces of Nigeria (1999-2015),,state forces,military vs political militia,Western Africa,Nigeria,Bayelsa,Yenegoa,,Yenagoa,4.9246998,6.2642002,high,Agence France Presse,International,Pirates,0,1552577650,NGA,Battles,Armed clash
4989633,566,NIG1102,1102,11 June 2003,2003,within week,Battles,Armed clash,Unidentified Ethnic Militia (Nigeria),,identity militias,Unidentified Ethnic Militia (Nigeria),,identity militias,communal militia vs communal militia,Western Africa,Nigeria,Rivers,Degema,,Abonnema,4.7316999,6.7722001,high,Agence France Presse,International,At least 20 members of rival street gangs die in a clash in Abonnema,20,1552577650,NGA,Battles,Armed clash
4989705,566,NIG1100,1100,05 June 2003,2003,exact date,Violence against civilians,Attack,Unidentified Armed Group (Nigeria),,political militias,Civilians (Nigeria),,civilians,political militia vs civilians,Western Africa,Nigeria,Kogi,Lokoja,,Lokoja,7.8024001,6.743,high,Xinhua News,International,At least seven are kill in a Kogi State Assembly election in the capital of Lokoja.,7,1552577650,NGA,Violence against civilians,Attack
4989728,566,NIG1098,1098,04 June 2003,2003,exact date,Violence against civilians,Attack,Unidentified Armed Group (Nigeria),,political militias,Civilians (Nigeria),ANPP: All Nigeria Peoples Party,civilians,political militia vs civilians,Western Africa,Nigeria,Edo,Oredo,,Benin City,6.3351002,5.6275001,high,All Africa,Regional,Gunmen attack ANPP supporters in Benin-City,0,1552577650,NGA,Violence against civilians,Attack
4989729,566,NIG1099,1099,04 June 2003,2003,exact date,Strategic developments,Other,Unidentified Armed Group (Nigeria),,political militias,Civilians (Nigeria),PDP: Peoples Democratic Party,civilians,political militia vs civilians,Western Africa,Nigeria,Kwara,Ilorin East,,Illorin,8.5,4.5500002,high,All Africa,Regional,Gunmen in Ilorin,0,1552577650,NGA,Strategic developments,Other
4989738,566,NIG1097,1097,03 June 2003,2003,exact date,Violence against civilians,Attack,Unidentified Armed Group (Nigeria),,political militias,Civilians (Nigeria),ANPP: All Nigeria Peoples Party,civilians,political militia vs civilians,Western Africa,Nigeria,Cross River,Calabar-Municipal,,Calabar,4.9667001,8.3332996,high,All Africa,Regional,The All Nigeria Peoples Party (ANPP) senatorial candidate for Cross River Southern District,0,1552577650,NGA,Violence against civilians,Attack
4989792,566,NIG1095,1095,27 May 2003,2003,exact date,Violence against civilians,Attack,Unidentified Armed Group (Nigeria),,political militias,Civilians (Nigeria),,civilians,political militia vs civilians,Western Africa,Nigeria,Anambra,Onitsha North,,Onitsha,6.1454,6.7884998,high,Agence France Presse,International,Two die as vigilantes attack traders in Anambra State.,2,1552577650,NGA,Violence against civilians,Attack
4989802,566,NIG1094,1094,26 May 2003,2003,exact date,Strategic developments,Looting/property destruction,Unidentified Armed Group (Nigeria),,political militias,,,0,sole political militia action,Western Africa,Nigeria,Bayelsa,Sagbama,,Niger Delta,4.8333001,6,medium,Associated Press Newswires,International,Property destruction: Militiants are suspected in a destruction of a oil pipeline in the delta.,0,1552577650,NGA,Strategic developments,Looting/property destruction
4989848,566,NIG1093,1093,22 May 2003,2003,exact date,Violence against civilians,Attack,Police Forces of Nigeria (1999-2015),,state forces,Civilians (Nigeria),,civilians,military vs civilians,Western Africa,Nigeria,Lagos,Lagos Island,,Lagos,6.4531002,3.3958001,high,Agence France Presse,International,Police shoot and kill 2 members of a street gang in Lagos City in an attempt to quell violence in the city.,2,1552577651,NGA,Violence against civilians,Attack
4989856,566,NIG1092,1092,21 May 2003,2003,exact date,Violence against civilians,Attack,Area Boys Militia,,political militias,Civilians (Nigeria),,civilians,political militia vs civilians,Western Africa,Nigeria,Lagos,Lagos Island,,Lagos,6.4531002,3.3958001,high,Xinhua News,International,"13 dead in Lagos following a communal attack by a street gang known as the ""Area Boys""""",13,1552577651,NGA,Violence against civilians,Attack
5183395,566,NIG1091,1091,16 May 2003,2003,exact date,Protests,Peaceful protest,Protesters (Nigeria),,protesters,,,0,sole protester action,Western Africa,Nigeria,Borno,Gwoza,,Gwoza,11.084,13.6925,high,Daily Trust,National,Tension mounting in Barawa district of Gwoza Local Government Area of Borno State as members of the community were reported to protest the appointment of a district head of the area.,0,1558387849,NGA,Protests,Peaceful protest
4989919,566,NIG1090,1090,15 May 2003,2003,exact date,Violence against civilians,Attack,NURTW: National Union of Road Transport Workers,,political militias,Civilians (Nigeria),,civilians,political militia vs civilians,Western Africa,Nigeria,Osun,Irewole,,Modakeke,7.3832998,4.2666998,high,Xinhua News,International,Members of NURTW and local motorcyclists clash over a collection of operational fees.,0,1552577651,NGA,Violence against civilians,Attack
4989928,566,NIG1089,1089,14 May 2003,2003,exact date,Battles,Armed clash,PDP: Peoples Democratic Party,,political militias,AD: Alliance for Democracy,,political militias,political militia vs political militia,Western Africa,Nigeria,Delta,Uvwie,,Effurun,5.5545998,5.7862,high,Xinhua News,International,A political clash at the Delta State Uvwie Council in Effurun kills 25.,25,1552577651,NGA,Battles,Armed clash
4989929,566,NIG1088,1088,14 May 2003,2003,exact date,Battles,Armed clash,PDP: Peoples Democratic Party,,political militias,ANPP: All Nigeria Peoples Party,,political militias,political militia vs political militia,Western Africa,Nigeria,Delta,Warri South,,Warri,5.5166998,5.75,high,Agence France Presse,International,18 were killed during fights between political fractions (PDP and ANPP) in Warri.,18,1552577651,NGA,Battles,Armed clash
4989935,566,NIG1087,1087,13 May 2003,2003,within week,Battles,Armed clash,PDP: Peoples Democratic Party,,political militias,AD: Alliance for Democracy,,political militias,political militia vs political militia,Western Africa,Nigeria,Delta,Warri South,,Warri,5.5166998,5.75,high,Africa Research Bulletin,Regional,25 are dead following a clash between long-time rivals of the militias of the PDP and the AD.,25,1552577651,NGA,Battles,Armed clash
4989934,566,NIG1086,1086,13 May 2003,2003,exact date,Violence against civilians,Attack,Ogoni Ethnic Militia (Nigeria),,identity militias,Civilians (Nigeria),,civilians,communal militia vs civilians,Western Africa,Nigeria,Rivers,Port-Harcourt,,Port Harcourt,4.7774,7.0134001,low,Xinhua News,International,Three are killed by Ogoni youths in Rivers State because the Haakon community were allegedly on their land.,3,1552577651,NGA,Violence against civilians,Attack
4989972,566,NIG1085,1085,09 May 2003,2003,exact date,Protests,Protest with intervention,Private Security Forces (Nigeria),,external/other forces,Protesters (Nigeria),,protesters,protesters vs other,Western Africa,Nigeria,Rivers,Port-Harcourt,,Port Harcourt,4.7774,7.0134001,high,All Africa,Regional,Private Shell Police attack striking oil workers in an effort to get them back to work. There were no reported deaths,0,1552577651,NGA,Protests,Protest with intervention
4989991,566,NIG1083,1083,08 May 2003,2003,exact date,Strategic developments,Other,Unidentified Armed Group (Nigeria),,political militias,,,0,sole political militia action,Western Africa,Nigeria,Bayelsa,Sagbama,,Niger Delta,4.8333001,6,medium,Agence France Presse,International,Non-violent activity: Militant youths take over a Shell flow station in the Delta. Thus far they have disrupted supply,0,1552577651,NGA,Strategic developments,Other
4989990,566,NIG1084,1084,08 May 2003,2003,exact date,Battles,Armed clash,Oniko Ethnic Militia (Nigeria),,identity militias,Etti Ethnic Militia (Nigeria),,identity militias,communal militia vs communal militia,Western Africa,Nigeria,Lagos,Lagos Island,,Lagos,6.4531002,3.3958001,high,All Africa,Regional,Three die at a festival on Lagos Island when an ethnic clash breaks out between the Oniko and Etti communities.,3,1552577651,NGA,Battles,Armed clash
4990028,566,NIG1082,1082,04 May 2003,2003,within week,Violence against civilians,Attack,Unidentified Armed Group (Nigeria),,political militias,Civilians (Nigeria),,civilians,political militia vs civilians,Western Africa,Nigeria,Cross River,Yala,,Okuku,6.7149,8.7793999,high,All Africa,Regional,Gunmen attack Governor Adebisi Akande of Osun State,0,1552577651,NGA,Violence against civilians,Attack
4990032,566,NIG1076,1076,03 May 2003,2003,exact date,Violence against civilians,Attack,Unidentified Armed Group (Nigeria),,political militias,Civilians (Nigeria),PDP: Peoples Democratic Party,civilians,political militia vs civilians,Western Africa,Nigeria,Federal Capital Territory,Abuja Municipal,,Abuja,9.0832996,7.5332999,high,Dow Jones International News,International,Top Nigerian politician Harry Marshall of the PDP is shot and killed by unknown gunmen at his home.,1,1552577651,NGA,Violence against civilians,Attack
4990033,566,NIG1077,1077,03 May 2003,2003,exact date,Violence against civilians,Attack,Unidentified Armed Group (Nigeria),,political militias,Civilians (Nigeria),ANPP: All Nigeria Peoples Party,civilians,political militia vs civilians,Western Africa,Nigeria,Federal Capital Territory,Abuja Municipal,,Abuja,9.0832996,7.5332999,high,Africa Research Bulletin,Regional,Unidentified gunmen shot and killed a leader of the ANPP Harry Marshall in his home in Abuja. The attackers are unidentified; the violence had been deemed politically motivated.,1,1552577651,NGA,Violence against civilians,Attack
4990036,566,NIG1081,1081,03 May 2003,2003,exact date,Violence against civilians,Attack,Igbarra Ethnic Militia (Nigeria),,identity militias,Civilians (Nigeria),Gbagyi Ethnic Group (Nigeria),civilians,communal militia vs civilians,Western Africa,Nigeria,Nasarawa,Toto,,Toto,8.3788996,7.0844002,medium,Daily Trust,National,"A top official of Nasarawa State, along with several others, is killed during her visit to the polling booth in Kikyo, Toto LGA. The perpatrator is of the Igbarra ethnic group and the victim of Gwari. Many Igbarra believed the offical had been sent by the Governor to rig the election in their favour. Following the killing, there were further clashes in Toto and nearby Doma government council - many residents of the area were displaced, causing the military to enter the area and restore order. The of injured and dead from the clashes that followed are not known.",10,1552577651,NGA,Violence against civilians,Attack
4990044,566,NIG1078,1078,03 May 2003,2003,exact date,Violence against civilians,Attack,Unidentified Armed Group (Nigeria),,political militias,Civilians (Nigeria),,civilians,political militia vs civilians,Western Africa,Nigeria,Kogi,Kogi,,Koton Karifi,8.1000004,6.8000002,high,All Africa,Regional,Mobsters attack the Kogi State Governor,0,1552577651,NGA,Violence against civilians,Attack
4990035,566,NIG1080,1080,03 May 2003,2003,exact date,Battles,Armed clash,Igbarra Ethnic Militia (Nigeria),,identity militias,Gbagyi Ethnic Militia (Nigeria),,identity militias,communal militia vs communal militia,Western Africa,Nigeria,Nasarawa,Toto,,Toto,8.3788996,7.0844002,medium,Daily Trust,National,"May 2003 ethnic clash in Toto Local Government Area of Nasarawa State in which 31 people were killed, following the killing of a top official of Nasarawa State, along with several others, is killed during her visit to the polling booth in Kikyo, Toto LGA.",16,1552577651,NGA,Battles,Armed clash
4990034,566,NIG1079,1079,03 May 2003,2003,exact date,Battles,Armed clash,Igbarra Ethnic Militia (Nigeria),,identity militias,Gbagyi Ethnic Militia (Nigeria),,identity militias,communal militia vs communal militia,Western Africa,Nigeria,Nasarawa,Doma,,Doma,8.3832998,8.3500004,medium,Daily Trust,National,"May 2003 ethnic clash in Toto Local Government Area of Nasarawa State in which 31 people were killed, following the killing of a top official of Nasarawa State, along with several others, is killed during her visit to the polling booth in Kikyo, Toto LGA.",15,1552577651,NGA,Battles,Armed clash
4990056,566,NIG1074,1074,02 May 2003,2003,exact date,Battles,Armed clash,Police Forces of Nigeria (1999-2015),,state forces,Police Forces of Nigeria (1999-2015),,state forces,military vs military,Western Africa,Nigeria,Osun,Osogbo,,Oshogbo,7.7666998,4.5667,high,All Africa,Regional,State police and prison officials clash over the right to park vehicles in a particular location on state property.,0,1552577651,NGA,Battles,Armed clash
4990050,566,NIG1075,1075,02 May 2003,2003,exact date,Battles,Armed clash,AD: Alliance for Democracy,,political militias,Okitipupa Ethnic Militia (Nigeria),,identity militias,political militia vs communal militia,Western Africa,Nigeria,Ondo,Okitipupa,,Okitipupa,6.5047998,4.7838998,medium,All Africa,Regional,Members of the Alliance for Democracy clash with the civilian population of Okitipupa over an upcoming Governorship race.,0,1552577651,NGA,Battles,Armed clash
4990071,566,NIG1073,1073,30 April 2003,2003,within week,Battles,Armed clash,Ifiayong Usuk Ethnic Militia (Nigeria),,identity militias,Mbiakong Ethnic Militia (Nigeria),,identity militias,communal militia vs communal militia,Western Africa,Nigeria,Akwa Ibom,Uyo,,Uyo,5.0332999,7.9266,high,Xinhua News,International,22 are believed to be dead after seven days of fighting between two ethnic communities over land.,22,1552577651,NGA,Battles,Armed clash
4990078,566,NIG1072,1072,29 April 2003,2003,exact date,Battles,Armed clash,MASSOB: Movement for the Actualization of a Sovereign State of Biafra,,rebel groups,Police Forces of Nigeria (1999-2015),,state forces,military vs rebels,Western Africa,Nigeria,Lagos,Surulere,,Ijesha-Tedo,6.4920001,3.3243001,high,All Africa,Regional,Members of the MASSOB clash with police in Ijesha-Tedo,0,1552577651,NGA,Battles,Armed clash
4990137,566,NIG1071,1071,22 April 2003,2003,exact date,Violence against civilians,Attack,Unidentified Armed Group (Nigeria),,political militias,Civilians (Nigeria),,civilians,political militia vs civilians,Western Africa,Nigeria,Osun,Boluwaduro,,Otan Aiyegbaju,7.9499998,4.8000002,high,Agence France Presse,International,Gunmen attack the convoy carrying the daughter of President Obasanjo,0,1552577651,NGA,Violence against civilians,Attack
4990152,566,NIG1070,1070,20 April 2003,2003,within week,Violence against civilians,Attack,Unidentified Armed Group (Nigeria),,political militias,Civilians (Nigeria),PDP: Peoples Democratic Party,civilians,political militia vs civilians,Western Africa,Nigeria,Cross River,Ogoja,,Ogoja,6.6546998,8.7975998,high,All Africa,Regional,Arsonists have destroyed 23 houses belonging to PDP members.,0,1552577651,NGA,Violence against civilians,Attack
4990199,566,NIG1068,1068,14 April 2003,2003,exact date,Battles,Armed clash,Unidentified Ethnic Militia (Nigeria),,identity militias,Military Forces of Nigeria (1999-2015),,state forces,military vs communal militia,Western Africa,Nigeria,Delta,Warri South,,Warri,5.5166998,5.75,high,Courier-Mail,Regional,Military forces react to the actions of ethnic militants in Warri,0,1552577651,NGA,Battles,Armed clash
4990207,566,NIG1066,1066,13 April 2003,2003,exact date,Riots,Violent demonstration,Rioters (Nigeria),,rioters,,,0,sole rioter action,Western Africa,Nigeria,Enugu,Nsukka,,Nsukka,6.8561001,7.3927002,high,Agence France Presse,International,An armed group ensues a riot on election day in Enugu state.,0,1552577651,NGA,Riots,Violent demonstration
4990212,566,NIG1067,1067,13 April 2003,2003,exact date,Battles,Armed clash,Ijaw Ethnic Militia (Nigeria),,identity militias,Itsekiri Ethnic Militia (Nigeria),,identity militias,communal militia vs communal militia,Western Africa,Nigeria,Delta,Warri South,,Warri,5.5166998,5.75,high,All Africa,Regional,Ijaw youths attack a Itsekiri village in Warri,0,1552577651,NGA,Battles,Armed clash
4990249,566,NIG1065,1065,08 April 2003,2003,exact date,Violence against civilians,Attack,Itsekiri Ethnic Militia (Nigeria),,identity militias,Civilians (Nigeria),Ijaw Ethnic Group (Nigeria),civilians,communal militia vs civilians,Western Africa,Nigeria,Delta,Warri South,,Warri,5.5166998,5.75,high,Agence France Presse,International,20 die following an attack from Itsekiri youths on Ijaw civilians. The dispute originated from oil rich land.,20,1552577651,NGA,Violence against civilians,Attack
4990260,566,NIG1064,1064,07 April 2003,2003,exact date,Violence against civilians,Attack,Unidentified Armed Group (Nigeria),,political militias,Civilians (Nigeria),,civilians,political militia vs civilians,Western Africa,Nigeria,Federal Capital Territory,Abuja Municipal,,Abuja,9.0832996,7.5332999,high,All Africa,Regional,A gang of armed robbers on Friday raided Kuchigoro,0,1552577651,NGA,Violence against civilians,Attack
4990274,566,NIG1063,1063,05 April 2003,2003,exact date,Battles,Armed clash,Unidentified Armed Group (Nigeria),,political militias,Police Forces of Nigeria (1999-2015),,state forces,military vs political militia,Western Africa,Nigeria,Bayelsa,Brass,,Nun,4.2865,6.0723,medium,Xinhua News,International,And armed group kills four police in the River Nun.,4,1552577651,NGA,Battles,Armed clash
4990326,566,NIG1062,1062,03 April 2003,2003,exact date,Violence against civilians,Attack,Unidentified Armed Group (Nigeria),,political militias,Civilians (Nigeria),PDP: Peoples Democratic Party,civilians,political militia vs civilians,Western Africa,Nigeria,Edo,Oredo,,Benin City,6.3351002,5.6275001,high,All Africa,Regional,A woman and a child are dead after an attack on Governor Lucky Igbinedions campaign entourage by gunmen in Edo State.,2,1552577651,NGA,Violence against civilians,Attack
4990328,566,NIG1061,1061,03 April 2003,2003,exact date,Violence against civilians,Attack,Unidentified Armed Group (Nigeria),,political militias,Civilians (Nigeria),,civilians,political militia vs civilians,Western Africa,Nigeria,Ondo,Akure South,,Akure,7.2526002,5.1931,low,All Africa,Regional,A campaign rally for Governor Adebayo Adefarati of Ondo State was attacked by youths welding stones and other sharp weapons.,0,1552577651,NGA,Violence against civilians,Attack
4990333,566,NIG1060,1060,02 April 2003,2003,within week,Riots,Violent demonstration,Rioters (Nigeria),NURTW: National Union of Road Transport Workers,rioters,Police Forces of Nigeria (1999-2015),,state forces,military vs rioters,Western Africa,Nigeria,Ondo,Akure South,,Akure,7.2526002,5.1931,high,All Africa,Regional,Police breakup the rioting caused by the members of the National Union of Road Transport Workers in Akure. No confirmed deaths,0,1552577651,NGA,Riots,Violent demonstration
5170473,566,NIG1059,1059,01 April 2003,2003,exact date,Violence against civilians,Attack,Unidentified Armed Group (Nigeria),,political militias,Civilians (Nigeria),,civilians,political militia vs civilians,Western Africa,Nigeria,Yobe,Damaturu,,Damaturu,11.747,11.9608,high,All Africa,Regional,The Yobe State Governor,0,1557782382,NGA,Violence against civilians,Attack
4990356,566,NIG1058,1058,31 March 2003,2003,exact date,Violence against civilians,Attack,ANPP: All Nigeria Peoples Party,,political militias,Civilians (Nigeria),PDP: Peoples Democratic Party,civilians,political militia vs civilians,Western Africa,Nigeria,Rivers,Degema,,Bakana,4.7372999,6.9660001,high,Associated Press Newswires,International,"A supporter of the PDP, Teke Braide, was murdered by supporters of the ANPP weeks before the Mid-April elections.""",1,1552577651,NGA,Violence against civilians,Attack
4990366,566,NIG1057,1057,31 March 2003,2003,exact date,Protests,Peaceful protest,Protesters (Nigeria),,protesters,,,0,sole protester action,Western Africa,Nigeria,Lagos,Lagos Island,,Lagos,6.4531002,3.3958001,high,Agence France Presse,International,Six students were hurt while protesting a raise in university fees when police sprayed teargas into the crowd.,0,1552577651,NGA,Protests,Peaceful protest
4990374,566,NIG1056,1056,30 March 2003,2003,exact date,Violence against civilians,Attack,PDP: Peoples Democratic Party,,political militias,Civilians (Nigeria),ANPP: All Nigeria Peoples Party,civilians,political militia vs civilians,Western Africa,Nigeria,Rivers,Degema,,Bakana,4.7372999,6.9660001,high,All Africa,Regional,3 ANPP supporters in an attack by gunmen of the PDP.,0,1552577651,NGA,Violence against civilians,Attack
4990381,566,NIG1055,1055,29 March 2003,2003,exact date,Violence against civilians,Attack,Unidentified Armed Group (Nigeria),,political militias,Civilians (Nigeria),PDP: Peoples Democratic Party,civilians,political militia vs civilians,Western Africa,Nigeria,Ogun,Abeokuta South,,Abeokuta,7.1500001,3.3499999,high,All Africa,Regional,The PDP Senate candidate from Ogun State,0,1552577651,NGA,Violence against civilians,Attack
4990382,566,NIG1050,1050,29 March 2003,2003,exact date,Riots,Violent demonstration,Rioters (Nigeria),ANPP: All Nigeria Peoples Party,rioters,,,0,sole rioter action,Western Africa,Nigeria,Rivers,Degema,,Bakana,4.7372999,6.9660001,high,Agence France Presse,International,At least 20 are feared dead after fighting broke out at ANPP political rally in the town of Bakana,20,1552577651,NGA,Riots,Violent demonstration
4990383,566,NIG1051,1051,29 March 2003,2003,exact date,Battles,Armed clash,Biafra Communal Militia (Nigeria),,identity militias,Police Forces of Nigeria (1999-2015),,state forces,military vs communal militia,Western Africa,Nigeria,Imo,Owerri-Municipal,,Owerri,5.4833002,7.0303998,low,Associated Press Newswires,International,Police clash with Biafra separatists,0,1552577651,NGA,Battles,Armed clash
4990389,566,NIG1052,1052,29 March 2003,2003,exact date,Battles,Armed clash,PDP: Peoples Democratic Party,,political militias,ANPP: All Nigeria Peoples Party,,political militias,political militia vs political militia,Western Africa,Nigeria,Rivers,Port-Harcourt,,Port Harcourt,4.7774,7.0134001,high,Reuters News,International,One woman was killed in Saturdays rally involving supporters of Obasanjos Peoples Democratic Party (PDP) and the main opposition ANPP party near the oil city of Port Harcourt in the Niger Delta.,1,1552577651,NGA,Battles,Armed clash
4990384,566,NIG1053,1053,29 March 2003,2003,exact date,Battles,Armed clash,MASSOB: Movement for the Actualization of a Sovereign State of Biafra,,rebel groups,Police Forces of Nigeria (1999-2015),,state forces,military vs rebels,Western Africa,Nigeria,Imo,Owerri-Municipal,,Owerri,5.4833002,7.0303998,low,All Africa,Regional,The Police and members of MASSOB clashed in Imo State,0,1552577651,NGA,Battles,Armed clash
4990399,566,NIG1054,1054,29 March 2003,2003,within week,Riots,Mob violence,Rioters (Nigeria),PDP: Peoples Democratic Party,rioters,Rioters (Nigeria),ANPP: All Nigeria Peoples Party,rioters,rioters vs rioters,Western Africa,Nigeria,Sokoto,Sokoto North,,Sokoto,13.048,5.2143002,high,All Africa,Regional,Police Arrest 31 Persons in PDP,0,1552577651,NGA,Riots,Mob violence
4990404,566,NIG1049,1049,28 March 2003,2003,exact date,Violence against civilians,Attack,ANPP: All Nigeria Peoples Party,,political militias,Civilians (Nigeria),,civilians,political militia vs civilians,Western Africa,Nigeria,Rivers,Khana,,Nonwa Sogho,4.7620001,7.4057999,high,All Africa,Regional,The campaign convoy of Rivers State Governor,0,1552577651,NGA,Violence against civilians,Attack
4990414,566,NIG1048,1048,27 March 2003,2003,exact date,Battles,Armed clash,Ijaw Ethnic Militia (Nigeria),,identity militias,Police Forces of Nigeria (1999-2015),Military Forces of Nigeria (1999-2015),state forces,military vs communal militia,Western Africa,Nigeria,Bayelsa,Sagbama,,Niger Delta,4.8333001,6,medium,All Africa,Regional,Four police are killed and seven military rifles were stolen by ijaw warriors in the Delta.,4,1552577651,NGA,Battles,Armed clash
4990428,566,NIG1047,1047,26 March 2003,2003,within week,Battles,Armed clash,Ijaw Ethnic Militia (Nigeria),,identity militias,Itsekiri Ethnic Militia (Nigeria),Military Forces of Nigeria (1999-2015),identity militias,communal militia vs communal militia,Western Africa,Nigeria,Bayelsa,Sagbama,,Niger Delta,4.8333001,6,medium,Africa Research Bulletin,Regional,The Ijaw militia engaged an Itserki militia and Nigerian militia in the delta area over a gerrymandering dispute.,0,1552577651,NGA,Battles,Armed clash
4990440,566,NIG1043,1043,25 March 2003,2003,exact date,Violence against civilians,Attack,PDP: Peoples Democratic Party,,political militias,Civilians (Nigeria),,civilians,political militia vs civilians,Western Africa,Nigeria,Rivers,Port-Harcourt,,Port Harcourt,4.7774,7.0134001,high,All Africa,Regional,The Aso Rock and Agaba Boys gangs,0,1552577651,NGA,Violence against civilians,Attack
4990441,566,NIG1046,1046,25 March 2003,2003,exact date,Violence against civilians,Attack,Police Forces of Nigeria (1999-2015),,state forces,Civilians (Nigeria),,civilians,military vs civilians,Western Africa,Nigeria,Bayelsa,Yenegoa,,Yenagoa,4.9246998,6.2642002,high,This Day (Nigeria),Subnational,For unknown reasons,0,1552577651,NGA,Violence against civilians,Attack
4990450,566,NIG1044,1044,25 March 2003,2003,exact date,Battles,Armed clash,PDP: Peoples Democratic Party,,political militias,AD: Alliance for Democracy,,political militias,political militia vs political militia,Western Africa,Nigeria,Ondo,Akure South,,Akure,7.2526002,5.1931,high,All Africa,Regional,Injuries were incurred when supporters of the PDP and AD clashed in Akure.,0,1552577651,NGA,Battles,Armed clash
4990451,566,NIG1045,1045,25 March 2003,2003,exact date,Battles,Armed clash,PDP: Peoples Democratic Party,,political militias,AD: Alliance for Democracy,,political militias,political militia vs political militia,Western Africa,Nigeria,Ondo,Ondo West,,Ondo,7.0932002,4.8353,low,This Day (Nigeria),Subnational,Twelve people are injured as supporters of the PDP and AD clash in Ondo State.,0,1552577651,NGA,Battles,Armed clash
4990462,566,NIG1042,1042,23 March 2003,2003,exact date,Violence against civilians,Attack,Unidentified Armed Group (Nigeria),,political militias,Civilians (Nigeria),,civilians,political militia vs civilians,Western Africa,Nigeria,Plateau,Jos North,,Jos,9.9285002,8.8921003,high,All Africa,Regional,Gunmen attack civilians in Jos.,0,1552577651,NGA,Violence against civilians,Attack
4990458,566,NIG1041,1041,23 March 2003,2003,exact date,Battles,Armed clash,PDP: Peoples Democratic Party,,political militias,ANPP: All Nigeria Peoples Party,,political militias,political militia vs political militia,Western Africa,Nigeria,Cross River,Obubra,,Obubra,6.0753002,8.3290005,high,All Africa,Regional,One is shot dead as others are injured when supporters of both the PDP and the ANPP clash in Cross River State.,1,1552577651,NGA,Battles,Armed clash
4990473,566,NIG1040,1040,22 March 2003,2003,exact date,Violence against civilians,Attack,Unidentified Armed Group (Nigeria),,political militias,Civilians (Nigeria),ANPP: All Nigeria Peoples Party,civilians,political militia vs civilians,Western Africa,Nigeria,Ebonyi,Ezza North,,Ezzo Abia,6.2309999,8.0433998,high,All Africa,Regional,The secretary of the ANPP in Ezza,0,1552577651,NGA,Violence against civilians,Attack
4990465,566,NIG1039,1039,22 March 2003,2003,exact date,Battles,Armed clash,Ijaw Ethnic Militia (Nigeria),,identity militias,Itsekiri Ethnic Militia (Nigeria),,identity militias,communal militia vs communal militia,Western Africa,Nigeria,Bayelsa,Sagbama,,Niger Delta,4.8333001,6,medium,Xinhua News,International,9 are killed in a clash between Ijaw and Itsekiri ethnic youths. Military forces are called in to regain peace in the area,9,1552577651,NGA,Battles,Armed clash
4990485,566,NIG1038,1038,21 March 2003,2003,exact date,Battles,Armed clash,Ijaw Ethnic Militia (Nigeria),,identity militias,Itsekiri Ethnic Militia (Nigeria),,identity militias,communal militia vs communal militia,Western Africa,Nigeria,Bayelsa,Sagbama,,Niger Delta,4.8333001,6,medium,Associated Press Newswires,International,Military tries to diffuse an ethnic clash between Ijaw and Itsekiri militants which kills at least 20. The conflict cut 13% of oil output in the region.,20,1552577651,NGA,Battles,Armed clash
4990494,566,NIG1036,1036,20 March 2003,2003,exact date,Violence against civilians,Attack,Unidentified Armed Group (Nigeria),,political militias,Civilians (Nigeria),,civilians,political militia vs civilians,Western Africa,Nigeria,Kwara,Ilorin East,,Illorin,8.5,4.5500002,high,Agence France Presse,International,Three are killed by gunmen in Ilorin,3,1552577651,NGA,Violence against civilians,Attack
4990495,566,NIG1037,1037,20 March 2003,2003,exact date,Battles,Armed clash,Unidentified Armed Group (Nigeria),,political militias,PDP: Peoples Democratic Party,,political militias,political militia vs political militia,Western Africa,Nigeria,Rivers,Etche,,Okehi,5.1360998,7.1357002,high,All Africa,Regional,Ten are injured following an attack by gunmen at a campaign rally for PDP member Governor Peter Odili.,0,1552577651,NGA,Battles,Armed clash
4990520,566,NIG1035,1035,18 March 2003,2003,exact date,Battles,Armed clash,Ijaw Ethnic Militia (Nigeria),,identity militias,Itsekiri Ethnic Militia (Nigeria),,identity militias,communal militia vs communal militia,Western Africa,Nigeria,Bayelsa,Sagbama,,Niger Delta,4.8333001,6,medium,Associated Press Newswires,International,Eight killed including an oil worker as ethnic groups clash yet again in the Delta.,8,1552577651,NGA,Battles,Armed clash
4990543,566,NIG1032,1032,17 March 2003,2003,exact date,Riots,Violent demonstration,Rioters (Nigeria),,rioters,,,0,sole rioter action,Western Africa,Nigeria,Oyo,Ibadan North West,,Ibadan,7.3878002,3.8964,high,All Africa,Regional,The Oyo State Governors convoy is attacked by protesting students.,0,1552577651,NGA,Riots,Violent demonstration
4990553,566,NIG1033,1033,17 March 2003,2003,exact date,Violence against civilians,Attack,Unidentified Armed Group (Nigeria),,political militias,Civilians (Nigeria),PDP: Peoples Democratic Party,civilians,political militia vs civilians,Western Africa,Nigeria,Lagos,Lagos Island,,Lagos,6.4531002,3.3958001,high,All Africa,Regional,Gunmen attack a PDP Leaders house,0,1552577651,NGA,Violence against civilians,Attack
4990554,566,NIG1031,1031,17 March 2003,2003,exact date,Riots,Mob violence,Rioters (Nigeria),,rioters,Civilians (Nigeria),Government of Nigeria (2015-),civilians,rioters vs civilians,Western Africa,Nigeria,Ogun,Shagamu,,Shagamu,6.8432002,3.6478,high,Reuters News,International,Rioting youths burn the palace of a local king,0,1552577651,NGA,Riots,Mob violence
4990556,566,NIG1034,1034,17 March 2003,2003,exact date,Violence against civilians,Attack,Unidentified Armed Group (Nigeria),,political militias,Civilians (Nigeria),PDP: Peoples Democratic Party,civilians,political militia vs civilians,Western Africa,Nigeria,Gombe,Yamaltu/Deba,,Deba,10.2128,11.3878,high,All Africa,Regional,The (PDP) Peoples Democratic Party chairman in Yamaltu Deba local council,0,1552577651,NGA,Violence against civilians,Attack
4990579,566,NIG1030,1030,16 March 2003,2003,exact date,Violence against civilians,Attack,Unidentified Armed Group (Nigeria),,political militias,Civilians (Nigeria),,civilians,political militia vs civilians,Western Africa,Nigeria,Plateau,Wase,,Wase,9.1000004,9.9666996,high,All Africa,Regional,Seven are feared dead following an attack by unknown persons in masks on the Plateau State village of Wase.,7,1552577651,NGA,Violence against civilians,Attack
4990609,566,NIG1028,1028,14 March 2003,2003,exact date,Violence against civilians,Attack,Unidentified Armed Group (Nigeria),,political militias,Civilians (Nigeria),,civilians,political militia vs civilians,Western Africa,Nigeria,Ondo,Ondo West,,Ondo,7.0932002,4.8353,low,Agence France Presse,International,The presidential candidate of the NCP was attacked by men with machetes while traveling through Ondo State. Though many were injured,0,1552577651,NGA,Violence against civilians,Attack
4990618,566,NIG1029,1029,14 March 2003,2003,exact date,Violence against civilians,Attack,Ijaw Ethnic Militia (Nigeria),,identity militias,Civilians (Nigeria),,civilians,communal militia vs civilians,Western Africa,Nigeria,Delta,Warri South,,Warri,5.5166998,5.75,high,Reuters News,International,Three soldiers and four civilians were killed by the Ijaw group during a government protest in the delta over oil usage in the area. The Shell Corporation stated that they will evacuate nonessential staff due to the increasing violence.,7,1552577651,NGA,Violence against civilians,Attack
4990632,566,NIG1027,1027,13 March 2003,2003,exact date,Battles,Armed clash,PDP: Peoples Democratic Party,,political militias,AD: Alliance for Democracy,,political militias,political militia vs political militia,Western Africa,Nigeria,Lagos,Oshodi-Isolo,,Oshodi,6.5581999,3.3466001,high,All Africa,Regional,At least seven are feared dead as supporters of the PDP and AD clash in Oshodi,7,1552577651,NGA,Battles,Armed clash
4990704,566,NIG1026,1026,05 March 2003,2003,exact date,Battles,Armed clash,PDP: Peoples Democratic Party,,political militias,ANPP: All Nigeria Peoples Party,,political militias,political militia vs political militia,Western Africa,Nigeria,Osun,Ejigbo,,Isoko,7.9166999,4.2832999,high,Xinhua News,International,Supporters of the PDP and ANPP clashed in Isoko,0,1552577651,NGA,Battles,Armed clash
4990699,566,NIG1025,1025,05 March 2003,2003,exact date,Battles,Armed clash,Unidentified Armed Group (Nigeria),,political militias,Police Forces of Nigeria (1999-2015),,state forces,military vs political militia,Western Africa,Nigeria,Zamfara,Anka,,Anka,12.1138,5.9243002,high,Xinhua News,International,Ten were killed and $55,10,1552577651,NGA,Battles,Armed clash
4990713,566,NIG1024,1024,04 March 2003,2003,exact date,Riots,Mob violence,Rioters (Nigeria),,rioters,Police Forces of Nigeria (1999-2015),,state forces,military vs rioters,Western Africa,Nigeria,Delta,Oshimili South,,Asaba,6.2006001,6.7339001,high,Reuters News,International,A group of rioters beat a policeman to death near an oil field.,1,1552577651,NGA,Riots,Mob violence
5183396,566,NIG1022,1022,28 February 2003,2003,within week,Battles,Armed clash,Fulani Ethnic Militia (Nigeria),Pastoralists (Nigeria),identity militias,Police Forces of Nigeria (1999-2015),Military Forces of Nigeria (1999-2015),state forces,military vs communal militia,Western Africa,Nigeria,Adamawa,Song,,Dungma,9.7797003,12.4217,high,Vanguard,National,"About one hundred people, including 10 policemen and a soldier on have lost their lives in a renewed clash between farmers and nomadic cattle rearers at Dumne in Song Local Government Area of Adamawa State. First, Fulani herdsmen attacked civilians in the villages, before engaging with police in a clash.",11,1558387849,NGA,Battles,Armed clash
4990790,566,NIG1021,1021,28 February 2003,2003,exact date,Battles,Armed clash,Muslim Militia (Nigeria),,identity militias,Police Forces of Nigeria (1999-2015),,state forces,military vs communal militia,Western Africa,Nigeria,Kano,Kano Municipal,,Kano,11.9702,8.5044003,high,Agence France Presse,International,Islamic code enforcers and police clash in Kano over inventory of beer that was destroyed by the code enforcers,0,1552577652,NGA,Battles,Armed clash
5183397,566,NIG1023,1023,28 February 2003,2003,exact date,Violence against civilians,Attack,Fulani Ethnic Militia (Nigeria),Pastoralists (Nigeria),identity militias,Civilians (Nigeria),,civilians,communal militia vs civilians,Western Africa,Nigeria,Adamawa,Song,,Dungma,9.7797003,12.4217,high,Vanguard,National,"About one hundred people, including 10 policemen and a soldier on peace mission have lost their lives in a renewed clash between farmers and nomadic cattle rearers at Dumne in Song Local Government Area of Adamawa State. First, Fulani herdsmen attacked civilians in the villages, before engaging with police in a clash.",89,1558387849,NGA,Violence against civilians,Attack
4990809,566,NIG1019,1019,25 February 2003,2003,exact date,Violence against civilians,Attack,Unidentified Armed Group (Nigeria),,political militias,Civilians (Nigeria),,civilians,political militia vs civilians,Western Africa,Nigeria,Delta,Aniocha South,,Ishiagu,6.0352998,6.5447001,high,All Africa,Regional,Gunmen kill 25 while trying to secure a road to prevent politicians from travelling to Owerri,25,1552577652,NGA,Violence against civilians,Attack
4990810,566,NIG1020,1020,25 February 2003,2003,exact date,Battles,Armed clash,Unidentified Armed Group (Nigeria),,political militias,Police Forces of Nigeria (1999-2015),,state forces,military vs political militia,Western Africa,Nigeria,Delta,Aniocha South,,Ishiagu,6.0352998,6.5447001,high,Vanguard (Nigeria),National,Police shoot and kill four of the bandits attempting to stop a political rally from occurring.,4,1552577652,NGA,Battles,Armed clash
4990818,566,NIG1016,1016,24 February 2003,2003,exact date,Violence against civilians,Attack,Unidentified Armed Group (Nigeria),,political militias,Civilians (Nigeria),,civilians,political militia vs civilians,Western Africa,Nigeria,Imo,Owerri-Municipal,,Owerri,5.4833002,7.0303998,high,Reuters News,International,Unknown gunmen shot an killed a senior government offical,1,1552577652,NGA,Violence against civilians,Attack
4990824,566,NIG1017,1017,24 February 2003,2003,exact date,Battles,Armed clash,PDP: Peoples Democratic Party,,political militias,ANPP: All Nigeria Peoples Party,,political militias,political militia vs political militia,Western Africa,Nigeria,Ebonyi,Ebonyi,,Abakaliki,6.3162999,8.1169004,high,All Africa,Regional,The PDP and the ANPP clash in Abakaliki,0,1552577652,NGA,Battles,Armed clash
4990817,566,NIG1018,1018,24 February 2003,2003,exact date,Battles,Armed clash,PDP: Peoples Democratic Party,,political militias,ANPP: All Nigeria Peoples Party,,political militias,political militia vs political militia,Western Africa,Nigeria,Plateau,Qua'an Pan,,Kwande,8.6999998,9.3000002,high,This Day (Nigeria),Subnational,At least seven are dead as the supporters of the PDP and the ANPP clash in Kwande,7,1552577652,NGA,Battles,Armed clash
4990829,566,NIG1015,1015,23 February 2003,2003,exact date,Battles,Armed clash,Unidentified Armed Group (Nigeria),,political militias,Private Security Forces (Nigeria),Government of Nigeria (1999-2015),external/other forces,political militia vs other,Western Africa,Nigeria,Borno,Maiduguri,,Maiduguri,11.8464,13.1603,high,News (Nigeria),National,"23 February 2003 witnessed an assassination attempt on the speaker of the Borno State House of Assembly, Inuwa Kubo, at the Assembly quarters, Maiduguri, by three gunmen. One of his security men was killed.",1,1552577652,NGA,Battles,Armed clash
4990845,566,NIG1014,1014,22 February 2003,2003,exact date,Riots,Violent demonstration,Rioters (Nigeria),,rioters,Police Forces of Nigeria (1999-2015),,state forces,military vs rioters,Western Africa,Nigeria,Lagos,Lagos Island,,Lagos,6.4531002,3.3958001,high,All Africa,Regional,Police clash with protesting dockworkers in Lagos,0,1552577652,NGA,Riots,Violent demonstration
4990863,566,NIG1013,1013,20 February 2003,2003,exact date,Battles,Armed clash,PDP: Peoples Democratic Party,,political militias,ANPP: All Nigeria Peoples Party,,political militias,political militia vs political militia,Western Africa,Nigeria,Benue,Makurdi,,Makurdi,7.7410998,8.5121002,high,Reuters News,International,As supporters of the PDP and the ANPP clash in Makurdi,0,1552577652,NGA,Battles,Armed clash
4990870,566,NIG1012,1012,19 February 2003,2003,exact date,Violence against civilians,Attack,Muslim Militia (Nigeria),,identity militias,Civilians (Nigeria),,civilians,communal militia vs civilians,Western Africa,Nigeria,Oyo,Ibadan North West,,Ibadan,7.3878002,3.8964,high,All Africa,Regional,Muslim students in Ibadan,0,1552577652,NGA,Violence against civilians,Attack
4990879,566,NIG1011,1011,18 February 2003,2003,exact date,Battles,Armed clash,Unidentified Armed Group (Nigeria),,political militias,Police Forces of Nigeria (1999-2015),,state forces,military vs political militia,Western Africa,Nigeria,Kano,Kano Municipal,,Kano,11.9702,8.5044003,high,Xinhua News,International,Police in Kanom Kano State kill three armed robbers who were trying to free from authorities.,3,1552577652,NGA,Battles,Armed clash
4990897,566,NIG1010,1010,17 February 2003,2003,exact date,Battles,Armed clash,AD: Alliance for Democracy,,political militias,PDP: Peoples Democratic Party,,political militias,political militia vs political militia,Western Africa,Nigeria,Ondo,Owo,,Owo,7.1961999,5.5868001,high,Xinhua News,International,Members of the AD and PDP clash in Owo,0,1552577652,NGA,Battles,Armed clash
4990907,566,NIG1009,1009,16 February 2003,2003,exact date,Battles,Armed clash,ANPP: All Nigeria Peoples Party,,political militias,PDP: Peoples Democratic Party,,political militias,political militia vs political militia,Western Africa,Nigeria,Cross River,Obubra,,Obubra,6.0753002,8.3290005,high,Vanguard (Nigeria),National,The supporters of the ANPP and the PDP clash in Obubra,0,1552577652,NGA,Battles,Armed clash
4990976,566,NIG1008,1008,09 February 2003,2003,exact date,Battles,Armed clash,Unidentified Armed Group (Nigeria),,political militias,Police Forces of Nigeria (1999-2015),,state forces,military vs political militia,Western Africa,Nigeria,Ondo,Akure North,,Iju,7.3938999,5.2632999,high,Agence France Presse,International,Police the thieves engage in a shootout in Ekiti State following the robbing of a bullion van in Akure,0,1552577652,NGA,Battles,Armed clash
4990990,566,NIG1007,1007,07 February 2003,2003,exact date,Violence against civilians,Attack,Police Forces of Nigeria (1999-2015),,state forces,Civilians (Nigeria),,civilians,military vs civilians,Western Africa,Nigeria,Rivers,Port-Harcourt,,Port Harcourt,4.7774,7.0134001,high,Agence France Presse,International,Police shoot and kill three striking fuel price protesters following an implementation of tear gas in Port Harcourt. It was the polices aim to disperse the crowd.,3,1552577652,NGA,Violence against civilians,Attack
4991048,566,NIG1006,1006,04 February 2003,2003,exact date,Violence against civilians,Attack,Area Boys Militia,,political militias,Civilians (Nigeria),,civilians,political militia vs civilians,Western Africa,Nigeria,Lagos,Epe,,Ketu,6.6348,3.8805001,high,All Africa,Regional,"A street gang known as the """"Area Boys"""" shoot and kill a retired Brigadier-General named Funmi Oduneye in Lagos State. """,1,1552577652,NGA,Violence against civilians,Attack
4991096,566,NIG1005,1005,03 February 2003,2003,within week,Battles,Armed clash,Yugur Ethnic Militia (Nigeria),,identity militias,Fulani Ethnic Militia (Nigeria),Pastoralists (Nigeria),identity militias,communal militia vs communal militia,Western Africa,Nigeria,Taraba,Gashaka,,Dumni River,7.6167002,11.4667,high,Xinhua News,International,101 confirmed dead in clash between the Yugur People and Fulani Herdsmen in Adamawa State over land. Among the dead are several members of the Police forces of the state.,101,1552577652,NGA,Battles,Armed clash
4991107,566,NIG1003,1003,02 February 2003,2003,exact date,Explosions/Remote violence,Remote explosive/landmine/IED,Unidentified Armed Group (Nigeria),,political militias,Civilians (Nigeria),,civilians,political militia vs civilians,Western Africa,Nigeria,Lagos,Lagos Island,,Lagos,6.4531002,3.3958001,high,Associated Press Newswires,International,A militant group in Lagos City levels buildings with a series of explosions killing 44 and injuring many others.,44,1552577652,NGA,Explosions/Remote violence,Remote explosive/landmine/IED
4991111,566,NIG1004,1004,02 February 2003,2003,exact date,Violence against civilians,Attack,Unidentified Armed Group (Nigeria),,political militias,Civilians (Nigeria),,civilians,political militia vs civilians,Western Africa,Nigeria,Delta,Warri South,,Warri,5.5166998,5.75,high,All Africa,Regional,At least twelve are dead and property damaged as violence erupts in the Okere area of Warri city.,12,1552577652,NGA,Violence against civilians,Attack
4991158,566,NIG1001,1001,30 January 2003,2003,exact date,Riots,Violent demonstration,Rioters (Nigeria),,rioters,,,0,sole rioter action,Western Africa,Nigeria,Lagos,Ikeja,,Ikeja,6.5942001,3.3375001,high,All Africa,Regional,Police in Ikeja arrest or detain several members of the Nigeria Laboour Congress (NLC) for rioting and throwing things at officials of an aluminum plant in the city.,0,1552577652,NGA,Riots,Violent demonstration
5021533,566,NIG1000,1000,30 January 2003,2003,exact date,Violence against civilians,Attack,Unidentified Armed Group (Nigeria),,political militias,Civilians (Nigeria),,civilians,political militia vs civilians,Western Africa,Nigeria,Zamfara,Gusau,,Kwatarkwashi,12.1408,6.822,high,Xinhua News,International,Armed Robbers attack 10 commercial vehicles at Kotorkoshi,0,1553544833,NGA,Violence against civilians,Attack
4991160,566,NIG1002,1002,30 January 2003,2003,exact date,Violence against civilians,Attack,Unidentified Armed Group (Nigeria),,political militias,Civilians (Nigeria),,civilians,political militia vs civilians,Western Africa,Nigeria,Rivers,Port-Harcourt,,Port Harcourt,4.7774,7.0134001,high,All Africa,Regional,Lucy Eqwuruanga Okefi,0,1552577652,NGA,Violence against civilians,Attack
4991208,566,NIG998,998,25 January 2003,2003,exact date,Violence against civilians,Attack,Onogboko Ethnic Militia (Nigeria),,identity militias,Civilians (Nigeria),,civilians,communal militia vs civilians,Western Africa,Nigeria,Delta,Isoko North,,Onogboko,5.4549999,6.4368,high,Xinhua News,International,At least five are dead when a clash among the Onogboko Community sparks following a disagreement villagers had about the right to a fishing lake.,5,1552577652,NGA,Violence against civilians,Attack
4991209,566,NIG999,999,25 January 2003,2003,within week,Violence against civilians,Attack,Unidentified Armed Group (Nigeria),,political militias,Civilians (Nigeria),,civilians,political militia vs civilians,Western Africa,Nigeria,Borno,Biu,,Biu,10.6129,12.1946,high,All Africa,Regional,Armed vandals stormed a government convoy containing Governor Mala Kachallah in Borna State. There were injuries,0,1552577652,NGA,Violence against civilians,Attack
4991216,566,NIG997,997,24 January 2003,2003,exact date,Battles,Armed clash,Bakassi Boys Militia,,political militias,Unidentified Armed Group (Nigeria),,political militias,political militia vs political militia,Western Africa,Nigeria,Anambra,Awka South,,Awka,6.2101002,7.0741,low,Reuters News,International,Five members of the vigilante group known as the Bakassi Boys were attacked by masked gunmen in Anambra State.,0,1552577652,NGA,Battles,Armed clash
5181432,566,NIG996,996,24 January 2003,2003,exact date,Protests,Peaceful protest,Protesters (Nigeria),,protesters,,,0,sole protester action,Western Africa,Nigeria,Bayelsa,Sagbama,,Niger Delta,4.8333001,6,medium,Associated Press Newswires,International,A group of women an canoes protest safeguards on oil standards by blocking water excess to a Naval base in the Delta.,0,1557850486,NGA,Protests,Peaceful protest
4991240,566,NIG995,995,21 January 2003,2003,exact date,Riots,Violent demonstration,Rioters (Nigeria),,rioters,Police Forces of Nigeria (1999-2015),,state forces,military vs rioters,Western Africa,Nigeria,Delta,Uvwie,,Effurun,5.5545998,5.7862,high,All Africa,Regional,As many as 100 youths in Effurun,0,1552577652,NGA,Riots,Violent demonstration
4991246,566,NIG993,993,20 January 2003,2003,exact date,Violence against civilians,Attack,Unidentified Armed Group (Chad),,political militias,Civilians (Nigeria),,civilians,political militia vs civilians,Western Africa,Nigeria,Kano,Kiru,,Baure,11.5502,8.1803999,high,Agence France Presse,International,Suspected Chadian rebels killed three people in a robbery attack on a bus deep inside neighbouring Nigeria,3,1552577652,NGA,Violence against civilians,Attack
4991272,566,NIG992,992,17 January 2003,2003,exact date,Battles,Armed clash,Ayele Communal Militia (Nigeria),,identity militias,Iggah Communal Militia (Nigeria),,identity militias,communal militia vs communal militia,Western Africa,Nigeria,Nasarawa,Lafia,,Lafia,8.4833002,8.5166998,high,All Africa,Regional,A communal clash between the Ayele and the Iggah communities leads to the killing of a civilian named Malam Aminu Ahmed.,1,1552577652,NGA,Battles,Armed clash
4991302,566,NIG990,990,14 January 2003,2003,exact date,Battles,Armed clash,Police Forces of Nigeria (1999-2015),,state forces,Unidentified Armed Group (Nigeria),,political militias,military vs political militia,Western Africa,Nigeria,Oyo,Ibadan North West,,Ibadan,7.3878002,3.8964,high,All Africa,Regional,Armed robbers kill three police in Oyo State after a firefight.,3,1552577652,NGA,Battles,Armed clash
4991297,566,NIG991,991,14 January 2003,2003,exact date,Battles,Armed clash,Police Forces of Nigeria (1999-2015),,state forces,Unidentified Armed Group (Nigeria),,political militias,military vs political militia,Western Africa,Nigeria,Anambra,Onitsha North,,Onitsha,6.1454,6.7884998,high,All Africa,Regional,Police kill seven armed robbers in Onitsha.,7,1552577652,NGA,Battles,Armed clash
4991305,566,NIG989,989,13 January 2003,2003,exact date,Battles,Armed clash,AP: Action Party,,political militias,Northern Peoples Congress Militia,,political militias,political militia vs political militia,Western Africa,Nigeria,Niger,Chanchaga,,Minna,9.6139002,6.5569,high,All Africa,Regional,The supporters of Governor Kure and the supporters engineer Bello clash in Minna.,0,1552577652,NGA,Battles,Armed clash
4991346,566,NIG988,988,08 January 2003,2003,within week,Battles,Armed clash,Ijaw Ethnic Militia (Nigeria),,identity militias,Itsekiri Ethnic Militia (Nigeria),,identity militias,communal militia vs communal militia,Western Africa,Nigeria,Bayelsa,Sagbama,,Niger Delta,4.8333001,6,medium,Reuters News,International,At least ten are dead in a right-to-oil driven clash between the Ijaw and Itsekiri communities in the Delta.,10,1552577652,NGA,Battles,Armed clash
4991352,566,NIG987,987,07 January 2003,2003,exact date,Violence against civilians,Attack,Police Forces of Nigeria (1999-2015),,state forces,Civilians (Nigeria),,civilians,military vs civilians,Western Africa,Nigeria,Federal Capital Territory,Abuja Municipal,,Abuja,9.0832996,7.5332999,high,Reuters News,International,Police shot and killed eight fuel price protesters/strikers in Abuja. Included were 80 arrests. The police were attempting to disperse the crowd.,8,1552577652,NGA,Violence against civilians,Attack
4991380,566,NIG986,986,06 January 2003,2003,exact date,Violence against civilians,Attack,Area Boys Militia,,political militias,Civilians (Nigeria),OPC: Oodua Peoples Congress; Yoruba Ethnic Group (Nigeria),civilians,political militia vs civilians,Western Africa,Nigeria,Lagos,Lagos Mainland,,Ebute-Metta,6.4826999,3.3899,high,All Africa,Regional,The Area Boys attack members of the OPC in Lagos State.,0,1552577652,NGA,Violence against civilians,Attack
4991389,566,NIG985,985,05 January 2003,2003,exact date,Strategic developments,Looting/property destruction,Unidentified Armed Group (Nigeria),,political militias,,,0,sole political militia action,Western Africa,Nigeria,Delta,Warri South West,,Escravos,5.5801001,5.1792002,medium,WMRC Daily News,Regional,Property destruction: Vandals attack an oil pipeline near the Escravos-River,0,1552577652,NGA,Strategic developments,Looting/property destruction
4991403,566,NIG983,983,04 January 2003,2003,exact date,Violence against civilians,Attack,Unidentified Armed Group (Nigeria),,political militias,Civilians (Nigeria),,civilians,political militia vs civilians,Western Africa,Nigeria,Ekiti,Ado Ekiti,,Ado-Ekiti,7.6209998,5.2214999,high,The Independent,International,Gunmen murder Yemi Oni,1,1552577652,NGA,Violence against civilians,Attack
4991415,566,NIG984,984,04 January 2003,2003,exact date,Violence against civilians,Attack,Unidentified Armed Group (Nigeria),,political militias,Civilians (Nigeria),,civilians,political militia vs civilians,Western Africa,Nigeria,Kwara,Ilorin East,,Illorin,8.5,4.5500002,high,All Africa,Regional,Gunmen kill a student in Ilorin,1,1552577652,NGA,Violence against civilians,Attack
4991441,566,NIG979,979,02 January 2003,2003,exact date,Battles,Armed clash,Urhobo Ethnic Militia (Nigeria),,identity militias,Itsekiri Ethnic Militia (Nigeria),,identity militias,communal militia vs communal militia,Western Africa,Nigeria,Delta,Warri South,,Warri,5.5166998,5.75,high,Reuters News,International,Rival ethnic gangs in Warri clash over a recent election resulting in the death of 12 civilians and one soldier who was present to break up the fighting. Curfews have been imposed.,13,1552577652,NGA,Battles,Armed clash
4991446,566,NIG982,982,02 January 2003,2003,within week,Battles,Armed clash,Wukari Communal Militia (Nigeria),Farmers (Nigeria),identity militias,Wukari Communal Militia (Nigeria),Pastoralists (Nigeria),identity militias,communal militia vs communal militia,Western Africa,Nigeria,Taraba,Wukari,,Wukari,7.8499999,9.7833004,high,BBC Monitoring Africa,National,Violence erupted between farmers and nomads in the small town of Wukari over land adjacent to the battle. Police broke up the dispute and made several arrests.,0,1552577652,NGA,Battles,Armed clash
4991461,566,NIG978,978,01 January 2003,2003,exact date,Riots,Mob violence,Rioters (Nigeria),Biro Ethnic Group (Nigeria),rioters,Rioters (Nigeria),Fulani Ethnic Group (Nigeria); Pastoralists (Nigeria),rioters,rioters vs rioters,Western Africa,Nigeria,Plateau,Riyom,,Riyom,9.6332998,8.7666998,high,Xinhua News,International,Biro youths and Fulani herdsmen clash in Riyom due to a previous attack launch by to youths.,0,1552577652,NGA,Riots,Mob violence
