data_id,iso,event_id_cnty,event_id_no_cnty,event_date,year,time_precision,event_type,sub_event_type,actor1,assoc_actor_1,inter1,actor2,assoc_actor_2,inter2,interaction,region,country,admin1,admin2,admin3,location,latitude,longitude,geo_precision,source,source_scale,notes,fatalities,timestamp,iso3,event_code,subevent_code
4966148,566,NIG2441,2441,28 December 2009,2009,exact date,Battles,Armed clash,Bakassi Boys Militia,,political militias,Military Forces of Nigeria (1999-2015),,state forces,military vs political militia,Western Africa,Nigeria,Cross River,Akpabuyo,,Kwa Island,4.7515998,8.4259005,high,All Africa,Regional,Three a killed as members of the Bakassi Freedom Fighters (BFF) clashed with the Nigerian Navy ship NNS Victory in Cross River State. The attackers were demanding payment of welfare allowances.,3,1552577624,NGA,Battles,Armed clash
4966145,566,NIG2440,2440,28 December 2009,2009,exact date,Battles,Armed clash,Kalo-Kato Militia,,political militias,Police Forces of Nigeria (1999-2015),Military Forces of Nigeria (1999-2015),state forces,military vs political militia,Western Africa,Nigeria,Bauchi,Bauchi,,Bauchi,10.3134,9.8432999,high,Reuters News,International,Kalo-Kato militia clashes with security forces in Bauchi.,0,1552577624,NGA,Battles,Armed clash
4966174,566,NIG2439,2439,22 December 2009,2009,exact date,Violence against civilians,Attack,Unidentified Armed Group (Nigeria),,political militias,Civilians (Nigeria),,civilians,political militia vs civilians,Western Africa,Nigeria,Abia,Arochukwu,,Arochukwu,5.3898001,7.914,medium,All Africa,Regional,Armed men attack and kill the former Nigerian Ambassador to Ukraine,1,1552577624,NGA,Violence against civilians,Attack
4966177,566,NIG2438,2438,22 December 2009,2009,exact date,Explosions/Remote violence,Remote explosive/landmine/IED,Unidentified Armed Group (Nigeria),,political militias,Civilians (Nigeria),,civilians,political militia vs civilians,Western Africa,Nigeria,Lagos,Lagos Island,,Lagos,6.4531002,3.3958001,high,All Africa,Regional,An unknown person sent an explosive to Superscreen,0,1552577624,NGA,Explosions/Remote violence,Remote explosive/landmine/IED
4966196,566,NIG2437,2437,18 December 2009,2009,exact date,Protests,Protest with intervention,Protesters (Nigeria),Ijaw Ethnic Group (Nigeria),protesters,Military Forces of Nigeria (1999-2015),,state forces,military vs protesters,Western Africa,Nigeria,Edo,Ovia North East,,Ikoro,6.2781,5.4466,high,All Africa,Regional,The Tjaw community stages a protest following a military raid on their village. Witnesses said the soldiers invaded their community without provocation,0,1552577624,NGA,Protests,Protest with intervention
4966194,566,NIG2436,2436,18 December 2009,2009,exact date,Battles,Armed clash,Kogi Communal Militia (Nigeria),Taraba Communal Militia (Nigeria),identity militias,Udeni-Gida Communal Militia (Nigeria),,identity militias,communal militia vs communal militia,Western Africa,Nigeria,Nasarawa,Nasarawa-Eggon,,Udeni,8.2761002,7.9903002,high,Voice of America Press Releases and Documents,International,30 are killed and homes bunt when Kogi and Taraba State cattle herders raid the farm village of Udeni Gida for reasons unknown.,30,1552577624,NGA,Battles,Armed clash
4966253,566,NIG2435,2435,14 December 2009,2009,exact date,Explosions/Remote violence,Remote explosive/landmine/IED,Unidentified Armed Group (Nigeria),,political militias,Civilians (Nigeria),,civilians,political militia vs civilians,Western Africa,Nigeria,Ogun,Obafemi-Owode,,Okeigbala,7,3.5833001,medium,All Africa,Regional,An unknown person or persons vandalize a oil pipeline owned by the NNPC causing it to explode,0,1552577624,NGA,Explosions/Remote violence,Remote explosive/landmine/IED
4966244,566,NIG2434,2434,14 December 2009,2009,exact date,Battles,Armed clash,Onitsha Communal Militia (Nigeria),,identity militias,Police Forces of Nigeria (1999-2015),,state forces,military vs communal militia,Western Africa,Nigeria,Anambra,Onitsha North,,Onitsha,6.1454,6.7884998,high,All Africa,Regional,One person in dead and a mobile police officer was beaten into a coma when a police special unit known as the State Special Anti-Robbery Squad (SARS) engaged a known militia in Onitsha.,1,1552577624,NGA,Battles,Armed clash
4966272,566,NIG2432,2432,10 December 2009,2009,exact date,Riots,Violent demonstration,Rioters (Nigeria),,rioters,,,0,sole rioter action,Western Africa,Nigeria,Delta,Warri South,,Warri,5.5166998,5.75,high,All Africa,Regional,The Okada Riders,0,1552577624,NGA,Riots,Violent demonstration
4966273,566,NIG2433,2433,10 December 2009,2009,exact date,Violence against civilians,Attack,Police Forces of Nigeria (1999-2015),,state forces,Civilians (Nigeria),,civilians,military vs civilians,Western Africa,Nigeria,Bauchi,Bauchi,,Bauchi,10.3134,9.8432999,high,All Africa,Regional,Eight residents of Bundu waterfront in Bauchi were shot dead by police when they refused to leave their homes as demolition crews prepared to pave way on a new construction project.,8,1552577624,NGA,Violence against civilians,Attack
4966313,566,NIG2431,2431,07 December 2009,2009,exact date,Battles,Armed clash,Military Forces of Nigeria (1999-2015),,state forces,MEND: Movement for the Emancipation of the Niger Delta,,rebel groups,military vs rebels,Western Africa,Nigeria,Lagos,Lagos Island,,Lagos,6.4531002,3.3958001,high,All Africa,Regional,MEND claims attack on Atlas Cove in Lagos; battles with naval officers,0,1552577624,NGA,Battles,Armed clash
4966332,566,NIG2430,2430,05 December 2009,2009,exact date,Violence against civilians,Attack,Police Forces of Nigeria (1999-2015),Muslim Militia (Nigeria),state forces,Civilians (Nigeria),Christian Group (Nigeria),civilians,military vs civilians,Western Africa,Nigeria,Kano,Bichi,,Bichi,12.2343,8.2412004,medium,Panafrican News Agency,Regional,Police kill Christians in reprisal attacks,1,1552577624,NGA,Violence against civilians,Attack
4966341,566,NIG2429,2429,04 December 2009,2009,exact date,Violence against civilians,Sexual violence,Unidentified Armed Group (Nigeria),,political militias,Civilians (Nigeria),,civilians,political militia vs civilians,Western Africa,Nigeria,Bayelsa,Southern Ijaw,,Oporoma,4.8046999,6.0788999,medium,All Africa,Regional,Militants rob and rape civilians,0,1552577624,NGA,Violence against civilians,Sexual violence
4966334,566,NIG2428,2428,04 December 2009,2009,exact date,Battles,Armed clash,Military Forces of Nigeria (1999-2015),,state forces,Unidentified Armed Group (Nigeria),,political militias,military vs political militia,Western Africa,Nigeria,Bayelsa,Southern Ijaw,,Oporoma,4.8046999,6.0788999,medium,All Africa,Regional,Military battles armed militants,0,1552577624,NGA,Battles,Armed clash
4966345,566,NIG2427,2427,03 December 2009,2009,exact date,Strategic developments,Arrests,Military Forces of Nigeria (1999-2015) Joint Task Force,,state forces,Unidentified Armed Group (Nigeria),,political militias,military vs political militia,Western Africa,Nigeria,Rivers,Emohua,,Elele Alimini,5.0559001,6.7321,high,All Africa,Regional,JTF arrests two militants in Rivers State.,0,1552577624,NGA,Strategic developments,Arrests
4966368,566,NIG2426,2426,30 November 2009,2009,exact date,Violence against civilians,Attack,Unidentified Armed Group (Nigeria),,political militias,Civilians (International),,civilians,political militia vs civilians,Western Africa,Nigeria,Lagos,Lagos Island,,Lagos,6.4531002,3.3958001,high,All Africa,Regional,Nigerian pirates raid a Russian cargo vessel docked in Lagos and beat up the crew. Nine seamen were wounded out of a total of 23 Russian and Ukrainian civilians aboard.,0,1552577624,NGA,Violence against civilians,Attack
4966369,566,NIG2425,2425,30 November 2009,2009,within week,Violence against civilians,Attack,Unidentified Armed Group (Nigeria),,political militias,Civilians (Nigeria),,civilians,political militia vs civilians,Western Africa,Nigeria,Kwara,Moro,,Alaba,8.8167,4.2333002,high,All Africa,Regional,An unknown gunman shot and killed a Lagos-based businessman at the popular Alaba International market,1,1552577624,NGA,Violence against civilians,Attack
4966378,566,NIG2424,2424,29 November 2009,2009,exact date,Battles,Armed clash,PDP: Peoples Democratic Party,,political militias,PDP: Peoples Democratic Party,,political militias,political militia vs political militia,Western Africa,Nigeria,Bayelsa,Ekeremor,,Ekeremor,5.0556002,5.7800999,high,All Africa,Regional,One is dead and twenty others sustain gunshot wounds when supporters of two rival camps of the PDP clashed over which candidate should run in the primary for Bayelsa State in an upcoming election.,1,1552577624,NGA,Battles,Armed clash
4966386,566,NIG2423,2423,27 November 2009,2009,exact date,Riots,Violent demonstration,Rioters (Nigeria),,rioters,,,0,sole rioter action,Western Africa,Nigeria,Delta,Uvwie,,Effurun,5.5545998,5.7862,high,All Africa,Regional,Following a oil truck accident,0,1552577624,NGA,Riots,Violent demonstration
4966397,566,NIG2422,2422,26 November 2009,2009,exact date,Violence against civilians,Attack,Unidentified Armed Group (Ghana),,political militias,Civilians (Nigeria),Civilians (International),civilians,political militia vs civilians,Western Africa,Nigeria,Lagos,Lagos Island,,Lagos,6.4531002,3.3958001,high,This Day (Nigeria),Subnational,Ghanaian pirates seized a civilian vessel which operates out of Lagos,0,1552577624,NGA,Violence against civilians,Attack
4966407,566,NIG2421,2421,25 November 2009,2009,exact date,Violence against civilians,Attack,Police Forces of Nigeria (1999-2015),,state forces,Civilians (Nigeria),,civilians,military vs civilians,Western Africa,Nigeria,Oyo,Ibadan North West,,Ibadan,7.3878002,3.8964,high,All Africa,Regional,Following the death of his child at a hospital a policeman went on a blind rampage firing teargas into the hospital,0,1552577624,NGA,Violence against civilians,Attack
4966458,566,NIG2420,2420,17 November 2009,2009,exact date,Strategic developments,Other,Unidentified Armed Group (Nigeria),,political militias,,,0,sole political militia action,Western Africa,Nigeria,Ondo,Ilaje,,Ago-Ilaje,6.3234,4.7248998,high,All Africa,Regional,Non-violent activity: A gang of youths overtake a oil derrick of the coast of Ilaje,0,1552577624,NGA,Strategic developments,Other
4966461,566,NIG2419,2419,16 November 2009,2009,exact date,Riots,Violent demonstration,Rioters (Nigeria),,rioters,,,0,sole rioter action,Western Africa,Nigeria,Cross River,Akamkpa,,Ojo,5.4061999,8.2728004,high,All Africa,Regional,One killed and eight injured when suspected militant students of Lagos State University staged a protest against the proposed closure of the school turns violent.,1,1552577624,NGA,Riots,Violent demonstration
4966467,566,NIG2418,2418,15 November 2009,2009,exact date,Riots,Violent demonstration,Rioters (Nigeria),PDP: Peoples Democratic Party,rioters,,,0,sole rioter action,Western Africa,Nigeria,Federal Capital Territory,Abuja Municipal,,Abuja,9.0832996,7.5332999,high,All Africa,Regional,,0,1552577624,NGA,Riots,Violent demonstration
4966479,566,NIG2417,2417,14 November 2009,2009,exact date,Violence against civilians,Attack,Unidentified Armed Group (Nigeria),,political militias,Civilians (Nigeria),PDP: Peoples Democratic Party,civilians,political militia vs civilians,Western Africa,Nigeria,Bayelsa,Yenegoa,,Yenagoa,4.9246998,6.2642002,high,All Africa,Regional,Unknown men,0,1552577624,NGA,Violence against civilians,Attack
4966476,566,NIG2416,2416,14 November 2009,2009,exact date,Battles,Armed clash,Yanbola Street Gang,,political militias,Yangwoza Street Gang,,political militias,political militia vs political militia,Western Africa,Nigeria,Federal Capital Territory,Abuja Municipal,,Abuja,9.0832996,7.5332999,high,All Africa,Regional,A clash between two politically minded street gangs results in the death of one person involved. Violence occurred when the Yangwoza group sought the cooperation of the Yanbolas in an upcoming election and did not get it.,1,1552577624,NGA,Battles,Armed clash
4966557,566,NIG2415,2415,06 November 2009,2009,exact date,Violence against civilians,Attack,Police Forces of Nigeria (1999-2015),,state forces,Civilians (Nigeria),Muslim Group (Nigeria),civilians,military vs civilians,Western Africa,Nigeria,Borno,Maiduguri,,Maiduguri,11.8464,13.1603,high,The New York Times,International,Police open fire on funeral procession for member of Islamic sect Boko Haram; 17 injured,0,1552577624,NGA,Violence against civilians,Attack
4966580,566,NIG2414,2414,04 November 2009,2009,within week,Violence against civilians,Attack,Military Forces of Nigeria (1999-2015),,state forces,Civilians (Nigeria),,civilians,military vs civilians,Western Africa,Nigeria,Ondo,Ilaje,,Atijere,6.4116001,4.5489001,high,All Africa,Regional,Military opens fire on fishermen protesting oil industrys actions; four killed,4,1552577624,NGA,Violence against civilians,Attack
4966587,566,NIG2413,2413,03 November 2009,2009,exact date,Battles,Armed clash,PDP: Peoples Democratic Party,,political militias,AC: Action Congress,,political militias,political militia vs political militia,Western Africa,Nigeria,Oyo,Ibadan North West,,Ibadan,7.3878002,3.8964,high,Vanguard (Nigeria),National,Violence between supporters of AC candidate and PDP candidate,0,1552577624,NGA,Battles,Armed clash
4966592,566,NIG2412,2412,02 November 2009,2009,exact date,Riots,Violent demonstration,Military Forces of Nigeria (1999-2015) Joint Task Force,,state forces,Rioters (Nigeria),,rioters,military vs rioters,Western Africa,Nigeria,Akwa Ibom,Uyo,,Uyo,5.0332999,7.9266,high,All Africa,Regional,Protesters clash with JTF at Uyo main market,0,1552577624,NGA,Riots,Violent demonstration
4966606,566,NIG2411,2411,01 November 2009,2009,exact date,Battles,Armed clash,Military Forces of Nigeria (1999-2015),,state forces,Unidentified Armed Group (Nigeria),,political militias,military vs political militia,Western Africa,Nigeria,Delta,Bomadi,,Bomadi,5.1592999,5.9252,high,Vanguard (Nigeria),National,Militants attack military location,0,1552577624,NGA,Battles,Armed clash
4966647,566,NIG2410,2410,28 October 2009,2009,exact date,Battles,Armed clash,Taliban Militia (Nigeria),,identity militias,Police Forces of Nigeria (1999-2015),,state forces,military vs communal militia,Western Africa,Nigeria,Borno,Maiduguri,,Maiduguri,11.8464,13.1603,high,Plus News Pakistan,International,Police forces shoot and kill the leader of a self-styled Taliban sect,1,1552577624,NGA,Battles,Armed clash
4966699,566,NIG2409,2409,24 October 2009,2009,exact date,Battles,Armed clash,Unidentified Armed Group (Nigeria),,political militias,Police Forces of Nigeria (1999-2015),,state forces,military vs political militia,Western Africa,Nigeria,Rivers,Port-Harcourt,,Port Harcourt,4.7774,7.0134001,high,All Africa,Regional,An unknown man shot and killed the chief security officer of the University of Port Harcourt after the officer responded to a distress call at the residence of a university professor.,1,1552577624,NGA,Battles,Armed clash
4966711,566,NIG2408,2408,21 October 2009,2009,exact date,Violence against civilians,Attack,Police Forces of Nigeria (1999-2015),,state forces,Civilians (Nigeria),,civilians,military vs civilians,Western Africa,Nigeria,Kwara,Asa,,Idi Araba,8.5166998,4.3832998,high,All Africa,Regional,"A police officer guarding a bank shot and killed a motorcyclist known as Okada. Motorcycle gangs have recently caused trouble for police in the area which can partially account for the actions of the police officer. """,1,1552577624,NGA,Violence against civilians,Attack
4966758,566,NIG2407,2407,18 October 2009,2009,exact date,Strategic developments,Looting/property destruction,MEND: Movement for the Emancipation of the Niger Delta,,rebel groups,,,0,sole rebels action,Western Africa,Nigeria,Bayelsa,Sagbama,,Niger Delta,4.8333001,6,medium,All Africa,Regional,Property destruction: MEND has resumed attacks on the oil industry in Rivers State,0,1552577624,NGA,Strategic developments,Looting/property destruction
4966774,566,NIG2406,2406,16 October 2009,2009,exact date,Battles,Armed clash,Effurun Communal Militia (Nigeria),,identity militias,Effurun Communal Militia (Nigeria),,identity militias,communal militia vs communal militia,Western Africa,Nigeria,Delta,Uvwie,,Effurun,5.5545998,5.7862,high,All Africa,Regional,Two are kill in a altercation between two factions of the Effurun community. The precise reason for the attack remains unknown,2,1552577624,NGA,Battles,Armed clash
4966816,566,NIG2405,2405,13 October 2009,2009,exact date,Riots,Violent demonstration,Rioters (Nigeria),,rioters,,,0,sole rioter action,Western Africa,Nigeria,Rivers,Port-Harcourt,,Port Harcourt,4.7774,7.0134001,high,Reuters News,International,Eight die when a protest against the hazing of homes by the government turns violent then deadly.,8,1552577624,NGA,Riots,Violent demonstration
4966864,566,NIG2404,2404,07 October 2009,2009,exact date,Strategic developments,Looting/property destruction,MEND: Movement for the Emancipation of the Niger Delta,,rebel groups,,,0,sole rebels action,Western Africa,Nigeria,Delta,Warri South West,,Escravos,5.5801001,5.1792002,high,All Africa,Regional,Property destruction: MEND destroys pipeline,0,1552577625,NGA,Strategic developments,Looting/property destruction
4966890,566,NIG2401,2401,06 October 2009,2009,exact date,Protests,Peaceful protest,Protesters (Nigeria),,protesters,,,0,sole protester action,Western Africa,Nigeria,Nasarawa,Lafia,,Lafia,8.4833002,8.5166998,high,All Africa,Regional,Children orphaned by HIV/AIDS protest government insensitivity and lack of access to education,0,1552577625,NGA,Protests,Peaceful protest
4966888,566,NIG2403,2403,06 October 2009,2009,exact date,Battles,Armed clash,Military Forces of Nigeria (1999-2015),,state forces,Unidentified Armed Group (Nigeria),,political militias,military vs political militia,Western Africa,Nigeria,Bayelsa,Ekeremor,,Ekeremor,5.0556002,5.7800999,medium,Platts Commodity News,Other,Military battles armed militants,0,1552577625,NGA,Battles,Armed clash
4966925,566,NIG2400,2400,03 October 2009,2009,exact date,Riots,Violent demonstration,Rioters (Nigeria),,rioters,,,0,sole rioter action,Western Africa,Nigeria,Plateau,Jos North,,Jos,9.9285002,8.8921003,high,All Africa,Regional,Irate youths protest,0,1552577625,NGA,Riots,Violent demonstration
4966970,566,NIG2399,2399,30 September 2009,2009,exact date,Battles,Armed clash,Unidentified Armed Group (Nigeria),,political militias,Nassarawa Gwom Communal Militia (Nigeria),,identity militias,political militia vs communal militia,Western Africa,Nigeria,Plateau,Jos North,,Jos,9.9285002,8.8921003,high,All Africa,Regional,Violence occurred between two youth gangs in Jos because one group was protesting the alleged high-handedness of the vigilante group in the area which reportedly resulted in the death of a youth of their gang.,0,1552577625,NGA,Battles,Armed clash
4966983,566,NIG2397,2397,29 September 2009,2009,exact date,Violence against civilians,Attack,Unidentified Armed Group (Nigeria),,political militias,Civilians (Nigeria),,civilians,political militia vs civilians,Western Africa,Nigeria,Lagos,Lagos Island,,Lagos,6.4531002,3.3958001,medium,All Africa,Regional,A manager of a top Nigerian blue-chip company,0,1552577625,NGA,Violence against civilians,Attack
4966989,566,NIG2398,2398,29 September 2009,2009,exact date,Battles,Armed clash,Unidentified Armed Group (Nigeria),,political militias,Police Forces of Nigeria (1999-2015),Military Forces of Nigeria (1999-2015),state forces,military vs political militia,Western Africa,Nigeria,Abia,Aba South,,Aba,5.1065998,7.3667002,high,All Africa,Regional,Kidnappers kill ten police and military personnel when they clashed at a police station in Aba,10,1552577625,NGA,Battles,Armed clash
4966980,566,NIG2396,2396,29 September 2009,2009,exact date,Battles,Armed clash,Unidentified Armed Group (Nigeria),,political militias,Police Forces of Nigeria (1999-2015),,state forces,military vs political militia,Western Africa,Nigeria,Abia,Umuahia North,,Umuahia,5.5263,7.4896002,low,Reuters News,International,Nigerian police attempt to rescue hostages taken by kidnappers,0,1552577625,NGA,Battles,Armed clash
4967002,566,NIG2395,2395,28 September 2009,2009,exact date,Violence against civilians,Attack,ANPP: All Nigeria Peoples Party,,political militias,Civilians (Nigeria),PDP: Peoples Democratic Party,civilians,political militia vs civilians,Western Africa,Nigeria,Anambra,Awka South,,Awka,6.2101002,7.0741,low,All Africa,Regional,ANPP supporters assault PDP supporters.,0,1552577625,NGA,Violence against civilians,Attack
4967008,566,NIG2394,2394,26 September 2009,2009,exact date,Riots,Violent demonstration,Rioters (Nigeria),,rioters,,,0,sole rioter action,Western Africa,Nigeria,Lagos,Ifako-Ijaye,,Iju,6.6578999,3.3232,high,All Africa,Regional,Residents took to the streets protesting the police killing of a youth,1,1552577625,NGA,Riots,Violent demonstration
4967046,566,NIG2393,2393,21 September 2009,2009,exact date,Violence against civilians,Attack,Unidentified Armed Group (Nigeria),,political militias,Civilians (Nigeria),,civilians,political militia vs civilians,Western Africa,Nigeria,Kaduna,Kaura,,Manchok,9.6667004,8.5166998,high,HIS Global Insight Daily Analysis,International,Waje Yayok,0,1552577625,NGA,Violence against civilians,Attack
4967055,566,NIG2392,2392,20 September 2009,2009,exact date,Violence against civilians,Attack,Unidentified Armed Group (Nigeria),,political militias,Civilians (Nigeria),,civilians,political militia vs civilians,Western Africa,Nigeria,Rivers,Emohua,,Egbeda,5.2340999,6.7519002,high,All Africa,Regional,Attack against civilians in Egbeda.,0,1552577625,NGA,Violence against civilians,Attack
4967054,566,NIG2391,2391,20 September 2009,2009,exact date,Battles,Armed clash,Shiite Muslim Militia (Nigeria),,identity militias,Police Forces of Nigeria (1999-2015),,state forces,military vs communal militia,Western Africa,Nigeria,Kaduna,Sabon-Gari,,Zaria,11.1132,7.7252002,high,All Africa,Regional,Three more members of a Palestinian Shiite group were killed by police during a solidarity procession.,3,1552577625,NGA,Battles,Armed clash
4967062,566,NIG2390,2390,18 September 2009,2009,exact date,Riots,Violent demonstration,Rioters (Nigeria),,rioters,,,0,sole rioter action,Western Africa,Nigeria,Imo,Owerri-Municipal,,Owerri,5.4833002,7.0303998,high,All Africa,Regional,Riots in Owerri. Reasons not known.,0,1552577625,NGA,Riots,Violent demonstration
4967065,566,NIG2389,2389,18 September 2009,2009,exact date,Riots,Mob violence,Rioters (Nigeria),Shiite Muslim Group (Nigeria),rioters,Police Forces of Nigeria (1999-2015),,state forces,military vs rioters,Western Africa,Nigeria,Kaduna,Sabon-Gari,,Zaria,11.1132,7.7252002,high,Reuters News,International,During a Shiite street celebration violence broke out and a battle ensued with police,0,1552577625,NGA,Riots,Mob violence
4967103,566,NIG2388,2388,14 September 2009,2009,within week,Violence against civilians,Attack,Unidentified Armed Group (Nigeria),,political militias,Civilians (International),,civilians,political militia vs civilians,Western Africa,Nigeria,Imo,Owerri-Municipal,,Owerri,5.4833002,7.0303998,high,All Africa,Regional,a group of armed men attacked and kidnap a British doctor,0,1552577625,NGA,Violence against civilians,Attack
4967113,566,NIG2387,2387,13 September 2009,2009,exact date,Violence against civilians,Attack,Unidentified Armed Group (Nigeria),,political militias,Civilians (Nigeria),,civilians,political militia vs civilians,Western Africa,Nigeria,Federal Capital Territory,Abuja Municipal,,Abuja,9.0832996,7.5332999,high,All Africa,Regional,Unknown gunmen attack the current governments assembly clerk,0,1552577625,NGA,Violence against civilians,Attack
4967137,566,NIG2386,2386,11 September 2009,2009,exact date,Battles,Armed clash,Unidentified Armed Group (Nigeria),,political militias,Police Forces of Nigeria (1999-2015),,state forces,military vs political militia,Western Africa,Nigeria,Rivers,Port-Harcourt,,Port Harcourt,4.7774,7.0134001,high,All Africa,Regional,Armed robbers shot and killed two mobile police officers after carting away N3 million from a local business.,2,1552577625,NGA,Battles,Armed clash
4967186,566,NIG2384,2384,08 September 2009,2009,exact date,Strategic developments,Looting/property destruction,Unidentified Armed Group (Nigeria),,political militias,,,0,sole political militia action,Western Africa,Nigeria,Delta,Ughelli North,,Ughelli,5.4899001,6.0074,high,Dow Jones International News,International,Property destruction: Locals attack pipeline in Delta State,0,1552577625,NGA,Strategic developments,Looting/property destruction
4967185,566,NIG2385,2385,08 September 2009,2009,exact date,Battles,Armed clash,Military Forces of Nigeria (1999-2015),,state forces,Unidentified Armed Group (Nigeria),,political militias,military vs political militia,Western Africa,Nigeria,Bayelsa,Brass,,Obioku,4.3347998,6.5395002,high,Platts Commodity News,Other,Military battles armed militants,0,1552577625,NGA,Battles,Armed clash
4967203,566,NIG2383,2383,06 September 2009,2009,exact date,Violence against civilians,Attack,Military Forces of Nigeria (1999-2015),,state forces,Civilians (Nigeria),,civilians,military vs civilians,Western Africa,Nigeria,Delta,Warri South,,Warri,5.5166998,5.75,high,All Africa,Regional,MEND accuses military of killing 7 civilians in cold blood,7,1552577625,NGA,Violence against civilians,Attack
4967217,566,NIG2382,2382,05 September 2009,2009,exact date,Protests,Peaceful protest,Protesters (Nigeria),,protesters,,,0,sole protester action,Western Africa,Nigeria,Rivers,Gokana,,Bodo,4.6248002,7.2677002,high,All Africa,Regional,Youths protest actions of Italian construction firm,0,1552577625,NGA,Protests,Peaceful protest
4967259,566,NIG2380,2380,01 September 2009,2009,exact date,Protests,Peaceful protest,Protesters (Nigeria),Muslim Group (Nigeria),protesters,,,0,sole protester action,Western Africa,Nigeria,Plateau,Jos North,,Jos,9.9285002,8.8921003,high,All Africa,Regional,Muslims stage demonstrations to protest Israeli-Palestinian war in Gaza,0,1552577625,NGA,Protests,Peaceful protest
4967267,566,NIG2381,2381,01 September 2009,2009,exact date,Protests,Peaceful protest,Protesters (Nigeria),Muslim Group (Nigeria),protesters,,,0,sole protester action,Western Africa,Nigeria,Kaduna,Kaduna North,,Kaduna,10.5222,7.4383001,high,All Africa,Regional,Mulisms stage demonstrations to protest Israeli-Palestinian war in Gaza,0,1552577625,NGA,Protests,Peaceful protest
4967258,566,NIG2379,2379,01 September 2009,2009,exact date,Battles,Armed clash,Sunni Muslim Militia (Nigeria),,identity militias,Shiite Muslim Militia (Nigeria),,identity militias,communal militia vs communal militia,Western Africa,Nigeria,Kaduna,Sabon-Gari,,Zaria,11.1132,7.7252002,high,All Africa,Regional,Sunni and Shiite groups clash,0,1552577625,NGA,Battles,Armed clash
4967386,566,NIG2378,2378,19 August 2009,2009,exact date,Protests,Peaceful protest,Protesters (Nigeria),,protesters,,,0,sole protester action,Western Africa,Nigeria,Nasarawa,Lafia,,Lafia,8.4833002,8.5166998,high,All Africa,Regional,Youths storm state assembly to demand removal of local administrator,0,1552577625,NGA,Protests,Peaceful protest
4967411,566,NIG2377,2377,17 August 2009,2009,exact date,Protests,Peaceful protest,Protesters (Nigeria),PDP: Peoples Democratic Party,protesters,,,0,sole protester action,Western Africa,Nigeria,Plateau,Jos North,,Jos,9.9285002,8.8921003,high,All Africa,Regional,Youths protest at PDP office in Jos,0,1552577625,NGA,Protests,Peaceful protest
4967480,566,NIG2376,2376,12 August 2009,2009,exact date,Violence against civilians,Abduction/forced disappearance,Unidentified Armed Group (Nigeria),,political militias,Civilians (Nigeria),Labour Group (Nigeria),civilians,political militia vs civilians,Western Africa,Nigeria,Bayelsa,Sagbama,,Niger Delta,4.8333001,6,medium,Platts Commodity News,Other,Unknown youths in Nigerias southern oil patch sabotaged the onshore Escravos-Lagos gas pipeline and abducted two workers,0,1552577625,NGA,Violence against civilians,Abduction/forced disappearance
4967467,566,NIG2374,2374,12 August 2009,2009,exact date,Riots,Violent demonstration,Rioters (Nigeria),Ijebu-Ife Communal Militia (Nigeria),rioters,Civilians (Nigeria),,civilians,rioters vs civilians,Western Africa,Nigeria,Ogun,Ijebu East,,Ijebu-Ife,6.7783999,4.0338998,high,Agence France Presse,International,A police officer and 12 civilians were killed due to a riot instigated by a Ijebu-Ife militia. The protest was sparked by the alleged killing of one militia members by local vigilantes.,12,1552577625,NGA,Riots,Violent demonstration
4967468,566,NIG2373,2373,12 August 2009,2009,exact date,Riots,Violent demonstration,Rioters (Nigeria),Ijebu-Ife Communal Militia (Nigeria),rioters,Police Forces of Nigeria (1999-2015),,state forces,military vs rioters,Western Africa,Nigeria,Ogun,Ijebu East,,Ijebu-Ife,6.7783999,4.0338998,high,Agence France Presse,International,A police officer and 12 civilians were killed due to a riot instigated by a Ijebu-Ife militia. The protest was sparked by the alleged killing of one militia members by local vigilantes.,13,1552577625,NGA,Riots,Violent demonstration
4967474,566,NIG2375,2375,12 August 2009,2009,exact date,Battles,Armed clash,NURTW: National Union of Road Transport Workers,,political militias,Police Forces of Nigeria (1999-2015),,state forces,military vs political militia,Western Africa,Nigeria,Ondo,Akoko North West,,Ora Ojora,7.6560998,5.8903999,high,All Africa,Regional,Three are dead following a clash between commercial drivers and police when drivers refused to pay a border crossing bribe to police.,3,1552577625,NGA,Battles,Armed clash
4967578,566,NIG2372,2372,02 August 2009,2009,exact date,Battles,Armed clash,PDP: Peoples Democratic Party,,political militias,ANPP: All Nigeria Peoples Party,,political militias,political militia vs political militia,Western Africa,Nigeria,Zamfara,Gusau,,Gusau,12.1628,6.6613998,high,All Africa,Regional,Supporters of rival political parties clash in Gasau,0,1552577625,NGA,Battles,Armed clash
4967601,566,NIG2371,2371,31 July 2009,2009,exact date,Battles,Armed clash,Military Forces of Nigeria (1999-2015),Police Forces of Nigeria (1999-2015),state forces,Boko Haram - Jamatu Ahli is-Sunnah lid-Dawatai wal-Jihad,,political militias,military vs political militia,Western Africa,Nigeria,Borno,Maiduguri,,Maiduguri,11.8464,13.1603,high,Reuters News,International,Uprising by radical Islamic militia causes clashes with police and military; 700 killed over five days in Maiduguri,0,1552577625,NGA,Battles,Armed clash
4967609,566,NIG2370,2370,30 July 2009,2009,exact date,Violence against civilians,Attack,Military Forces of Nigeria (1999-2015),Police Forces of Nigeria (1999-2015),state forces,Civilians (Nigeria),Boko Haram - Jamatu Ahli is-Sunnah lid-Dawatai wal-Jihad,civilians,military vs civilians,Western Africa,Nigeria,Borno,Maiduguri,,Maiduguri,11.8464,13.1603,high,Reuters News; Friedrich Ebert Stiftung,International,"Uprising by radical Islamic militia causes clashes with police and military; 800 people were killed over four days of fighting in Maiduguri, and hundreds more were arrested. On the fourth day, the leader of the group, Mohammed Yusuf, was captured by security forces at his home in Maiduguri, and later killed in custody. Boko Haram quickly appointed a new leader, changed tactics and became even more violent.",1,1552577625,NGA,Violence against civilians,Attack
4967614,566,NIG2369,2369,30 July 2009,2009,exact date,Battles,Armed clash,Military Forces of Nigeria (1999-2015),Police Forces of Nigeria (1999-2015),state forces,Boko Haram - Jamatu Ahli is-Sunnah lid-Dawatai wal-Jihad,,political militias,military vs political militia,Western Africa,Nigeria,Borno,Maiduguri,,Maiduguri,11.8464,13.1603,high,Reuters News; Friedrich Ebert Stiftung,International,"Uprising by radical Islamic militia causes clashes with police and military; 800 people were killed over four days of fighting in Maiduguri, and hundreds more were arrested. On the fourth day, the leader of the group, Mohammed Yusuf, was captured by security forces at his home in Maiduguri, and later killed in custody. Boko Haram quickly appointed a new leader, changed tactics and became even more violent.",200,1552577625,NGA,Battles,Armed clash
4967627,566,NIG2367,2367,29 July 2009,2009,exact date,Violence against civilians,Attack,Boko Haram - Jamatu Ahli is-Sunnah lid-Dawatai wal-Jihad,,political militias,Civilians (Nigeria),Christian Group (Nigeria),civilians,political militia vs civilians,Western Africa,Nigeria,Borno,Maiduguri,,Maiduguri,11.8464,13.1603,high,All Africa,Regional,Islamic militia burns churches,0,1552577625,NGA,Violence against civilians,Attack
5183365,566,NIG2368,2368,29 July 2009,2009,exact date,Battles,Armed clash,Military Forces of Nigeria (1999-2015),Police Forces of Nigeria (1999-2015),state forces,Boko Haram - Jamatu Ahli is-Sunnah lid-Dawatai wal-Jihad,,political militias,military vs political militia,Western Africa,Nigeria,Yobe,Potiskum,,Mamudo,11.6852,11.1861,high,All Africa,Regional,Security forces fight members of Islamic militia,0,1558387849,NGA,Battles,Armed clash
5183366,566,NIG2366,2366,29 July 2009,2009,exact date,Battles,Armed clash,Military Forces of Nigeria (1999-2015),Police Forces of Nigeria (1999-2015),state forces,Boko Haram - Jamatu Ahli is-Sunnah lid-Dawatai wal-Jihad,,political militias,military vs political militia,Western Africa,Nigeria,Yobe,Nangere,,Nangere,11.864,11.0698,medium,All Africa,Regional,Fighting between Islamic militants and police and military,0,1558387849,NGA,Battles,Armed clash
4967628,566,NIG2365,2365,29 July 2009,2009,exact date,Battles,Armed clash,Military Forces of Nigeria (1999-2015),Police Forces of Nigeria (1999-2015),state forces,Boko Haram - Jamatu Ahli is-Sunnah lid-Dawatai wal-Jihad,,political militias,military vs political militia,Western Africa,Nigeria,Borno,Maiduguri,,Maiduguri,11.8464,13.1603,high,Reuters News; Friedrich Ebert Stiftung,International,"Uprising by radical Islamic militia causes clashes with police and military; 800 people were killed over four days of fighting in Maiduguri, and hundreds more were arrested. On the fourth day, the leader of the group, Mohammed Yusuf, was captured by security forces at his home in Maiduguri, and later killed in custody. Boko Haram quickly appointed a new leader, changed tactics and became even more violent.",200,1552577625,NGA,Battles,Armed clash
4967645,566,NIG2364,2364,28 July 2009,2009,exact date,Violence against civilians,Attack,Boko Haram - Jamatu Ahli is-Sunnah lid-Dawatai wal-Jihad,,political militias,Civilians (Nigeria),Christian Group (Nigeria),civilians,political militia vs civilians,Western Africa,Nigeria,Borno,Maiduguri,,Maiduguri,11.8464,13.1603,high,All Africa,Regional,Islamic militia burns churches,0,1552577625,NGA,Violence against civilians,Attack
4967643,566,NIG2361,2361,28 July 2009,2009,exact date,Battles,Armed clash,Military Forces of Nigeria (1999-2015),Police Forces of Nigeria (1999-2015),state forces,Boko Haram - Jamatu Ahli is-Sunnah lid-Dawatai wal-Jihad,,political militias,military vs political militia,Western Africa,Nigeria,Borno,Maiduguri,,Maiduguri,11.8464,13.1603,high,Reuters News; Friedrich Ebert Stiftung,International,"Uprising by radical Islamic militia causes clashes with police and military; 800 people were killed over four days of fighting in Maiduguri, and hundreds more were arrested. On the fourth day, the leader of the group, Mohammed Yusuf, was captured by security forces at his home in Maiduguri, and later killed in custody. Boko Haram quickly appointed a new leader, changed tactics and became even more violent.",200,1552577625,NGA,Battles,Armed clash
4967644,566,NIG2363,2363,28 July 2009,2009,exact date,Battles,Armed clash,Awori Ethnic Militia (Nigeria),,identity militias,Owu Ethnic Militia (Nigeria),,identity militias,communal militia vs communal militia,Western Africa,Nigeria,Osun,Boluwaduro,,Otan Aiyegbaju,7.9499998,4.8000002,high,All Africa,Regional,Ethnic clash in Ogun State,0,1552577625,NGA,Battles,Armed clash
5183367,566,NIG2362,2362,28 July 2009,2009,exact date,Battles,Armed clash,Military Forces of Nigeria (1999-2015),Police Forces of Nigeria (1999-2015),state forces,Boko Haram - Jamatu Ahli is-Sunnah lid-Dawatai wal-Jihad,,political militias,military vs political militia,Western Africa,Nigeria,Yobe,Nangere,,Nangere,11.864,11.0698,medium,All Africa,Regional,Fighting between Islamic militants and police and military,0,1558387849,NGA,Battles,Armed clash
4967654,566,NIG2358,2358,27 July 2009,2009,within week,Violence against civilians,Attack,Muslim Militia (Nigeria),,identity militias,Civilians (Nigeria),,civilians,communal militia vs civilians,Western Africa,Nigeria,Kano,Kano Municipal,,Kano,11.9702,8.5044003,low,iafrica.com,Regional,Pro-Sharia Muslims attack civilians in an effort to push for stricter laws.,0,1552577625,NGA,Violence against civilians,Attack
4967655,566,NIG2359,2359,27 July 2009,2009,within week,Violence against civilians,Attack,Muslim Militia (Nigeria),,identity militias,Civilians (Nigeria),,civilians,communal militia vs civilians,Western Africa,Nigeria,Borno,Maiduguri,,Maiduguri,11.8464,13.1603,low,iafrica.com,Regional,Pro-Sharia Muslims attack civilians in an effort to push for stricter laws.,0,1552577625,NGA,Violence against civilians,Attack
5183368,566,NIG2357,2357,27 July 2009,2009,within week,Violence against civilians,Attack,Muslim Militia (Nigeria),,identity militias,Civilians (Nigeria),,civilians,communal militia vs civilians,Western Africa,Nigeria,Yobe,Damaturu,,Damaturu,11.747,11.9608,low,iafrica.com,Regional,Pro-Sharia Muslims attack civilians in an effort to push for stricter laws.,0,1558387849,NGA,Violence against civilians,Attack
4967666,566,NIG2356,2356,27 July 2009,2009,exact date,Violence against civilians,Attack,Boko Haram - Jamatu Ahli is-Sunnah lid-Dawatai wal-Jihad,,political militias,Civilians (Nigeria),Christian Group (Nigeria),civilians,political militia vs civilians,Western Africa,Nigeria,Borno,Maiduguri,,Maiduguri,11.8464,13.1603,high,All Africa,Regional,Islamic militia burns churches,0,1552577625,NGA,Violence against civilians,Attack
5183369,566,NIG2360,2360,27 July 2009,2009,exact date,Battles,Armed clash,Police Forces of Nigeria (1999-2015),,state forces,Boko Haram - Jamatu Ahli is-Sunnah lid-Dawatai wal-Jihad,,political militias,military vs political militia,Western Africa,Nigeria,Yobe,Potiskum,,Potiskum,11.7091,11.0694,high,All Africa,Regional,Islamic militia attacks and burns police station,0,1558387849,NGA,Battles,Armed clash
4967665,566,NIG2350,2350,27 July 2009,2009,exact date,Battles,Armed clash,Military Forces of Nigeria (1999-2015),Police Forces of Nigeria (1999-2015),state forces,Boko Haram - Jamatu Ahli is-Sunnah lid-Dawatai wal-Jihad,,political militias,military vs political militia,Western Africa,Nigeria,Borno,Maiduguri,,Maiduguri,11.8464,13.1603,high,Reuters News; Friedrich Ebert Stiftung,International,"Uprising by radical Islamic militia causes clashes with police and military; 800 people were killed over four days of fighting in Maiduguri, and hundreds more were arrested. On the fourth day, the leader of the group, Mohammed Yusuf, was captured by security forces at his home in Maiduguri, and later killed in custody. Boko Haram quickly appointed a new leader, changed tactics and became even more violent.",200,1552577625,NGA,Battles,Armed clash
5183370,566,NIG2353,2353,27 July 2009,2009,exact date,Battles,Armed clash,Military Forces of Nigeria (1999-2015),Police Forces of Nigeria (1999-2015),state forces,Boko Haram - Jamatu Ahli is-Sunnah lid-Dawatai wal-Jihad,,political militias,military vs political militia,Western Africa,Nigeria,Yobe,Nangere,,Nangere,11.864,11.0698,medium,All Africa,Regional,Fighting between Islamic militants and police and military,0,1558387849,NGA,Battles,Armed clash
4967664,566,NIG2352,2352,27 July 2009,2009,exact date,Battles,Armed clash,Military Forces of Nigeria (1999-2015),Police Forces of Nigeria (1999-2015),state forces,Boko Haram - Jamatu Ahli is-Sunnah lid-Dawatai wal-Jihad,,political militias,military vs political militia,Western Africa,Nigeria,Gombe,Gombe,,Gombe,10.2897,11.1673,medium,All Africa,Regional,Islamic militia attacks police and military in Gombe State,0,1552577625,NGA,Battles,Armed clash
5183371,566,NIG2354,2354,27 July 2009,2009,exact date,Battles,Armed clash,Police Forces of Nigeria (1999-2015),,state forces,Boko Haram - Jamatu Ahli is-Sunnah lid-Dawatai wal-Jihad,,political militias,military vs political militia,Western Africa,Nigeria,Yobe,Damaturu,,Damaturu,11.747,11.9608,high,All Africa,Regional,Islamic militia attacks police station,0,1558387849,NGA,Battles,Armed clash
5183372,566,NIG2351,2351,27 July 2009,2009,exact date,Battles,Armed clash,Military Forces of Nigeria (1999-2015),Police Forces of Nigeria (1999-2015),state forces,Boko Haram - Jamatu Ahli is-Sunnah lid-Dawatai wal-Jihad,,political militias,military vs political militia,Western Africa,Nigeria,Borno,Ngala,,Gamboru,12.373,14.2069,high,All Africa,Regional,Violence spreads as Islamic militia continues attacks on police and military,0,1558387849,NGA,Battles,Armed clash
4967668,566,NIG2355,2355,27 July 2009,2009,exact date,Battles,Armed clash,Police Forces of Nigeria (1999-2015),,state forces,Boko Haram - Jamatu Ahli is-Sunnah lid-Dawatai wal-Jihad,,political militias,military vs political militia,Western Africa,Nigeria,Kano,Wudil,,Wudil,11.8107,8.8451004,high,All Africa,Regional,Islamic militia attacks police station,0,1552577625,NGA,Battles,Armed clash
4967679,566,NIG2349,2349,26 July 2009,2009,exact date,Violence against civilians,Attack,Muslim Militia (Nigeria),,identity militias,Civilians (Nigeria),,civilians,communal militia vs civilians,Western Africa,Nigeria,Bauchi,Bauchi,,Bauchi,10.3134,9.8432999,medium,iafrica.com,Regional,Pro-Sharia Muslims attack civilians in an effort to push for stricter laws.,0,1552577625,NGA,Violence against civilians,Attack
4967691,566,NIG2347,2347,26 July 2009,2009,exact date,Violence against civilians,Abduction/forced disappearance,Boko Haram - Jamatu Ahli is-Sunnah lid-Dawatai wal-Jihad,,political militias,Civilians (Nigeria),,civilians,political militia vs civilians,Western Africa,Nigeria,Bauchi,Bauchi,,Bauchi,10.3134,9.8432999,high,Dow Jones International News,International,Islamic militia kidnaps women and children from Bauchi,0,1552577625,NGA,Violence against civilians,Abduction/forced disappearance
4967678,566,NIG2348,2348,26 July 2009,2009,exact date,Battles,Armed clash,Police Forces of Nigeria (1999-2015),,state forces,Boko Haram - Jamatu Ahli is-Sunnah lid-Dawatai wal-Jihad,,political militias,military vs political militia,Western Africa,Nigeria,Bauchi,Bauchi,,Bauchi,10.3134,9.8432999,high,All Africa; Friedrich Ebert Stiftung,Regional,"Members of the Boko Haram sect militia attacked and destroyed the Dutsen Tanshi police station in Bauchi in retaliation for the killing of 17 of its members on 11 June by security forces in Maiduguri. This attack is thought to have sparked off a wave of unrest, which swept through Bauchi, Borno, Kano, Katsina and Yobe states until at least 30 July, when Boko Harams leader was captured and later killed by police.",0,1552577625,NGA,Battles,Armed clash
4967845,566,NIG2346,2346,12 July 2009,2009,exact date,Violence against civilians,Attack,MEND: Movement for the Emancipation of the Niger Delta,,rebel groups,Civilians (Nigeria),,civilians,rebels vs civilians,Western Africa,Nigeria,Lagos,Lagos Island,,Lagos,6.4531002,3.3958001,high,Agence France Presse,International,"An attack on the Atlas Cove jetty, which left five workers dead, was the first time that gunmen from Nigerias oil rich states have raided a target in the countrys commercial capital.",5,1552577626,NGA,Violence against civilians,Attack
4967856,566,NIG2345,2345,11 July 2009,2009,exact date,Violence against civilians,Attack,Police Forces of Nigeria (1999-2015),,state forces,Civilians (Nigeria),,civilians,military vs civilians,Western Africa,Nigeria,Osun,Osogbo,,Oshogbo,7.7666998,4.5667,high,All Africa,Regional,A 70+ year old driver was shot and killed by Osun State police when he refused to pay a police checkpoint bribe.,1,1552577626,NGA,Violence against civilians,Attack
4967885,566,NIG2343,2343,07 July 2009,2009,exact date,Strategic developments,Looting/property destruction,MEND: Movement for the Emancipation of the Niger Delta,,rebel groups,,,0,sole rebels action,Western Africa,Nigeria,Bayelsa,Nembe,,Nembe,4.5394001,6.4003,high,Platts Commodity News,Other,Property destruction: MEND vandalizes pipelines,0,1552577626,NGA,Strategic developments,Looting/property destruction
4967889,566,NIG2342,2342,06 July 2009,2009,exact date,Violence against civilians,Attack,Chala Ethnic Militia (Nigeria),,identity militias,Civilians (Nigeria),Fulani Ethnic Group (Nigeria),civilians,communal militia vs civilians,Western Africa,Nigeria,Plateau,Bokkos,,Mangar,9.1999998,8.6999998,high,Agence France Presse,International,Family of slain woman retaliates and kills two Fulani nomads,2,1552577626,NGA,Violence against civilians,Attack
4967927,566,NIG2341,2341,02 July 2009,2009,exact date,Battles,Armed clash,Military Forces of Nigeria (1999-2015) Joint Task Force,,state forces,MEND: Movement for the Emancipation of the Niger Delta,,rebel groups,military vs rebels,Western Africa,Nigeria,Delta,Ughelli North,,Ughelli,5.4899001,6.0074,high,Reuters News,International,MEND attacks gas plant,0,1552577626,NGA,Battles,Armed clash
4967943,566,NIG2340,2340,01 July 2009,2009,exact date,Violence against civilians,Attack,Unidentified Armed Group (Nigeria),,political militias,Civilians (Nigeria),Civilians (International),civilians,political militia vs civilians,Western Africa,Nigeria,Akwa Ibom,Uyo,,Uyo,5.0332999,7.9266,medium,All Africa,Regional,Militants attack oil platform,0,1552577626,NGA,Violence against civilians,Attack
4967949,566,NIG2338,2338,30 June 2009,2009,exact date,Protests,Peaceful protest,Protesters (Nigeria),,protesters,,,0,sole protester action,Western Africa,Nigeria,Akwa Ibom,Uyo,,Uyo,5.0332999,7.9266,high,Vanguard (Nigeria),National,Youths protest following the killing of two brothers in Akwa Ibom State,0,1552577626,NGA,Protests,Peaceful protest
4967953,566,NIG2337,2337,30 June 2009,2009,exact date,Riots,Mob violence,Rioters (Nigeria),,rioters,Rioters (Nigeria),,rioters,rioters vs rioters,Western Africa,Nigeria,Kogi,Okene,,Okengwe,7.5488,6.1917,high,All Africa,Regional,Violent clash amongst rioting youths in Okengwe leaves six dead,6,1552577626,NGA,Riots,Mob violence
4967955,566,NIG2339,2339,30 June 2009,2009,exact date,Protests,Protest with intervention,Police Forces of Nigeria (1999-2015),,state forces,Protesters (Nigeria),,protesters,military vs protesters,Western Africa,Nigeria,Akwa Ibom,Uyo,,Uyo,5.0332999,7.9266,high,Vanguard (Nigeria),National,Police use force to disperse youth protest,0,1552577626,NGA,Protests,Protest with intervention
4967954,566,NIG2336,2336,30 June 2009,2009,exact date,Battles,Armed clash,Police Forces of Nigeria (1999-2015),,state forces,Unidentified Armed Group (Nigeria),,political militias,military vs political militia,Western Africa,Nigeria,Abia,Aba South,,Aba,5.1065998,7.3667002,high,Reuters News,International,Gunmen in kidnapping exchange fire with officers,0,1552577626,NGA,Battles,Armed clash
4967978,566,NIG2334,2334,29 June 2009,2009,exact date,Strategic developments,Looting/property destruction,MEND: Movement for the Emancipation of the Niger Delta,,rebel groups,,,0,sole rebels action,Western Africa,Nigeria,Delta,Burutu,,Forcados River,5.3862,5.3207998,high,Agence France Presse,International,Property destruction: MEND vandalizes pipelines,0,1552577626,NGA,Strategic developments,Looting/property destruction
4967966,566,NIG2335,2335,29 June 2009,2009,exact date,Battles,Armed clash,Military Forces of Nigeria (1999-2015),,state forces,MEND: Movement for the Emancipation of the Niger Delta,,rebel groups,military vs rebels,Western Africa,Nigeria,Delta,Burutu,,Forcados River,5.3862,5.3207998,high,All Africa,Regional,MEND claims to have sunk a military gunboat in battle; military denies,0,1552577626,NGA,Battles,Armed clash
4967983,566,NIG2333,2333,28 June 2009,2009,exact date,Violence against civilians,Abduction/forced disappearance,Unidentified Armed Group (Nigeria),,political militias,Civilians (Nigeria),,civilians,political militia vs civilians,Western Africa,Nigeria,Rivers,Port-Harcourt,,Port Harcourt,4.7774,7.0134001,high,Vanguard (Nigeria),National,Armed group kidnaps local businessman,0,1552577626,NGA,Violence against civilians,Abduction/forced disappearance
4968004,566,NIG2331,2331,25 June 2009,2009,exact date,Strategic developments,Looting/property destruction,MEND: Movement for the Emancipation of the Niger Delta,,rebel groups,,,0,sole rebels action,Western Africa,Nigeria,Rivers,Bonny,,Bonny,4.4521999,7.1680999,medium,All Africa,Regional,Property destruction: MEND blows up flow stations in Rivers State,0,1552577626,NGA,Strategic developments,Looting/property destruction
4968005,566,NIG2332,2332,25 June 2009,2009,exact date,Strategic developments,Looting/property destruction,MEND: Movement for the Emancipation of the Niger Delta,,rebel groups,,,0,sole rebels action,Western Africa,Nigeria,Rivers,Degema,,Krakrama,4.7539001,6.7839999,high,The Oil Daily,Other,Property destruction: MEND claims another pipeline attack,0,1552577626,NGA,Strategic developments,Looting/property destruction
4968022,566,NIG2330,2330,24 June 2009,2009,exact date,Violence against civilians,Abduction/forced disappearance,Military Forces of Nigeria (1999-2015),,state forces,Civilians (Nigeria),,civilians,military vs civilians,Western Africa,Nigeria,Rivers,Ahoada West,,Egbema,4.9303999,6.5474,high,Dow Jones International News,International,Military forcibly abducts traditional ruler of Egbema kingdom who was known as a critic of the military operations in the region.,0,1552577626,NGA,Violence against civilians,Abduction/forced disappearance
4968026,566,NIG2329,2329,23 June 2009,2009,exact date,Protests,Peaceful protest,Protesters (Nigeria),,protesters,,,0,sole protester action,Western Africa,Nigeria,Borno,Maiduguri,,Maiduguri,11.8464,13.1603,high,All Africa,Regional,Labor and civil society organizations hold protests over deregulation and minimum wage,0,1552577626,NGA,Protests,Peaceful protest
4968027,566,NIG2328,2328,23 June 2009,2009,within week,Battles,Armed clash,Unidentified Ethnic Militia (Niger),,identity militias,Unidentified Ethnic Militia (Nigeria),,identity militias,communal militia vs communal militia,Western Africa,Nigeria,Jigawa,Maigatari,,Maigatari,12.8078,9.4617004,high,All Africa,Regional,Pastoralists from Niger Republic and Nigerian farmers clash,0,1552577626,NGA,Battles,Armed clash
4968042,566,NIG2324,2324,21 June 2009,2009,exact date,Strategic developments,Looting/property destruction,MEND: Movement for the Emancipation of the Niger Delta,,rebel groups,,,0,sole rebels action,Western Africa,Nigeria,Rivers,Asari-Toru,,Buguma,4.7340999,6.8635001,medium,Global Insight Daily Analysis,International,Property destruction: MEND attacks Afremo oil field,0,1552577626,NGA,Strategic developments,Looting/property destruction
4968044,566,NIG2327,2327,21 June 2009,2009,exact date,Protests,Peaceful protest,Protesters (Nigeria),,protesters,,,0,sole protester action,Western Africa,Nigeria,Abia,Aba South,,Aba,5.1065998,7.3667002,high,Vanguard (Nigeria),National,Hundreds of workers protest seven month salary arrears owed to them,0,1552577626,NGA,Protests,Peaceful protest
4968047,566,NIG2326,2326,21 June 2009,2009,exact date,Strategic developments,Looting/property destruction,MEND: Movement for the Emancipation of the Niger Delta,,rebel groups,,,0,sole rebels action,Western Africa,Nigeria,Rivers,Akuku Toru,,Kula,4.3417001,6.6440001,high,All Africa,Regional,Property destruction: MEND attacks Shell pipeline,0,1552577626,NGA,Strategic developments,Looting/property destruction
4968048,566,NIG2325,2325,21 June 2009,2009,exact date,Strategic developments,Looting/property destruction,MEND: Movement for the Emancipation of the Niger Delta,,rebel groups,,,0,sole rebels action,Western Africa,Nigeria,Rivers,Asari-Toru,,Buguma,4.7340999,6.8635001,medium,All Africa,Regional,Property destruction: MEND attacks Shell pipeline,0,1552577626,NGA,Strategic developments,Looting/property destruction
4968066,566,NIG2323,2323,19 June 2009,2009,exact date,Battles,Armed clash,Military Forces of Nigeria (1999-2015),,state forces,MEND: Movement for the Emancipation of the Niger Delta,,rebel groups,military vs rebels,Western Africa,Nigeria,Rivers,Gokana,,Bodo,4.6248002,7.2677002,high,All Africa,Regional,Military battles armed militants,0,1552577626,NGA,Battles,Armed clash
4968058,566,NIG2322,2322,19 June 2009,2009,exact date,Battles,Armed clash,Military Forces of Nigeria (1999-2015),,state forces,MEND: Movement for the Emancipation of the Niger Delta,,rebel groups,military vs rebels,Western Africa,Nigeria,Bayelsa,Brass,,Obioku,4.3347998,6.5395002,high,All Africa,Regional,Military claims to have repelled MENDs attack on oil pipeline,0,1552577626,NGA,Battles,Armed clash
4968073,566,NIG2321,2321,18 June 2009,2009,exact date,Battles,Armed clash,Police Forces of Nigeria (1999-2015),,state forces,Unidentified Armed Group (Nigeria),Students (Nigeria),political militias,military vs political militia,Western Africa,Nigeria,Ondo,Akoko South West,,Akunba,7.4696002,5.7361999,high,Vanguard (Nigeria),National,Two police shot dead as students raze police station and clash with officers,2,1552577626,NGA,Battles,Armed clash
4968089,566,NIG2318,2318,17 June 2009,2009,exact date,Strategic developments,Looting/property destruction,MEND: Movement for the Emancipation of the Niger Delta,,rebel groups,,,0,sole rebels action,Western Africa,Nigeria,Bayelsa,Southern Ijaw,,Oporoma,4.8046999,6.0788999,medium,Reuters News,International,Property destruction: MEND attacks pipeline,0,1552577626,NGA,Strategic developments,Looting/property destruction
4968097,566,NIG2320,2320,17 June 2009,2009,exact date,Battles,Armed clash,NURTW: National Union of Road Transport Workers,,political militias,RTEAN: Road Transport Employers Association of Nigeria,,political militias,political militia vs political militia,Western Africa,Nigeria,Ekiti,Ado Ekiti,,Ado-Ekiti,7.6209998,5.2214999,high,This Day (Nigeria),Subnational,Clash between rival road transport unions,0,1552577626,NGA,Battles,Armed clash
4968098,566,NIG2319,2319,17 June 2009,2009,exact date,Battles,Armed clash,Military Forces of Nigeria (1999-2015),,state forces,MEND: Movement for the Emancipation of the Niger Delta,,rebel groups,military vs rebels,Western Africa,Nigeria,Bayelsa,Southern Ijaw,,Oporoma,4.8046999,6.0788999,medium,All Africa,Regional,MEND clashes with military during pipeline attack,0,1552577626,NGA,Battles,Armed clash
4968108,566,NIG2316,2316,16 June 2009,2009,exact date,Protests,Peaceful protest,Protesters (Nigeria),,protesters,,,0,sole protester action,Western Africa,Nigeria,Kano,Kano Municipal,,Kano,11.9702,8.5044003,high,All Africa,Regional,Labor and civil society organizations hold protests over deregulation and minimum wage,0,1552577626,NGA,Protests,Peaceful protest
4968107,566,NIG2317,2317,16 June 2009,2009,exact date,Battles,Armed clash,NURTW: National Union of Road Transport Workers,,political militias,RTEAN: Road Transport Employers Association of Nigeria,,political militias,political militia vs political militia,Western Africa,Nigeria,Ekiti,Ado Ekiti,,Ado-Ekiti,7.6209998,5.2214999,high,This Day (Nigeria),Subnational,Clash between rival road transport unions,0,1552577626,NGA,Battles,Armed clash
4968123,566,NIG2315,2315,15 June 2009,2009,exact date,Strategic developments,Looting/property destruction,MEND: Movement for the Emancipation of the Niger Delta,,rebel groups,,,0,sole rebels action,Western Africa,Nigeria,Bayelsa,Southern Ijaw,,Oporoma,4.8046999,6.0788999,medium,Platts Commodity News,Other,Property destruction: MEND attacks oil pipeline,0,1552577626,NGA,Strategic developments,Looting/property destruction
4968150,566,NIG2314,2314,11 June 2009,2009,exact date,Battles,Armed clash,Military Forces of Nigeria (1999-2015),Police Forces of Nigeria (1999-2015),state forces,Boko Haram - Jamatu Ahli is-Sunnah lid-Dawatai wal-Jihad,,political militias,military vs political militia,Western Africa,Nigeria,Borno,Maiduguri,,Maiduguri,11.8464,13.1603,high,Friedrich Ebert Stiftung; Naij.com,International,"A detachment of a joint police and military anti-robbery squad (""Operation Flush"") intercepted a group of members of the Boko Haram sect militia riding motorbikes during a funeral procession for not wearing crash helmets, leading to an argument between the two groups and to the fatal shooting of 17 of the Boko Haram members by one of the security officers. This event is thought to have triggered a large wave of anti-government uprisings the following month.",17,1552577626,NGA,Battles,Armed clash
4968158,566,NIG2313,2313,10 June 2009,2009,exact date,Riots,Violent demonstration,Rioters (Nigeria),,rioters,,,0,sole rioter action,Western Africa,Nigeria,Delta,Oshimili South,,Asaba,6.2006001,6.7339001,high,All Africa,Regional,Riots in Asaba. Reasons not known.,0,1552577626,NGA,Riots,Violent demonstration
4968165,566,NIG2312,2312,09 June 2009,2009,exact date,Violence against civilians,Attack,Achaba Riders Militia,,political militias,Civilians (Nigeria),FRSC: Federal Road Safety Commission,civilians,political militia vs civilians,Western Africa,Nigeria,Jigawa,Auyo,,Hadejia,12.4498,10.0444,high,All Africa,Regional,"A Motorcycle gang known as the """"Achaba Riders"""" attacked and injured members of the FRSC when they arrested them on account that they refused to wear helmets.",0,1552577626,NGA,Violence against civilians,Attack
4968175,566,NIG2311,2311,07 June 2009,2009,exact date,Strategic developments,Looting/property destruction,MEND: Movement for the Emancipation of the Niger Delta,,rebel groups,,,0,sole rebels action,Western Africa,Nigeria,Oyo,Ogo Oluwa,,Arowomole,8.0500002,4.1999998,medium,Platts Commodity News,Other,Property destruction: MEND vandalizes pipelines,0,1552577626,NGA,Strategic developments,Looting/property destruction
4968187,566,NIG2310,2310,06 June 2009,2009,exact date,Violence against civilians,Attack,Fulani Ethnic Militia (Nigeria),Pastoralists (Nigeria),identity militias,Civilians (Nigeria),,civilians,communal militia vs civilians,Western Africa,Nigeria,Plateau,Bokkos,,Mangar,9.1999998,8.6999998,high,Agence France Presse,International,Fulani nomads kill Chala woman in dispute over her farmland,1,1552577626,NGA,Violence against civilians,Attack
4968204,566,NIG2309,2309,04 June 2009,2009,exact date,Battles,Armed clash,Military Forces of Nigeria (1999-2015),,state forces,Unidentified Armed Group (Nigeria),,political militias,military vs political militia,Western Africa,Nigeria,Bayelsa,Southern Ijaw,,Oporoma,4.8046999,6.0788999,medium,All Africa,Regional,Militants attack security forces at Daewoo Nigeria engineering company,0,1552577626,NGA,Battles,Armed clash
4968241,566,NIG2308,2308,31 May 2009,2009,exact date,Battles,Armed clash,Military Forces of Nigeria (1999-2015),,state forces,MEND: Movement for the Emancipation of the Niger Delta,,rebel groups,military vs rebels,Western Africa,Nigeria,Rivers,Asari-Toru,,Buguma,4.7340999,6.8635001,high,Platts Commodity News,Other,Military raids MEND camp,0,1552577626,NGA,Battles,Armed clash
4968246,566,NIG2307,2307,30 May 2009,2009,exact date,Battles,Armed clash,Military Forces of Nigeria (1999-2015),,state forces,Unidentified Armed Group (Nigeria),,political militias,military vs political militia,Western Africa,Nigeria,Rivers,Okrika,,Isaka,4.7385001,6.9888,high,Associated Press,International,Navy battles militants,0,1552577626,NGA,Battles,Armed clash
4968260,566,NIG2306,2306,27 May 2009,2009,exact date,Battles,Armed clash,Police Forces of Nigeria (1999-2015),,state forces,Unidentified Armed Group (Nigeria),,political militias,military vs political militia,Western Africa,Nigeria,Bayelsa,Kolokuma/Opokuma,,Odi,5.1738,6.2997999,high,Vanguard (Nigeria),National,Militants engage in gunbattle with police to free comrade; comrade killed in crossfire,1,1552577626,NGA,Battles,Armed clash
4968261,566,NIG2305,2305,27 May 2009,2009,exact date,Battles,Armed clash,Unidentified Armed Group (Nigeria),,political militias,Unidentified Armed Group (Nigeria),,political militias,political militia vs political militia,Western Africa,Nigeria,Rivers,Etche,,Umu-Etchem,5.0071998,7.0318999,high,All Africa,Regional,Five killed when unidentified armed groups clash; no details on death toll,5,1552577626,NGA,Battles,Armed clash
4968278,566,NIG2304,2304,25 May 2009,2009,exact date,Riots,Violent demonstration,Rioters (Nigeria),,rioters,,,0,sole rioter action,Western Africa,Nigeria,Kaduna,Sabon-Gari,,Zaria,11.1132,7.7252002,high,All Africa,Regional,Youth demonstrate against frequent power outages,0,1552577626,NGA,Riots,Violent demonstration
4968282,566,NIG2300,2300,25 May 2009,2009,exact date,Strategic developments,Looting/property destruction,MEND: Movement for the Emancipation of the Niger Delta,,rebel groups,,,0,sole rebels action,Western Africa,Nigeria,Delta,Oshimili South,,Asaba,6.2006001,6.7339001,low,Agence France Presse,International,Property destruction: MEND attacks pipelines and flow stations,0,1552577626,NGA,Strategic developments,Looting/property destruction
4968283,566,NIG2301,2301,25 May 2009,2009,exact date,Strategic developments,Looting/property destruction,MEND: Movement for the Emancipation of the Niger Delta,,rebel groups,,,0,sole rebels action,Western Africa,Nigeria,Bayelsa,Ekeremor,,Ekeremor,5.0556002,5.7800999,medium,Agence France Presse,International,Property destruction: MEND attacks pipelines and flow stations,0,1552577626,NGA,Strategic developments,Looting/property destruction
4968284,566,NIG2302,2302,25 May 2009,2009,exact date,Strategic developments,Looting/property destruction,MEND: Movement for the Emancipation of the Niger Delta,,rebel groups,,,0,sole rebels action,Western Africa,Nigeria,Bayelsa,Southern Ijaw,,Oporoma,4.8046999,6.0788999,medium,Agence France Presse,International,Property destruction: MEND attacks pipelines and flow stations,0,1552577626,NGA,Strategic developments,Looting/property destruction
4968285,566,NIG2303,2303,25 May 2009,2009,exact date,Strategic developments,Looting/property destruction,MEND: Movement for the Emancipation of the Niger Delta,,rebel groups,,,0,sole rebels action,Western Africa,Nigeria,Delta,Ika North East,,Owa-Alero,6.2065001,6.2196002,high,Agence France Presse,International,Property destruction: MEND attacks pipelines and flow stations,0,1552577626,NGA,Strategic developments,Looting/property destruction
4968320,566,NIG2298,2298,22 May 2009,2009,within week,Battles,Armed clash,Military Forces of Nigeria (1999-2015),,state forces,Unidentified Armed Group (Nigeria),,political militias,military vs political militia,Western Africa,Nigeria,Delta,Warri South West,,Okerenghigho,5.6222,5.3922,high,Platts Commodity News,Other,Military battles armed militants,0,1552577626,NGA,Battles,Armed clash
4968306,566,NIG2297,2297,22 May 2009,2009,within week,Battles,Armed clash,Military Forces of Nigeria (1999-2015),,state forces,Unidentified Armed Group (Nigeria),,political militias,military vs political militia,Western Africa,Nigeria,Delta,Warri South West,,Ogbe-Ijoh,5.4832001,5.7346001,medium,Platts Commodity News,Other,Military battles armed militants,0,1552577626,NGA,Battles,Armed clash
4968331,566,NIG2295,2295,21 May 2009,2009,exact date,Explosions/Remote violence,Remote explosive/landmine/IED,Military Forces of Nigeria (1999-2015),,state forces,Civilians (Nigeria),,civilians,military vs civilians,Western Africa,Nigeria,Delta,Oshimili South,,Asaba,6.2006001,6.7339001,low,The Mail and Guardian; IRIN,Regional,MEND and Ijaw leaders accuse Nigerian military of indiscriminate bombing leading to deaths of thousands. IRIN reports at least 100 bodies seen by eye witness.,250,1552577626,NGA,Explosions/Remote violence,Remote explosive/landmine/IED
4968324,566,NIG2296,2296,21 May 2009,2009,exact date,Battles,Armed clash,Military Forces of Nigeria (1999-2015),,state forces,MEND: Movement for the Emancipation of the Niger Delta,,rebel groups,military vs rebels,Western Africa,Nigeria,Delta,Warri South West,,Ogbe-Ijoh,5.4832001,5.7346001,medium,Platts Commodity News,Other,MEND ambushes and kills soldiers,0,1552577626,NGA,Battles,Armed clash
4968339,566,NIG2294,2294,20 May 2009,2009,exact date,Explosions/Remote violence,Remote explosive/landmine/IED,Military Forces of Nigeria (1999-2015),,state forces,Civilians (Nigeria),,civilians,military vs civilians,Western Africa,Nigeria,Delta,Oshimili South,,Asaba,6.2006001,6.7339001,low,The Mail and Guardian; IRIN,Regional,MEND and Ijaw leaders accuse Nigerian military of indiscriminate bombing leading to deaths of thousands. IRIN reports at least 100 bodies seen by eye witness.,250,1552577626,NGA,Explosions/Remote violence,Remote explosive/landmine/IED
4968332,566,NIG2293,2293,20 May 2009,2009,exact date,Violence against civilians,Attack,Police Forces of Nigeria (1999-2015),,state forces,Civilians (Nigeria),,civilians,military vs civilians,Western Africa,Nigeria,Bauchi,Bauchi,,Bauchi,10.3134,9.8432999,high,Reuters News,International,Police shoot and kill two protesting students,2,1552577626,NGA,Violence against civilians,Attack
4968338,566,NIG2292,2292,20 May 2009,2009,exact date,Protests,Peaceful protest,Protesters (Nigeria),,protesters,,,0,sole protester action,Western Africa,Nigeria,Bauchi,Bauchi,,Bauchi,10.3134,9.8432999,high,Reuters News,International,High school students protest over exams,0,1552577626,NGA,Protests,Peaceful protest
4968345,566,NIG2290,2290,19 May 2009,2009,exact date,Explosions/Remote violence,Remote explosive/landmine/IED,Military Forces of Nigeria (1999-2015),,state forces,Civilians (Nigeria),,civilians,military vs civilians,Western Africa,Nigeria,Delta,Oshimili South,,Asaba,6.2006001,6.7339001,low,The Mail and Guardian; IRIN,Regional,MEND and Ijaw leaders accuse Nigerian military of indiscriminate bombing leading to deaths of thousands. IRIN reports at least 100 bodies seen by eye witness.,250,1552577626,NGA,Explosions/Remote violence,Remote explosive/landmine/IED
4968341,566,NIG2291,2291,19 May 2009,2009,exact date,Battles,Armed clash,Unidentified Armed Group (Nigeria),,political militias,Military Forces of Nigeria (1999-2015),,state forces,military vs political militia,Western Africa,Nigeria,Delta,Warri South West,,Escravos,5.5801001,5.1792002,high,Platts Commodity News,Other,Military foils militants attack on oil facility,0,1552577626,NGA,Battles,Armed clash
4968360,566,NIG2289,2289,18 May 2009,2009,exact date,Explosions/Remote violence,Remote explosive/landmine/IED,Military Forces of Nigeria (1999-2015),,state forces,Civilians (Nigeria),,civilians,military vs civilians,Western Africa,Nigeria,Delta,Oshimili South,,Asaba,6.2006001,6.7339001,low,Amnesty International,Other,MEND and Ijaw leaders accuse Nigerian military of indiscriminate bombing leading to deaths of thousands. Amnesty International backs up claims,0,1552577626,NGA,Explosions/Remote violence,Remote explosive/landmine/IED
4968374,566,NIG2288,2288,17 May 2009,2009,exact date,Explosions/Remote violence,Remote explosive/landmine/IED,Military Forces of Nigeria (1999-2015),,state forces,Civilians (Nigeria),,civilians,military vs civilians,Western Africa,Nigeria,Delta,Oshimili South,,Asaba,6.2006001,6.7339001,low,The Mail and Guardian; IRIN,Regional,MEND and Ijaw leaders accuse Nigerian military of indiscriminate bombing leading to deaths of thousands.,250,1552577626,NGA,Explosions/Remote violence,Remote explosive/landmine/IED
4968370,566,NIG2287,2287,17 May 2009,2009,exact date,Battles,Armed clash,Unidentified Armed Group (Nigeria),,political militias,Unidentified Armed Group (Nigeria),,political militias,political militia vs political militia,Western Africa,Nigeria,Edo,Etsako West,,Ibie Nale,7.0549002,6.3042998,high,All Africa,Regional,Ten killed in chieftaincy dispute; no breakdown of death toll,10,1552577626,NGA,Battles,Armed clash
4968394,566,NIG2285,2285,15 May 2009,2009,exact date,Explosions/Remote violence,Air/drone strike,Military Forces of Nigeria (1999-2015),,state forces,MEND: Movement for the Emancipation of the Niger Delta,,rebel groups,military vs rebels,Western Africa,Nigeria,Delta,Warri South West,,Ogbe-Ijoh,5.4832001,5.7346001,medium,Xinhua News,International,Villagers in Delta state's Gbramatu kingdom reported Oporoza and Okerenkoko villages being attacked with heavy machine-gun fire from low-flying helicopters on 15 May. Military claims to have killed 200 militants during armed battle.,100,1552577626,NGA,Explosions/Remote violence,Air/drone strike
4968395,566,NIG2286,2286,15 May 2009,2009,exact date,Explosions/Remote violence,Air/drone strike,Military Forces of Nigeria (1999-2015),,state forces,MEND: Movement for the Emancipation of the Niger Delta,,rebel groups,military vs rebels,Western Africa,Nigeria,Delta,Warri South West,,Okerenghigho,5.6222,5.3922,high,Xinhua News,International,Villagers in Delta state's Gbramatu kingdom reported Oporoza and Okerenkoko villages being attacked with heavy machine-gun fire from low-flying helicopters on 15 May. Military claims to have killed 200 militants during armed battle.,100,1552577626,NGA,Explosions/Remote violence,Air/drone strike
4968408,566,NIG2284,2284,13 May 2009,2009,exact date,Violence against civilians,Attack,Military Forces of Nigeria (1999-2015),,state forces,Civilians (Nigeria),,civilians,military vs civilians,Western Africa,Nigeria,Delta,Warri South West,,Chanomi Creek,5.3990998,5.4482002,medium,Vanguard (Nigeria),National,Military kills civilians during battle with militants,0,1552577626,NGA,Violence against civilians,Attack
4968405,566,NIG2283,2283,13 May 2009,2009,exact date,Battles,Armed clash,Military Forces of Nigeria (1999-2015),,state forces,MEND: Movement for the Emancipation of the Niger Delta,,rebel groups,military vs rebels,Western Africa,Nigeria,Delta,Warri South West,,Chanomi Creek,5.3990998,5.4482002,medium,Vanguard (Nigeria),National,MEND attacks military,0,1552577626,NGA,Battles,Armed clash
4968416,566,NIG2282,2282,13 May 2009,2009,exact date,Violence against civilians,Attack,MEND: Movement for the Emancipation of the Niger Delta,,rebel groups,Civilians (International),,civilians,rebels vs civilians,Western Africa,Nigeria,Delta,Warri South West,,Chanomi Creek,5.3990998,5.4482002,medium,Dow Jones International News,International,MEND claims hijacking of vessel,0,1552577626,NGA,Violence against civilians,Attack
4968458,566,NIG2281,2281,07 May 2009,2009,exact date,Violence against civilians,Attack,MEND: Movement for the Emancipation of the Niger Delta,,rebel groups,Civilians (International),,civilians,rebels vs civilians,Western Africa,Nigeria,Ogun,Ijebu North,,Okan Ide,7.0999999,3.9667001,high,Platts Commodity News,Other,MEND attacks pipelines,0,1552577626,NGA,Violence against civilians,Attack
4968501,566,NIG2280,2280,04 May 2009,2009,exact date,Violence against civilians,Abduction/forced disappearance,Unidentified Armed Group (Nigeria),,political militias,Civilians (International),,civilians,political militia vs civilians,Western Africa,Nigeria,Rivers,Port-Harcourt,,Port Harcourt,4.7774,7.0134001,high,Associated Press,International,Militants kidnap foreign oil worker,0,1552577626,NGA,Violence against civilians,Abduction/forced disappearance
4968507,566,NIG2279,2279,04 May 2009,2009,exact date,Battles,Armed clash,Police Forces of Nigeria (1999-2015),,state forces,Unidentified Armed Group (Nigeria),,political militias,military vs political militia,Western Africa,Nigeria,Rivers,Port-Harcourt,,Port Harcourt,4.7774,7.0134001,high,Associated Press,International,Militants kill police during kidnapping,1,1552577626,NGA,Battles,Armed clash
4968522,566,NIG2278,2278,02 May 2009,2009,exact date,Battles,Armed clash,Military Forces of Nigeria (1999-2015) Joint Task Force,,state forces,Unidentified Armed Group (Nigeria),,political militias,military vs political militia,Western Africa,Nigeria,Akwa Ibom,Uyo,,Uyo,5.0332999,7.9266,medium,Reuters News,International,Militants attack vessel,0,1552577627,NGA,Battles,Armed clash
4968532,566,NIG2277,2277,01 May 2009,2009,exact date,Battles,Armed clash,Jukun Ethnic Militia (Nigeria),,identity militias,Kutep Communal Militia (Nigeria),,identity militias,communal militia vs communal militia,Western Africa,Nigeria,Taraba,Takum,,Takum,7.2666998,9.9833002,high,All Africa,Regional,Ethnic clashes between Jukuns and Kutep in Takum during cultural festival,0,1552577627,NGA,Battles,Armed clash
4968550,566,NIG2276,2276,29 April 2009,2009,exact date,Battles,Armed clash,Military Forces of Nigeria (1999-2015),,state forces,Unidentified Armed Group (Nigeria),,political militias,military vs political militia,Western Africa,Nigeria,Rivers,Bonny,,Bonny,4.4521999,7.1680999,medium,Xinhua News,International,Military repels militant attack,0,1552577627,NGA,Battles,Armed clash
4968563,566,NIG2275,2275,27 April 2009,2009,exact date,Battles,Armed clash,Military Forces of Nigeria (1999-2015),,state forces,Unidentified Armed Group (Nigeria),,political militias,military vs political militia,Western Africa,Nigeria,Rivers,Asari-Toru,,Sama-Naguakiri,4.8143001,6.8267999,high,Vanguard (Nigeria),National,Military battles armed militants,0,1552577627,NGA,Battles,Armed clash
4968574,566,NIG2274,2274,26 April 2009,2009,exact date,Protests,Peaceful protest,Protesters (Nigeria),,protesters,,,0,sole protester action,Western Africa,Nigeria,Ekiti,Ado Ekiti,,Ado-Ekiti,7.6209998,5.2214999,high,All Africa,Regional,Protesters take to streets over delayed release of poll results,0,1552577627,NGA,Protests,Peaceful protest
4968588,566,NIG2272,2272,25 April 2009,2009,exact date,Battles,Armed clash,Military Forces of Nigeria (1999-2015),,state forces,Unidentified Armed Group (Nigeria),,political militias,military vs political militia,Western Africa,Nigeria,Rivers,Degema,,Bakana,4.7372999,6.9660001,high,All Africa,Regional,Military battles armed militants,0,1552577627,NGA,Battles,Armed clash
4968589,566,NIG2273,2273,25 April 2009,2009,exact date,Battles,Armed clash,Military Forces of Nigeria (1999-2015),,state forces,Unidentified Armed Group (Nigeria),,political militias,military vs political militia,Western Africa,Nigeria,Delta,Ughelli North,,Ughelli,5.4899001,6.0074,medium,All Africa,Regional,Military battles armed militants,0,1552577627,NGA,Battles,Armed clash
4968616,566,NIG2271,2271,22 April 2009,2009,exact date,Battles,Armed clash,Military Forces of Nigeria (1999-2015),,state forces,Unidentified Armed Group (Nigeria),,political militias,military vs political militia,Western Africa,Nigeria,Rivers,Degema,,Degema,4.7460999,6.7677002,high,Reuters News,International,Military battles armed militants,0,1552577627,NGA,Battles,Armed clash
4968653,566,NIG2270,2270,20 April 2009,2009,exact date,Violence against civilians,Abduction/forced disappearance,Unidentified Armed Group (Nigeria),,political militias,Civilians (International),,civilians,political militia vs civilians,Western Africa,Nigeria,Rivers,Eleme,,Onne,4.7244,7.1525998,high,Agence France Presse,International,Militants kidnap foreign oil worker,0,1552577627,NGA,Violence against civilians,Abduction/forced disappearance
4968698,566,NIG2269,2269,16 April 2009,2009,exact date,Violence against civilians,Abduction/forced disappearance,Unidentified Armed Group (Nigeria),,political militias,Civilians (International),,civilians,political militia vs civilians,Western Africa,Nigeria,Kaduna,Kaduna North,,Kaduna,10.5222,7.4383001,high,All Africa,Regional,"In Kaduna, a Canadian volunteer of the Red Cross was abducted on April 16, 2009, and had to be rescued from kidnappers in a security operation.",0,1552577627,NGA,Violence against civilians,Abduction/forced disappearance
4968746,566,NIG2268,2268,13 April 2009,2009,exact date,Battles,Armed clash,Military Forces of Nigeria (1999-2015),,state forces,MEND: Movement for the Emancipation of the Niger Delta,,rebel groups,military vs rebels,Western Africa,Nigeria,Bayelsa,Nembe,,Nembe,4.5394001,6.4003,high,All Africa,Regional,MEND attacks military; kills three sailors and abducts four,3,1552577627,NGA,Battles,Armed clash
4968790,566,NIG2267,2267,09 April 2009,2009,exact date,Riots,Violent demonstration,Rioters (Nigeria),Militia (Gen. Boyloaf),rioters,,,0,sole rioter action,Western Africa,Nigeria,Bayelsa,Yenegoa,,Yenagoa,4.9246998,6.2642002,high,All Africa,Regional,200 disarmed militants known as the General Boyloaf went on a rampage in Yenagoa over the lack of payment received in exchange for surrendering their arms to authorities.,0,1552577627,NGA,Riots,Violent demonstration
4968827,566,NIG2266,2266,04 April 2009,2009,exact date,Battles,Armed clash,Military Forces of Nigeria (1999-2015),,state forces,Unidentified Armed Group (Nigeria),,political militias,military vs political militia,Western Africa,Nigeria,Bayelsa,Yenegoa,,Yenagoa,4.9246998,6.2642002,high,Platts Commodity News,Other,Gun battle between Nigerian troops and armed militants,0,1552577627,NGA,Battles,Armed clash
4968847,566,NIG2265,2265,02 April 2009,2009,exact date,Riots,Violent demonstration,Police Forces of Nigeria (1999-2015),,state forces,Rioters (Nigeria),,rioters,military vs rioters,Western Africa,Nigeria,Borno,Maiduguri,,Maiduguri,11.8464,13.1603,high,All Africa,Regional,Student protest becomes violent,0,1552577627,NGA,Riots,Violent demonstration
4968858,566,NIG2264,2264,01 April 2009,2009,exact date,Riots,Violent demonstration,Rioters (Nigeria),,rioters,,,0,sole rioter action,Western Africa,Nigeria,Ekiti,Ado Ekiti,,Ado-Ekiti,7.6209998,5.2214999,high,All Africa,Regional,Youths rampage in town of Ado-Ekiti after murder of prominent official,0,1552577627,NGA,Riots,Violent demonstration
4968859,566,NIG2262,2262,01 April 2009,2009,exact date,Violence against civilians,Attack,Unidentified Armed Group (Nigeria),,political militias,Civilians (International),,civilians,political militia vs civilians,Western Africa,Nigeria,Rivers,Bonny,,Bonny,4.4521999,7.1680999,high,Thai News Service,International,Pirates battle,0,1552577627,NGA,Violence against civilians,Attack
4968860,566,NIG2263,2263,01 April 2009,2009,exact date,Battles,Armed clash,Jukun Ethnic Militia (Nigeria),,identity militias,Kutep Communal Militia (Nigeria),,identity militias,communal militia vs communal militia,Western Africa,Nigeria,Taraba,Takum,,Takum,7.2666998,9.9833002,high,All Africa,Regional,Ethnic clashes between Jukuns and Kutep in Takum during cultural festival,0,1552577627,NGA,Battles,Armed clash
4968876,566,NIG2260,2260,31 March 2009,2009,exact date,Battles,Armed clash,Fulani Ethnic Militia (Nigeria),Pastoralists (Nigeria),identity militias,Unidentified Ethnic Militia (Nigeria),,identity militias,communal militia vs communal militia,Western Africa,Nigeria,Jigawa,Kaugama,,Kuagama,12.4754,9.7349005,high,All Africa,Regional,Clashes between farmers and pastoralists,0,1552577627,NGA,Battles,Armed clash
4968881,566,NIG2261,2261,31 March 2009,2009,exact date,Battles,Armed clash,Fulani Ethnic Militia (Nigeria),Pastoralists (Nigeria),identity militias,Unidentified Ethnic Militia (Nigeria),,identity militias,communal militia vs communal militia,Western Africa,Nigeria,Jigawa,Miga,,Miga,12.2393,9.7122002,low,All Africa,Regional,Clashes between farmers and pastoralists,0,1552577627,NGA,Battles,Armed clash
4968950,566,NIG2259,2259,25 March 2009,2009,exact date,Riots,Violent demonstration,Rioters (Nigeria),PDP: Peoples Democratic Party,rioters,,,0,sole rioter action,Western Africa,Nigeria,Kogi,Okene,,Okene,7.5455999,6.2537999,high,Vanguard (Nigeria),National,Riots and hostility among PDP members,0,1552577627,NGA,Riots,Violent demonstration
4969008,566,NIG2256,2256,19 March 2009,2009,exact date,Strategic developments,Other,Unidentified Armed Group (Nigeria),,political militias,Civilians (Nigeria),Civilians (International),civilians,political militia vs civilians,Western Africa,Nigeria,Delta,Warri South,,Ugbodede Creek,5.5267,5.6556001,medium,Global Insight Daily Analysis,International,Militants sabotage Shell oil pipeline near Warri river,0,1552577627,NGA,Strategic developments,Other
4969009,566,NIG2257,2257,19 March 2009,2009,exact date,Violence against civilians,Attack,Amai Ethnic Militia (Nigeria),,identity militias,Civilians (Nigeria),,civilians,communal militia vs civilians,Western Africa,Nigeria,Delta,Ukwuani,,Umuebu,5.7550001,6.1620002,high,All Africa,Regional,Gunmen from the Amai ethnic group attack Umuebu community,0,1552577627,NGA,Violence against civilians,Attack
4969010,566,NIG2258,2258,19 March 2009,2009,exact date,Battles,Armed clash,Unidentified Armed Group (Nigeria),,political militias,Unidentified Armed Group (Nigeria),,political militias,political militia vs political militia,Western Africa,Nigeria,Bayelsa,Yenegoa,,Yenagoa,4.9246998,6.2642002,high,Vanguard (Nigeria),National,Gunfight between rival armed gangs leaves three dead,0,1552577627,NGA,Battles,Armed clash
4969033,566,NIG2254,2254,16 March 2009,2009,exact date,Violence against civilians,Attack,Unidentified Armed Group (Nigeria),,political militias,Civilians (Nigeria),Civilians (International),civilians,political militia vs civilians,Western Africa,Nigeria,Bayelsa,Nembe,,Nembe,4.5394001,6.4003,high,Reuters News,International,Militants attack Royal Dutch Shell oil station,0,1552577627,NGA,Violence against civilians,Attack
4969040,566,NIG2255,2255,16 March 2009,2009,exact date,Riots,Violent demonstration,Rioters (Nigeria),,rioters,,,0,sole rioter action,Western Africa,Nigeria,Kaduna,Kaura,,Kagoro,9.6077995,8.3903999,low,All Africa,Regional,Hundreds of local youths in protest burn down filling station,0,1552577627,NGA,Riots,Violent demonstration
4969081,566,NIG2253,2253,13 March 2009,2009,exact date,Violence against civilians,Attack,Unidentified Armed Group (Nigeria),,political militias,Civilians (Nigeria),Civilians (International),civilians,political militia vs civilians,Western Africa,Nigeria,Delta,Oshimili South,,Asaba,6.2006001,6.7339001,low,Reuters News,International,Niger Delta militants attack Chevron oil pipeline,0,1552577627,NGA,Violence against civilians,Attack
4969091,566,NIG2252,2252,12 March 2009,2009,exact date,Battles,Armed clash,Modeke Communal Militia (Nigeria),,identity militias,Olakojo Communal Militia (Nigeria),,identity militias,communal militia vs communal militia,Western Africa,Nigeria,Oyo,Ibadan North West,,Ibadan,7.3878002,3.8964,low,All Africa,Regional,A curfew was set in place following a clash between two rival communities in Oyo State. Though there are no reported deaths caused as yet by the skirmish,0,1552577627,NGA,Battles,Armed clash
4969133,566,NIG2251,2251,08 March 2009,2009,exact date,Violence against civilians,Attack,Unidentified Armed Group (Nigeria),,political militias,Civilians (Nigeria),,civilians,political militia vs civilians,Western Africa,Nigeria,Kogi,Lokoja,,Lokoja,7.8024001,6.743,high,All Africa,Regional,Thugs rampage after one of their compatriots was killed; two civilians die in violence,2,1552577627,NGA,Violence against civilians,Attack
4969158,566,NIG2250,2250,05 March 2009,2009,exact date,Violence against civilians,Attack,Unidentified Armed Group (Nigeria),,political militias,Civilians (Nigeria),,civilians,political militia vs civilians,Western Africa,Nigeria,Lagos,Apapa,,Apapa,6.4456,3.3592,high,Agence France Presse,International,Gunmen on motorbikes shoot dead woman at Catholic Mass,1,1552577627,NGA,Violence against civilians,Attack
4969173,566,NIG2249,2249,03 March 2009,2009,exact date,Battles,Armed clash,Military Forces of Nigeria (1999-2015) Joint Task Force,,state forces,Unidentified Armed Group (Nigeria),,political militias,military vs political militia,Western Africa,Nigeria,Bayelsa,Yenegoa,,Yenagoa,4.9246998,6.2642002,high,All Africa,Regional,JTF guns down two militant after they robbed a man in Yenagoa,2,1552577627,NGA,Battles,Armed clash
4969184,566,NIG2246,2246,02 March 2009,2009,exact date,Violence against civilians,Abduction/forced disappearance,Unidentified Armed Group (Nigeria),,political militias,Civilians (Nigeria),Catholic Christian Group (Nigeria),civilians,political militia vs civilians,Western Africa,Nigeria,Rivers,Port-Harcourt,,Port Harcourt,4.7774,7.0134001,high,BBC News Online,International,A Catholic priest was kidnapped by armed men from the steps of his church,0,1552577627,NGA,Violence against civilians,Abduction/forced disappearance
4969185,566,NIG2247,2247,02 March 2009,2009,exact date,Violence against civilians,Attack,Unidentified Armed Group (Nigeria),,political militias,Civilians (Nigeria),,civilians,political militia vs civilians,Western Africa,Nigeria,Rivers,Port-Harcourt,,Port Harcourt,4.7774,7.0134001,high,BBC News Online,International,An 11 year-old girl was shot dead by an armed group as she tried to protect her 9 year-old brother from being kidnapped.,1,1552577627,NGA,Violence against civilians,Attack
4969190,566,NIG2248,2248,02 March 2009,2009,exact date,Violence against civilians,Abduction/forced disappearance,Unidentified Armed Group (Nigeria),,political militias,Civilians (Nigeria),,civilians,political militia vs civilians,Western Africa,Nigeria,Rivers,Port-Harcourt,,Port Harcourt,4.7774,7.0134001,high,BBC News Online,International,"An armed gang kidnaps the wife of a former oil minister Gladys Daukoru.""",0,1552577627,NGA,Violence against civilians,Abduction/forced disappearance
4969196,566,NIG2245,2245,01 March 2009,2009,exact date,Violence against civilians,Attack,Unidentified Armed Group (Nigeria),,political militias,Civilians (International),,civilians,political militia vs civilians,Western Africa,Nigeria,Rivers,Bonny,,Bonny,4.4521999,7.1680999,high,Thai News Service,International,Pirates battle,0,1552577627,NGA,Violence against civilians,Attack
4969227,566,NIG2244,2244,26 February 2009,2009,exact date,Battles,Armed clash,Military Forces of Nigeria (1999-2015) Joint Task Force,,state forces,Unidentified Armed Group (Nigeria),,political militias,military vs political militia,Western Africa,Nigeria,Bayelsa,Brass,,Ewoama,4.3113999,6.2772002,high,All Africa,Regional,JTF attacks militant camp,0,1552577627,NGA,Battles,Armed clash
4969240,566,NIG2242,2242,25 February 2009,2009,exact date,Violence against civilians,Attack,MEND: Movement for the Emancipation of the Niger Delta,,rebel groups,Civilians (Nigeria),,civilians,rebels vs civilians,Western Africa,Nigeria,Bayelsa,Southern Ijaw,,Tebidaba,4.5780001,5.9707999,high,Agence France Presse,International,MEND attacks civilian helicopter in transit to Agip oil station,0,1552577627,NGA,Violence against civilians,Attack
4969239,566,NIG2243,2243,25 February 2009,2009,exact date,Battles,Armed clash,Military Forces of Nigeria (1999-2015) Joint Task Force,,state forces,MEND: Movement for the Emancipation of the Niger Delta,,rebel groups,military vs rebels,Western Africa,Nigeria,Rivers,Degema,,Ke,4.4545999,6.9155002,medium,Platts Commodity News,Other,MEND claims to have killed 6 JTF in attack around Ke River,6,1552577627,NGA,Battles,Armed clash
4969267,566,NIG2241,2241,23 February 2009,2009,exact date,Riots,Mob violence,Rioters (Nigeria),Christian Group (Nigeria),rioters,Rioters (South Africa),Muslim Group (Nigeria),rioters,rioters vs rioters,Western Africa,Nigeria,Bauchi,Bauchi,,Bauchi,10.3134,9.8432999,high,Agence France Presse,International,Violent riots and clashes between Christians and Muslims over three days leave 11 people dead,11,1552577627,NGA,Riots,Mob violence
4969278,566,NIG2240,2240,22 February 2009,2009,exact date,Riots,Mob violence,Rioters (Nigeria),Christian Group (Nigeria),rioters,Rioters (South Africa),Muslim Group (Nigeria),rioters,rioters vs rioters,Western Africa,Nigeria,Bauchi,Bauchi,,Bauchi,10.3134,9.8432999,high,Agence France Presse,International,Violent riots and clashes between Christians and Muslims,0,1552577627,NGA,Riots,Mob violence
4969281,566,NIG2238,2238,21 February 2009,2009,exact date,Riots,Mob violence,Rioters (Nigeria),Christian Group (Nigeria),rioters,Rioters (South Africa),Muslim Group (Nigeria),rioters,rioters vs rioters,Western Africa,Nigeria,Bauchi,Bauchi,,Bauchi,10.3134,9.8432999,high,AP Reuters,International,Violent riots and clashes between Christians and Muslims,0,1552577627,NGA,Riots,Mob violence
4969286,566,NIG2239,2239,21 February 2009,2009,exact date,Battles,Armed clash,Military Forces of Nigeria (1999-2015),,state forces,Unidentified Armed Group (Nigeria),,political militias,military vs political militia,Western Africa,Nigeria,Bayelsa,Southern Ijaw,,Oporoma,4.8046999,6.0788999,medium,The Oil Daily,Other,Gunmen attack oil terminal,0,1552577627,NGA,Battles,Armed clash
4969295,566,NIG2237,2237,20 February 2009,2009,exact date,Violence against civilians,Attack,Unidentified Armed Group (Nigeria),,political militias,Civilians (Nigeria),,civilians,political militia vs civilians,Western Africa,Nigeria,Delta,Ughelli North,,Ughelli,5.4899001,6.0074,high,Xinhua News,International,Unknown gunmen kill 13 footballers and supporters in Ughelli,13,1552577627,NGA,Violence against civilians,Attack
4969325,566,NIG2236,2236,18 February 2009,2009,exact date,Violence against civilians,Attack,Unidentified Armed Group (Nigeria),,political militias,Civilians (Nigeria),Civilians (International),civilians,political militia vs civilians,Western Africa,Nigeria,Bayelsa,Nembe,,Nembe,4.5394001,6.4003,medium,Global Insight Daily Analysis,International,Militants attack two Shell flow stations,0,1552577627,NGA,Violence against civilians,Attack
4969334,566,NIG2235,2235,18 February 2009,2009,exact date,Battles,Armed clash,Military Forces of Nigeria (1999-2015) Joint Task Force,,state forces,Unidentified Armed Group (Nigeria),,political militias,military vs political militia,Western Africa,Nigeria,Akwa Ibom,Eket,,Eket,4.6412001,7.9208999,low,Agence France Presse,International,Militants attack oil industry compound but repelled after fierce battle with JTF,0,1552577627,NGA,Battles,Armed clash
4969340,566,NIG2234,2234,17 February 2009,2009,exact date,Battles,Armed clash,Military Forces of Nigeria (1999-2015) Joint Task Force,,state forces,Unidentified Armed Group (Nigeria),,political militias,military vs political militia,Western Africa,Nigeria,Akwa Ibom,Eket,,Eket,4.6412001,7.9208999,high,All Africa,Regional,Militants attack oil facility,0,1552577627,NGA,Battles,Armed clash
4969462,566,NIG2233,2233,08 February 2009,2009,exact date,Riots,Violent demonstration,Rioters (Nigeria),,rioters,,,0,sole rioter action,Western Africa,Nigeria,Kogi,Lokoja,,Lokoja,7.8024001,6.743,high,All Africa,Regional,Youths riot after death of local resident by rival armed group,0,1552577628,NGA,Riots,Violent demonstration
4969478,566,NIG2231,2231,06 February 2009,2009,exact date,Protests,Peaceful protest,Protesters (Nigeria),,protesters,,,0,sole protester action,Western Africa,Nigeria,Nasarawa,Lafia,,Lafia,8.4833002,8.5166998,high,All Africa,Regional,Commercial drivers protest against National Union of Road Transport Workers (NURTW),0,1552577628,NGA,Protests,Peaceful protest
4969483,566,NIG2232,2232,06 February 2009,2009,exact date,Protests,Peaceful protest,Protesters (Nigeria),,protesters,,,0,sole protester action,Western Africa,Nigeria,Cross River,Bekwara,,Nyanya,6.6784,8.9699001,high,All Africa,Regional,Commercial drivers protest against National Union of Road Transport Workers (NURTW),0,1552577628,NGA,Protests,Peaceful protest
4969510,566,NIG2230,2230,03 February 2009,2009,exact date,Riots,Mob violence,Rioters (Nigeria),PDP: Peoples Democratic Party,rioters,Rioters (Nigeria),PDP: Peoples Democratic Party,rioters,rioters vs rioters,Western Africa,Nigeria,Oyo,Ogo Oluwa,,Oko Ede,7.9833002,4.1666999,high,Vanguard (Nigeria),National,PDP supporters riot and clash amongst themselves; twenty people injured,0,1552577628,NGA,Riots,Mob violence
4969536,566,NIG2228,2228,01 February 2009,2009,exact date,Violence against civilians,Attack,Unidentified Armed Group (Nigeria),,political militias,Civilians (Nigeria),Civilians (International),civilians,political militia vs civilians,Western Africa,Nigeria,Delta,Burutu,,Burutu,5.3509002,5.5075998,medium,Dow Jones International News,International,Militant youths attack pipeline,0,1552577628,NGA,Violence against civilians,Attack
4969537,566,NIG2229,2229,01 February 2009,2009,exact date,Battles,Armed clash,Unidentified Armed Group (Nigeria),,political militias,Police Forces of Nigeria (1999-2015),,state forces,military vs political militia,Western Africa,Nigeria,Plateau,Jos North,,Jos,9.9285002,8.8921003,high,Sunday Vanguard,National,Police clash with an unidentified group in Jos.,0,1552577628,NGA,Battles,Armed clash
4969561,566,NIG2227,2227,29 January 2009,2009,exact date,Violence against civilians,Abduction/forced disappearance,Unidentified Armed Group (Nigeria),,political militias,Civilians (Nigeria),,civilians,political militia vs civilians,Western Africa,Nigeria,Rivers,Port-Harcourt,,Port Harcourt,4.7774,7.0134001,high,All Africa,Regional,Gunmen kidnap boy,0,1552577628,NGA,Violence against civilians,Abduction/forced disappearance
4969564,566,NIG2226,2226,29 January 2009,2009,exact date,Battles,Armed clash,Umuode Communal Militia (Nigeria),,identity militias,Oruku Communal Militia (Nigeria),,identity militias,communal militia vs communal militia,Western Africa,Nigeria,Enugu,Nkanu East,,Amagunze,6.3267002,7.6539001,medium,All Africa,Regional,Clashes in Nkanu leave ten people total dead,10,1552577628,NGA,Battles,Armed clash
4969628,566,NIG2225,2225,26 January 2009,2009,exact date,Protests,Peaceful protest,Protesters (Nigeria),,protesters,,,0,sole protester action,Western Africa,Nigeria,Ekiti,Ado Ekiti,,Ado-Ekiti,7.6209998,5.2214999,high,All Africa,Regional,Residents protest insecurity in Ekiti State,0,1552577628,NGA,Protests,Peaceful protest
4969670,566,NIG2224,2224,23 January 2009,2009,exact date,Violence against civilians,Attack,MEND: Movement for the Emancipation of the Niger Delta,,rebel groups,Civilians (Nigeria),,civilians,rebels vs civilians,Western Africa,Nigeria,Rivers,Bonny,,Bonny,4.4521999,7.1680999,high,Voice of America Press Releases and Documents,International,MEND attacks two oil vessels off Niger Delta,0,1552577628,NGA,Violence against civilians,Attack
4969700,566,NIG2223,2223,21 January 2009,2009,exact date,Violence against civilians,Attack,MEND: Movement for the Emancipation of the Niger Delta,,rebel groups,Civilians (Nigeria),,civilians,rebels vs civilians,Western Africa,Nigeria,Rivers,Bonny,,Bonny,4.4521999,7.1680999,high,Platts Commodity News,Other,MEND attacks oil tanker,0,1552577628,NGA,Violence against civilians,Attack
4969719,566,NIG2222,2222,19 January 2009,2009,exact date,Violence against civilians,Attack,MEND: Movement for the Emancipation of the Niger Delta,,rebel groups,Civilians (Nigeria),Civilians (International),civilians,rebels vs civilians,Western Africa,Nigeria,Rivers,Bonny,,Bonny,4.4521999,7.1680999,high,Platts Commodity News,Other,MEND attacks oil platform at Bonny,0,1552577628,NGA,Violence against civilians,Attack
4969750,566,NIG2221,2221,17 January 2009,2009,exact date,Battles,Armed clash,Amai Ethnic Militia (Nigeria),,identity militias,Ezionum Ethnic Militia (Nigeria),,identity militias,communal militia vs communal militia,Western Africa,Nigeria,Delta,Ukwuani,,Obiaruku Quarters,5.8467002,6.1525998,medium,All Africa,Regional,Clashes between Amai and Ezionum communities,0,1552577628,NGA,Battles,Armed clash
4969769,566,NIG2216,2216,16 January 2009,2009,within week,Strategic developments,Other,Military Forces of Nigeria (1999-2015) Joint Task Force,,state forces,Civilians (Nigeria),,civilians,military vs civilians,Western Africa,Nigeria,Rivers,Port-Harcourt,,Port Harcourt,4.7774,7.0134001,low,Agence France Presse,International,JTF raids areas of Rivers State in search of British hostages,0,1552577628,NGA,Strategic developments,Other
4969831,566,NIG2214,2214,13 January 2009,2009,exact date,Strategic developments,Arrests,Military Forces of Nigeria (1999-2015) Joint Task Force,,state forces,Unidentified Armed Group (Nigeria),,political militias,military vs political militia,Western Africa,Nigeria,Rivers,Degema,,Bakana,4.7372999,6.9660001,high,Reuters News,International,JTF arrests militant leader,0,1552577628,NGA,Strategic developments,Arrests
4969833,566,NIG2213,2213,12 January 2009,2009,exact date,Violence against civilians,Attack,Unidentified Armed Group (Nigeria),,political militias,Civilians (Nigeria),,civilians,political militia vs civilians,Western Africa,Nigeria,Kaduna,Kaduna North,,Kaduna,10.5222,7.4383001,high,Plus News Pakistan,International,Armed robbers invaded the family home of Hassan Hyat,0,1552577628,NGA,Violence against civilians,Attack
4969847,566,NIG2212,2212,11 January 2009,2009,exact date,Protests,Peaceful protest,Protesters (Nigeria),,protesters,,,0,sole protester action,Western Africa,Nigeria,Plateau,Jos North,,Jos,9.9285002,8.8921003,high,All Africa,Regional,Police narrowly avert a riot in Jos following a Plateau State governmental election.,0,1552577628,NGA,Protests,Peaceful protest
4969869,566,NIG2210,2210,09 January 2009,2009,exact date,Protests,Peaceful protest,Protesters (Nigeria),,protesters,,,0,sole protester action,Western Africa,Nigeria,Oyo,Ibadan North West,,Ibadan,7.3878002,3.8964,medium,All Africa,Regional,Students protest at Ibadan University,0,1552577628,NGA,Protests,Peaceful protest
4969875,566,NIG2211,2211,09 January 2009,2009,exact date,Riots,Mob violence,Rioters (Nigeria),Vigilante Group (Nigeria); Umuchukwu Ethnic Group (Nigeria),rioters,Civilians (Nigeria),Nkerehi Ethnic Group (Nigeria),civilians,rioters vs civilians,Western Africa,Nigeria,Anambra,Orumba South,,Umueje,6.0240998,7.2666998,medium,BBC Monitoring,National,Vigilants favoring a name change for their town rampage,0,1552577628,NGA,Riots,Mob violence
4969902,566,NIG2209,2209,07 January 2009,2009,exact date,Strategic developments,Looting/property destruction,MEND: Movement for the Emancipation of the Niger Delta,,rebel groups,,,0,sole rebels action,Western Africa,Nigeria,Bayelsa,Southern Ijaw,,Oporoma,4.8046999,6.0788999,medium,All Africa,Regional,Property destruction: MEND attacks Shell pipeline,0,1552577628,NGA,Strategic developments,Looting/property destruction
