data_id,iso,event_id_cnty,event_id_no_cnty,event_date,year,time_precision,event_type,sub_event_type,actor1,assoc_actor_1,inter1,actor2,assoc_actor_2,inter2,interaction,region,country,admin1,admin2,admin3,location,latitude,longitude,geo_precision,source,source_scale,notes,fatalities,timestamp,iso3,event_code,subevent_code
5013031,566,NIG149,149,31 December 1997,1997,exact date,Battles,Armed clash,Ife Ethnic Militia (Nigeria),,identity militias,Modakeke Ethnic Militia (Nigeria),,identity militias,communal militia vs communal militia,Western Africa,Nigeria,Osun,Ife East,,Ife-Ife,7.4667001,4.5667,medium,Reuters News,International,Six Modakekes were burned to death in a clash with the Ife ethnic militia. Their bodies were later recovered in the adjacent village of Otin.,6,1552577677,NGA,Battles,Armed clash
5013096,566,NIG148,148,21 December 1997,1997,exact date,Battles,Armed clash,Military Forces of Nigeria (1993-1999),,state forces,Military Forces of Nigeria (1993-1999),,state forces,military vs military,Western Africa,Nigeria,Oyo,Ibadan North West,,Ibadan,7.3878002,3.8964,high,The Guardian,National,Twelve army officers are arrested following a failed coup plot on the current ruler General Sani Abacha. Protests against the plot followed.,0,1552577677,NGA,Battles,Armed clash
5013160,566,NIG147,147,15 December 1997,1997,exact date,Violence against civilians,Abduction/forced disappearance,Unidentified Armed Group (Nigeria),,political militias,Civilians (International),,civilians,political militia vs civilians,Western Africa,Nigeria,Lagos,Lagos Island,,Lagos,6.4531002,3.3958001,high,The Herald,National,"A Nigerian oil group takes two Britons, an American and an Australian hostage in protest over their working conditions. """,0,1552577677,NGA,Violence against civilians,Abduction/forced disappearance
5013180,566,NIG146,146,14 December 1997,1997,exact date,Protests,Peaceful protest,Protesters (Nigeria),,protesters,,,0,sole protester action,Western Africa,Nigeria,Katsina,Katsina,,Katsina,12.9894,7.6005998,high,Agence France Presse,International,"Some 3,000 people demonstrated peacefully in the home town of General Shehu YarAdua, protesting his death in prison last week",0,1552577677,NGA,Protests,Peaceful protest
5013185,566,NIG145,145,13 December 1997,1997,exact date,Explosions/Remote violence,Remote explosive/landmine/IED,Unidentified Armed Group (Nigeria),,political militias,Civilians (Nigeria),,civilians,political militia vs civilians,Western Africa,Nigeria,Federal Capital Territory,Abuja Municipal,,Abuja,9.0832996,7.5332999,high,Voice of Nigeria; The Vanguard,National,"a bomb exploded at the Nnamdi Azikiwe International Airport, killing one",1,1552577677,NGA,Explosions/Remote violence,Remote explosive/landmine/IED
5013184,566,NIG144,144,13 December 1997,1997,exact date,Violence against civilians,Abduction/forced disappearance,Unidentified Armed Group (Nigeria),,political militias,Civilians (Nigeria),,civilians,political militia vs civilians,Western Africa,Nigeria,Ondo,Ilaje,,Aiyetoro,6.1009998,4.7771001,medium,Agence France Presse,International,Five international workers from Western Geophysical were taken hostage by armed gunmen and held on a houseboat off the coast of the southwestern Ondo State due to a dispute between the oil firm and local villagers,0,1552577677,NGA,Violence against civilians,Abduction/forced disappearance
5013189,566,NIG143,143,11 December 1997,1997,exact date,Battles,Armed clash,Ife Ethnic Militia (Nigeria),,identity militias,Modakeke Ethnic Militia (Nigeria),,identity militias,communal militia vs communal militia,Western Africa,Nigeria,Osun,Ife East,,Ife-Ife,7.4667001,4.5667,medium,Daily Times,National,Eight are killed in continued fighting between the Ife and Modakeke during a peace meeting between the two parties.,8,1552577677,NGA,Battles,Armed clash
5013209,566,NIG142,142,07 December 1997,1997,exact date,Battles,Armed clash,Ife Ethnic Militia (Nigeria),,identity militias,Modakeke Ethnic Militia (Nigeria),,identity militias,communal militia vs communal militia,Western Africa,Nigeria,Osun,Ife East,,Ife-Ife,7.4667001,4.5667,medium,Radio Kudirat Nigeria,Subnational,"Communal violence continued, raising the death toll to 20",5,1552577677,NGA,Battles,Armed clash
5013218,566,NIG139,139,05 December 1997,1997,exact date,Explosions/Remote violence,Remote explosive/landmine/IED,Unidentified Armed Group (Nigeria),,political militias,Civilians (Nigeria),,civilians,political militia vs civilians,Western Africa,Nigeria,Oyo,Ibadan North West,,Ibadan,7.3878002,3.8964,high,Reuters News,International,A bomb intended for a military target exploded prematurely in a populated center. No injury or death reported.,0,1552577677,NGA,Explosions/Remote violence,Remote explosive/landmine/IED
5013214,566,NIG141,141,05 December 1997,1997,exact date,Battles,Armed clash,Ife Ethnic Militia (Nigeria),,identity militias,Modakeke Ethnic Militia (Nigeria),,identity militias,communal militia vs communal militia,Western Africa,Nigeria,Osun,Irewole,,Modakeke,7.3832998,4.2666998,high,Xinhua News,International,"About 15 people feared dead in ethnic clashes in Osun over the past four days. Fighting continued Friday, preventing elections from going ahead",7,1552577677,NGA,Battles,Armed clash
5013213,566,NIG140,140,05 December 1997,1997,exact date,Battles,Armed clash,Ife Ethnic Militia (Nigeria),,identity militias,Modakeke Ethnic Militia (Nigeria),,identity militias,communal militia vs communal militia,Western Africa,Nigeria,Osun,Ife East,,Ife-Ife,7.4667001,4.5667,high,Xinhua News,International,"About 15 people feared dead in ethnic clashes in Osun over the past four days. Fighting continued Friday, preventing elections from going ahead",8,1552577677,NGA,Battles,Armed clash
5013224,566,NIG137,137,04 December 1997,1997,exact date,Battles,Armed clash,Ife Ethnic Militia (Nigeria),,identity militias,Modakeke Ethnic Militia (Nigeria),,identity militias,communal militia vs communal militia,Western Africa,Nigeria,Osun,Ife East,,Ife-Ife,7.4667001,4.5667,medium,Agence France Presse,International,Several buildings were destroyed by fire in communal violence including the Ife monarchs estate,0,1552577677,NGA,Battles,Armed clash
5013220,566,NIG138,138,04 December 1997,1997,exact date,Battles,Armed clash,Ijaw Ethnic Militia (Nigeria),,identity militias,Ikpokpo Communal Militia (Nigeria),,identity militias,communal militia vs communal militia,Western Africa,Nigeria,Delta,Warri South,,Warri,5.5166998,5.75,high,Reuters News,International,44 people are killed when Ijaw members attack the people of Ikpokpo village over the recent relocation of a local government headquarters.,44,1552577677,NGA,Battles,Armed clash
5013233,566,NIG135,135,02 December 1997,1997,exact date,Explosions/Remote violence,Remote explosive/landmine/IED,Unidentified Armed Group (Nigeria),,political militias,Civilians (Nigeria),,civilians,political militia vs civilians,Western Africa,Nigeria,Lagos,Lagos Island,,Lagos,6.4531002,3.3958001,high,Reuters News,International,"A bomb packed with nails explodes as a military bus crosses an intersection wounding eight. """,0,1552577677,NGA,Explosions/Remote violence,Remote explosive/landmine/IED
5013235,566,NIG136,136,02 December 1997,1997,exact date,Explosions/Remote violence,Remote explosive/landmine/IED,NADECO: National Democratic Coalition Militia,,political militias,Civilians (Nigeria),,civilians,political militia vs civilians,Western Africa,Nigeria,Lagos,Lagos Island,,Lagos,6.4531002,3.3958001,high,The Guardian,National,"An opposition group known as NADECO sets off several bombs in Lagos, no reported injuries or death. """,0,1552577677,NGA,Explosions/Remote violence,Remote explosive/landmine/IED
5013274,566,NIG134,134,28 November 1997,1997,within week,Riots,Mob violence,Rioters (Nigeria),Students (Nigeria),rioters,Police Forces of Nigeria (1993-1999),,state forces,military vs rioters,Western Africa,Nigeria,Oyo,Ibadan North West,,Ibadan,7.3878002,3.8964,high,Xinhua News,International,three students seriously wounded in a clash with police at the University of Ibadan. Police were preventing students from protesting the lack if water and electricity on campus,0,1552577677,NGA,Riots,Mob violence
5013367,566,NIG133,133,15 November 1997,1997,within week,Battles,Armed clash,Bassa Ethnic Militia (Nigeria),,identity militias,Ebira Ethnic Militia (Nigeria),,identity militias,communal militia vs communal militia,Western Africa,Nigeria,Nasarawa,Lafia,,Lafia,8.4833002,8.5166998,medium,Reuters News; New Agency of Nigeria,International,24 are dead in a tribal conflict involving machetes; other sources reported the use of sophisiticated weapons suggesting mercenary involvement,24,1552577677,NGA,Battles,Armed clash
5013402,566,NIG132,132,12 November 1997,1997,exact date,Violence against civilians,Attack,Ekakpamre Communal Militia (Nigeria),,identity militias,Civilians (Nigeria),,civilians,communal militia vs civilians,Western Africa,Nigeria,Delta,Ughelli South,,Ekakpamre,5.5172,5.9057002,high,Reuters News,International,"Ekakpamre Communal Militia carried out their earlier threat of forced closure of the Ughelli West flow station. The community demands an improved access road and a share of 19000 bpd output that is typical of the station. """,0,1552577677,NGA,Violence against civilians,Attack
5013411,566,NIG131,131,10 November 1997,1997,exact date,Battles,Armed clash,Unidentified Armed Group (Nigeria),,political militias,Police Forces of Nigeria (1993-1999),,state forces,military vs political militia,Western Africa,Nigeria,Ondo,Akure South,,Akure,7.2526002,5.1931,high,Daily Times,National,A police officer was shot and killed by armed robbers in Akure.,1,1552577677,NGA,Battles,Armed clash
5013415,566,NIG130,130,09 November 1997,1997,exact date,Battles,Armed clash,Modakeke Ethnic Militia (Nigeria),,identity militias,Ife Ethnic Militia (Nigeria),,identity militias,communal militia vs communal militia,Western Africa,Nigeria,Delta,Warri South,,Warri,5.5166998,5.75,medium,The National Concord,National,12 dead and 10 injured in renewed fighting between Ife and Modakeke communities,12,1552577677,NGA,Battles,Armed clash
5013421,566,NIG129,129,08 November 1997,1997,exact date,Battles,Armed clash,Ijaw Ethnic Militia (Nigeria),,identity militias,Itsekiri Ethnic Militia (Nigeria),,identity militias,communal militia vs communal militia,Western Africa,Nigeria,Delta,Warri South,,Warri,5.5166998,5.75,high,Reuters News,International,"A group of Ijaws have vandalized a oil flow station in Warri during ethnic clashes with the Itsekiri""",0,1552577677,NGA,Battles,Armed clash
5013431,566,NIG128,128,06 November 1997,1997,exact date,Battles,Armed clash,Unidentified Armed Group (Nigeria),,political militias,Police Forces of Nigeria (1993-1999),,state forces,military vs political militia,Western Africa,Nigeria,Lagos,Lagos Island,,Lagos,6.4531002,3.3958001,high,Daily Times,National,A group of armed robbers kill four police officers in Lagos.,4,1552577678,NGA,Battles,Armed clash
5013439,566,NIG126,126,05 November 1997,1997,exact date,Violence against civilians,Attack,Unidentified Armed Group (Nigeria),,political militias,Civilians (Nigeria),,civilians,political militia vs civilians,Western Africa,Nigeria,Bayelsa,Nembe,,Nembe,4.5394001,6.4003,high,Reuters News,International,Fresh fighting in Nigerias oil producing Niger delta has forced oil giant Royal Dutch Shell Group to cut Nigerian oil output by more than 10 percent. This follows an attack by armed youths on the Nembe Creek Oil facility.,0,1552577678,NGA,Violence against civilians,Attack
5013440,566,NIG127,127,05 November 1997,1997,exact date,Battles,Armed clash,Ijaw Ethnic Militia (Nigeria),,identity militias,Itsekiri Ethnic Militia (Nigeria),,identity militias,communal militia vs communal militia,Western Africa,Nigeria,Delta,Warri South,,Warri,5.5166998,5.75,high,Local Media Source,National,Ijaws take revenge on a previous Itsekiri attack killing 10 of them.,10,1552577678,NGA,Battles,Armed clash
5013480,566,NIG125,125,30 October 1997,1997,within week,Riots,Violent demonstration,Rioters (Nigeria),,rioters,,,0,sole rioter action,Western Africa,Nigeria,Taraba,Jalingo,,Jalingo,8.8832998,11.3667,high,Local Media Source,National,Ten people died in a riot that was in response to the military governors dissolution of local government councils in the state and relocated all Kutaf ethnic villages.,10,1552577678,NGA,Riots,Violent demonstration
5013492,566,NIG124,124,29 October 1997,1997,exact date,Violence against civilians,Attack,Police Forces of Nigeria (1993-1999),,state forces,Civilians (Nigeria),,civilians,military vs civilians,Western Africa,Nigeria,Lagos,Lagos Island,,Lagos,6.4531002,3.3958001,high,Reuters News,International,Moshood Abiola a pro-democracy magazine editor has beaten and arrested by police in the Ikeja district of Lagos.,0,1552577678,NGA,Violence against civilians,Attack
5013515,566,NIG123,123,22 October 1997,1997,within week,Battles,Armed clash,Kuteb Ethnic Militia (Nigeria),,identity militias,Jukun Ethnic Militia (Nigeria),,identity militias,communal militia vs communal militia,Western Africa,Nigeria,Taraba,Karin-Lamido,,Dani,9.4167004,10.85,medium,Xinhua News,International,"Seven killed and seven houses razed in communal violence between the Jukun, Chamba and Kutep communities after the removal of elected local council officials",7,1552577678,NGA,Battles,Armed clash
5013540,566,NIG121,121,17 October 1997,1997,exact date,Strategic developments,Other,Gelegele Communal Militia (Nigeria),,identity militias,,,0,sole communal militia action,Western Africa,Nigeria,Delta,Warri South,,Warri,5.5166998,5.75,high,Reuters News,International,Non-violent activity: Militants from Gelegele force an oil company to stop production in the area.,0,1552577678,NGA,Strategic developments,Other
5013593,566,NIG120,120,14 October 1997,1997,exact date,Violence against civilians,Attack,Ogbogo Communal Militia (Nigeria),Emadja Communal Militia (Nigeria),identity militias,Civilians (Nigeria),,civilians,communal militia vs civilians,Western Africa,Nigeria,Delta,Warri South,,Warri,5.5166998,5.75,high,Reuters News,International,Allied militant villagers forcibly stop operation aboard an oil rig when they chase away its operators.,0,1552577678,NGA,Violence against civilians,Attack
5013734,566,NIG119,119,29 September 1997,1997,exact date,Explosions/Remote violence,Remote explosive/landmine/IED,Unidentified Armed Group (Nigeria),,political militias,Civilians (Nigeria),,civilians,political militia vs civilians,Western Africa,Nigeria,Rivers,Port-Harcourt,,Port Harcourt,4.7774,7.0134001,high,Daily Times,National,A group cause an explosion at a power station in Port Harcourt which kills six workers.,6,1552577678,NGA,Explosions/Remote violence,Remote explosive/landmine/IED
5013736,566,NIG118,118,28 September 1997,1997,exact date,Strategic developments,Arrests,Ijaw Ethnic Militia (Nigeria),,identity militias,Police Forces of Nigeria (1993-1999),,state forces,military vs communal militia,Western Africa,Nigeria,Delta,Warri South,,Warri,5.5166998,5.75,high,Reuters News,International,Police arrest 25 Ijaw militants for destructive activities.,0,1552577678,NGA,Strategic developments,Arrests
5013751,566,NIG117,117,24 September 1997,1997,exact date,Explosions/Remote violence,Remote explosive/landmine/IED,Unidentified Armed Group (Nigeria),,political militias,Civilians (Nigeria),,civilians,political militia vs civilians,Western Africa,Nigeria,Ondo,Akure South,,Akure,7.2526002,5.1931,high,Radio Nigeria,National,Bomb explodes at Reconciliation Committee chairmans home,0,1552577678,NGA,Explosions/Remote violence,Remote explosive/landmine/IED
5013754,566,NIG116,116,23 September 1997,1997,within week,Battles,Armed clash,Ife Ethnic Militia (Nigeria),,identity militias,Modakeke Ethnic Militia (Nigeria),,identity militias,communal militia vs communal militia,Western Africa,Nigeria,Osun,Ife East,,Ife-Ife,7.4667001,4.5667,medium,Reuters News,International,Thirty in a span of three days are killed in a renewed ethnic clash between the Ife and Moadakeke peoples over the relocation of a government office in the region.,30,1552577678,NGA,Battles,Armed clash
5013763,566,NIG115,115,21 September 1997,1997,exact date,Violence against civilians,Attack,Police Forces of Nigeria (1993-1999),,state forces,Civilians (Nigeria),,civilians,military vs civilians,Western Africa,Nigeria,Lagos,Lagos Island,,Lagos,6.4531002,3.3958001,high,Reuters News,International,Police forcibly stop a party in honor of a detained human rights campaigner Frederick Fasehun.,0,1552577678,NGA,Violence against civilians,Attack
5013785,566,NIG114,114,18 September 1997,1997,exact date,Protests,Peaceful protest,Protesters (Nigeria),Muslim Group (Nigeria),protesters,,,0,sole protester action,Western Africa,Nigeria,Kaduna,Kaduna North,,Kaduna,10.5222,7.4383001,high,Reuters News,International,"Gangs of Moslem youths paraded through the streets of a northern Nigerian city on Wednesday in protest over an eclipse of the moon saying it was caused by """"sins of infidels.""""""",0,1552577678,NGA,Protests,Peaceful protest
5013848,566,NIG111,111,13 September 1997,1997,exact date,Protests,Peaceful protest,Protesters (Nigeria),,protesters,,,0,sole protester action,Western Africa,Nigeria,Bayelsa,Sagbama,,Niger Delta,4.8333001,6,medium,Daily Times,National,Protesting oil workers occupy rig being used by Mobil Corp off the southeast Nigerian coast.,0,1552577678,NGA,Protests,Peaceful protest
5013859,566,NIG110,110,12 September 1997,1997,exact date,Violence against civilians,Abduction/forced disappearance,Militia (Oil Workers),,political militias,Civilians (Nigeria),,civilians,political militia vs civilians,Western Africa,Nigeria,Bayelsa,Sagbama,,Niger Delta,4.8333001,6,medium,Agence France Presse,International,Protesting oil workers hold international staff hostage and occupy a rig being used by Mobil Corp off the southeast Nigerian coast.,0,1552577678,NGA,Violence against civilians,Abduction/forced disappearance
5013983,566,NIG109,109,06 September 1997,1997,exact date,Battles,Armed clash,Campus Cult Militia,,political militias,Campus Cult Militia,,political militias,political militia vs political militia,Western Africa,Nigeria,Lagos,Lagos Island,,Lagos,6.4531002,3.3958001,high,PanAfrican News Agency,Regional,Another student killed in a clash between cult groups at the Unigersity of Lagos,1,1552577678,NGA,Battles,Armed clash
5013987,566,NIG108,108,05 September 1997,1997,exact date,Protests,Peaceful protest,Protesters (Nigeria),,protesters,,,0,sole protester action,Western Africa,Nigeria,Ekiti,Ado Ekiti,,Ado-Ekiti,7.6209998,5.2214999,high,Radio Nigeria,National,Rally to demonstrate support for the administration of Lt-Col Mohamed Bawah and to denounce the recent bomb blast in Ado-Ekiti,0,1552577678,NGA,Protests,Peaceful protest
5013993,566,NIG107,107,05 September 1997,1997,exact date,Explosions/Remote violence,Remote explosive/landmine/IED,Unidentified Armed Group (Nigeria),,political militias,Military Forces of Nigeria (1993-1999),,state forces,military vs political militia,Western Africa,Nigeria,Lagos,Lagos Mainland,,Yaba,6.4979,3.3829,high,Local Media Source,National,An unknown group ignites a bomb by an Army barracks injuring several.,0,1552577678,NGA,Explosions/Remote violence,Remote explosive/landmine/IED
5013994,566,NIG106,106,04 September 1997,1997,exact date,Battles,Armed clash,Campus Cult Militia,,political militias,Campus Cult Militia,,political militias,political militia vs political militia,Western Africa,Nigeria,Lagos,Lagos Island,,Lagos,6.4531002,3.3958001,high,PanAfrican News Agency,Regional,One student shot and killed in a clash between cult groups at the Unigersity of Lagos,1,1552577678,NGA,Battles,Armed clash
5014004,566,NIG105,105,02 September 1997,1997,exact date,Explosions/Remote violence,Remote explosive/landmine/IED,Unidentified Armed Group (Nigeria),,political militias,Military Forces of Nigeria (1993-1999),,state forces,military vs political militia,Western Africa,Nigeria,Ekiti,Ado Ekiti,,Ado-Ekiti,7.6209998,5.2214999,high,Reuters News,International,Eight are injured including children due to a bomb blast aimed at the convoy of the military governor of Ekiti State.,0,1552577678,NGA,Explosions/Remote violence,Remote explosive/landmine/IED
5014042,566,NIG104,104,30 August 1997,1997,within week,Battles,Armed clash,Ife Ethnic Militia (Nigeria),,identity militias,Modakeke Ethnic Militia (Nigeria),,identity militias,communal militia vs communal militia,Western Africa,Nigeria,Osun,Ife East,,Ife-Ife,7.4667001,4.5667,medium,Agence France Presse,International,"4 killed and many injured in renewed ethnic fighting over the weekend which included an alleged attack on the Modakeke King in Arokomo village, Osun state",4,1552577678,NGA,Battles,Armed clash
5014073,566,NIG103,103,26 August 1997,1997,exact date,Protests,Peaceful protest,Protesters (Nigeria),,protesters,,,0,sole protester action,Western Africa,Nigeria,Kaduna,Kaduna North,,Kaduna,10.5222,7.4383001,high,The Guardian,National,Students of government schools launch street protests over non-payment of the wages of their teachers.,0,1552577678,NGA,Protests,Peaceful protest
5014082,566,NIG102,102,25 August 1997,1997,exact date,Battles,Armed clash,Ife Ethnic Militia (Nigeria),,identity militias,Modakeke Ethnic Militia (Nigeria),,identity militias,communal militia vs communal militia,Western Africa,Nigeria,Osun,Osogbo,,Oshogbo,7.7666998,4.5667,low,This Day (Nigeria),Subnational,Six villages burn due to the ongoing ethnic clashes which begun at Ife.,0,1552577678,NGA,Battles,Armed clash
5014091,566,NIG101,101,24 August 1997,1997,exact date,Riots,Violent demonstration,Rioters (Nigeria),Kokori Ethnic Group (Nigeria),rioters,,,0,sole rioter action,Western Africa,Nigeria,Delta,Ethiope East,,Kokori,5.6311998,6.0351,high,The Guardian,National,A group of Kokori people have begun a protest over the activities of Royal/Dutch Shell in the region. The villagers allege the oil company has been drilling in the area for the past 39 years and has failed to pay local people reasonable compensation.,0,1552577678,NGA,Riots,Violent demonstration
5014096,566,NIG100,100,24 August 1997,1997,exact date,Protests,Peaceful protest,Protesters (Nigeria),,protesters,,,0,sole protester action,Western Africa,Nigeria,Lagos,Lagos Island,,Lagos,6.4531002,3.3958001,high,Reuters News,International,Nigerian pro-democracy campaigners who hoped to turn presidential contender Moshood Abiolas 60th birthday into an anti-military protest were locked out of his presidential palace by his family.,0,1552577678,NGA,Protests,Peaceful protest
5014134,566,NIG99,99,19 August 1997,1997,exact date,Battles,Armed clash,Ife Ethnic Militia (Nigeria),,identity militias,Modakeke Ethnic Militia (Nigeria),,identity militias,communal militia vs communal militia,Western Africa,Nigeria,Osun,Ife East,,Ife-Ife,7.4667001,4.5667,medium,PanAfrican News Agency,Regional,Ethnic violence in Ife spreads to nearby villages as the death toll increases,10,1552577678,NGA,Battles,Armed clash
5014144,566,NIG98,98,18 August 1997,1997,exact date,Battles,Armed clash,Ife Ethnic Militia (Nigeria),,identity militias,Modakeke Ethnic Militia (Nigeria),,identity militias,communal militia vs communal militia,Western Africa,Nigeria,Osun,Irewole,,Modakeke,7.3832998,4.2666998,high,Agence France Presse,International,some people were burnt alive during ethnic clashes in Ife and Modakeke,5,1552577678,NGA,Battles,Armed clash
5014143,566,NIG97,97,18 August 1997,1997,exact date,Battles,Armed clash,Ife Ethnic Militia (Nigeria),,identity militias,Modakeke Ethnic Militia (Nigeria),,identity militias,communal militia vs communal militia,Western Africa,Nigeria,Osun,Ife East,,Ife-Ife,7.4667001,4.5667,high,Agence France Presse,International,some people were burnt alive during ethnic clashes in Ife and Modakeke,5,1552577678,NGA,Battles,Armed clash
5014149,566,NIG96,96,16 August 1997,1997,exact date,Protests,Peaceful protest,Protesters (Nigeria),,protesters,,,0,sole protester action,Western Africa,Nigeria,Bayelsa,Ekeremor,,Aleibri,5.0699,5.8717999,high,Reuters News,International,Protests in Aleibgri.,0,1552577678,NGA,Protests,Peaceful protest
5014155,566,NIG93,93,16 August 1997,1997,exact date,Explosions/Remote violence,Remote explosive/landmine/IED,Unidentified Armed Group (Nigeria),,political militias,Civilians (Nigeria),,civilians,political militia vs civilians,Western Africa,Nigeria,Lagos,Lagos Island,,Lagos,6.4531002,3.3958001,high,Agence France Presse,International,A large bomb was placed at the center of a large market in Lagos but defused,0,1552577678,NGA,Explosions/Remote violence,Remote explosive/landmine/IED
5014153,566,NIG94,94,16 August 1997,1997,within week,Battles,Armed clash,Ife Ethnic Militia (Nigeria),,identity militias,Modakeke Ethnic Militia (Nigeria),,identity militias,communal militia vs communal militia,Western Africa,Nigeria,Osun,Ife East,,Ife-Ife,7.4667001,4.5667,medium,Reuters News,International,Ethnic clash in Ife Ife area.,0,1552577678,NGA,Battles,Armed clash
5014154,566,NIG95,95,16 August 1997,1997,within week,Battles,Armed clash,Modakeke Ethnic Militia (Nigeria),,identity militias,Oke-Ogbo Communal Militia (Nigeria),,identity militias,communal militia vs communal militia,Western Africa,Nigeria,Osun,Irewole,,Modakeke,7.3832998,4.2666998,high,Reuters News,International,Three are killed and sixty hurt during a clash between two villages over the relocation of a local government headquarters.,3,1552577678,NGA,Battles,Armed clash
5014296,566,NIG92,92,06 August 1997,1997,exact date,Battles,Armed clash,Unidentified Armed Group (Nigeria),,political militias,Police Forces of Nigeria (1993-1999),,state forces,military vs political militia,Western Africa,Nigeria,Lagos,Lagos Island,,Lagos,6.4531002,3.3958001,high,Daily Times,National,Armed robbers kill a divisional police officer in Lagos and snatch his car.,1,1552577679,NGA,Battles,Armed clash
5014343,566,NIG91,91,30 July 1997,1997,exact date,Protests,Peaceful protest,Protesters (Nigeria),NANS: National Association of Nigerian Students,protesters,,,0,sole protester action,Western Africa,Nigeria,Oyo,Ibadan North West,,Ibadan,7.3878002,3.8964,high,Radio Kudirat Nigeria,Subnational,"About 3,000 students under the auspices of the National Association of Nigerian Students, NANS protested against Abachas bid to remain in office",0,1552577679,NGA,Protests,Peaceful protest
5014359,566,NIG90,90,26 July 1997,1997,exact date,Riots,Violent demonstration,Rioters (Nigeria),,rioters,,,0,sole rioter action,Western Africa,Nigeria,Ogun,Egbado South,,Ilaro,6.8864999,3.0204999,high,Reuters News,International,Two drivers and one student die in a riot over the increase fares of bus prices. Included in the damage several burned buildings and automobiles.,3,1552577679,NGA,Riots,Violent demonstration
5014368,566,NIG89,89,25 July 1997,1997,exact date,Battles,Armed clash,Muslim Militia (Nigeria),,identity militias,Police Forces of Nigeria (1993-1999),,state forces,military vs communal militia,Western Africa,Nigeria,Kaduna,Kaduna North,,Kaduna,10.5222,7.4383001,high,Daily Times,National,One is dead when Islamic extremists clash with police in Kaduna.,1,1552577679,NGA,Battles,Armed clash
5014395,566,NIG88,88,21 July 1997,1997,exact date,Battles,Armed clash,Beletiama Communal Militia (Nigeria),,identity militias,Liama Communal Militia (Nigeria),,identity militias,communal militia vs communal militia,Western Africa,Nigeria,Bayelsa,Brass,,Beletiama,4.2873998,6.2002001,high,Reuters News,International,Clashes erupted between two Bayelsa state villages when a customer purchased an amount of alcohol then killed the seller.,1,1552577679,NGA,Battles,Armed clash
5014402,566,NIG87,87,19 July 1997,1997,exact date,Battles,Armed clash,Ijaw Ethnic Militia (Nigeria),,identity militias,Military Forces of Nigeria (1993-1999),Police Forces of Nigeria (1993-1999),state forces,military vs communal militia,Western Africa,Nigeria,Borno,Biu,,Biu,10.6129,12.1946,high,Local Media Source,National,Thirty arrested and six hospitalized when members of the Ijaw community clash with members of the police and military over unknown reasons.,0,1552577679,NGA,Battles,Armed clash
5014551,566,NIG86,86,08 July 1997,1997,exact date,Explosions/Remote violence,Remote explosive/landmine/IED,NADECO: National Democratic Coalition Militia,,political militias,Civilians (Nigeria),,civilians,political militia vs civilians,Western Africa,Nigeria,Rivers,Port-Harcourt,,Port Harcourt,4.7774,7.0134001,high,Reuters News,International,"A bomb set by NADECO detonated in Port Harcourt killing a young boy and injured two others. """,1,1552577679,NGA,Explosions/Remote violence,Remote explosive/landmine/IED
5014570,566,NIG85,85,06 July 1997,1997,exact date,Violence against civilians,Attack,Unidentified Armed Group (Nigeria),,political militias,Civilians (Nigeria),,civilians,political militia vs civilians,Western Africa,Nigeria,Oyo,Ibadan North West,,Ibadan,7.3878002,3.8964,high,Local Media Source,National,"An armed group fighting amongst itself over a female student kills a bystander.""",1,1552577679,NGA,Violence against civilians,Attack
5014586,566,NIG84,84,04 July 1997,1997,exact date,Battles,Armed clash,Panyam Communal Militia (Nigeria),,identity militias,Changai Communal Militia (Nigeria),,identity militias,communal militia vs communal militia,Western Africa,Nigeria,Plateau,Bokkos,,Bokkos,9.3000002,9,medium,Reuters News,International,Eight die in a clash between two neighboring communities over the installation of a new leader.,8,1552577679,NGA,Battles,Armed clash
5014600,566,NIG83,83,02 July 1997,1997,exact date,Battles,Armed clash,Unidentified Armed Group (Nigeria),,political militias,Military Forces of Nigeria (1993-1999),,state forces,military vs political militia,Western Africa,Nigeria,Edo,Oredo,,Benin City,6.3351002,5.6275001,low,Reuters News,International,Five soldiers are killed when they confront a group involved in illegal lumber activities.,5,1552577679,NGA,Battles,Armed clash
5014623,566,NIG82,82,01 July 1997,1997,exact date,Explosions/Remote violence,Remote explosive/landmine/IED,Nigerian Liberation Organization Militia,,political militias,Civilians (Nigeria),,civilians,political militia vs civilians,Western Africa,Nigeria,Lagos,Lagos Island,,Lagos,6.4531002,3.3958001,high,News Agency of Nigeria (NAN),National,The Nigerian Liberation Organization a militant group explodes a bomb near an army barracks killing two civilians.,2,1552577679,NGA,Explosions/Remote violence,Remote explosive/landmine/IED
5014675,566,NIG81,81,28 June 1997,1997,exact date,Battles,Armed clash,Campus Cult Militia,Black Axe Student Militia,political militias,Campus Cult Militia,The Eiye Confraternity,political militias,political militia vs political militia,Western Africa,Nigeria,Edo,Oredo,,Benin City,6.3351002,5.6275001,high,Agence France Presse,International,Five students were killed in a violent clash between rival secret campus cults at the University of Benin,5,1552577679,NGA,Battles,Armed clash
5014714,566,NIG79,79,24 June 1997,1997,exact date,Riots,Mob violence,Rioters (Nigeria),Students (Nigeria),rioters,Rioters (Nigeria),Students (Nigeria),rioters,rioters vs rioters,Western Africa,Nigeria,Edo,Oredo,,Benin City,6.335,5.6275001,high,Agence France Presse,International,eight students were brutalised over a gossip magazine in a violent clash between rival secret campus cults at the University of Benin,0,1552577679,NGA,Riots,Mob violence
5014718,566,NIG80,80,24 June 1997,1997,exact date,Protests,Peaceful protest,Protesters (Nigeria),,protesters,,,0,sole protester action,Western Africa,Nigeria,Kano,Kano Municipal,,Kano,11.9702,8.5044003,high,The Guardian,National,A large group of youths protest in the streets of Kano due to an extreme fuel shortage.,0,1552577679,NGA,Protests,Peaceful protest
5014802,566,NIG76,76,15 June 1997,1997,within week,Battles,Armed clash,Ijaw Ethnic Militia (Nigeria),,identity militias,Itsekiri Ethnic Militia (Nigeria),,identity militias,communal militia vs communal militia,Western Africa,Nigeria,Delta,Warri South,,Warri,5.5166998,5.75,high,Reuters News,International,Nineteen are dead in an ethnic clash set of by the arresting of a man alleged to have been harassing people in Warri. Included in the damage are 18 houses burnt.,19,1552577679,NGA,Battles,Armed clash
5014956,566,NIG75,75,10 June 1997,1997,exact date,Violence against civilians,Attack,Military Forces of Nigeria (1993-1999),,state forces,Civilians (Nigeria),,civilians,military vs civilians,Western Africa,Nigeria,Delta,Burutu,,Burutu,5.3509002,5.5075998,high,Local Media Source,National,A naval amphibious battalion attacks a Delta State village killing five in a revenge operation sparked by a recent kidnapping.,5,1552577679,NGA,Violence against civilians,Attack
5015084,566,NIG74,74,31 May 1997,1997,within week,Battles,Armed clash,Fulani Ethnic Militia (Nigeria),Pastoralists (Nigeria),identity militias,Udawa Ethnic Militia (Nigeria),,identity militias,communal militia vs communal militia,Western Africa,Nigeria,Gombe,Gombe,,Gombe,10.2897,11.1673,medium,Reuters News,International,Twenty three people died in two days of clashes between cattle hearers fighting over grazing land in northeastern Nigeria.,0,1552577680,NGA,Battles,Armed clash
5015200,566,NIG73,73,16 May 1997,1997,exact date,Explosions/Remote violence,Remote explosive/landmine/IED,Unidentified Armed Group (Nigeria),,political militias,Civilians (Nigeria),,civilians,political militia vs civilians,Western Africa,Nigeria,Anambra,Onitsha North,,Onitsha,6.1454,6.7884998,high,Reuters News; Associated Press Worldstream,International,Six are killed when a militant group detonates a bomb at a mosque.,6,1552577680,NGA,Explosions/Remote violence,Remote explosive/landmine/IED
5015245,566,NIG72,72,15 May 1997,1997,exact date,Violence against civilians,Attack,Unidentified Armed Group (Nigeria),,political militias,Civilians (Nigeria),,civilians,political militia vs civilians,Western Africa,Nigeria,Enugu,Enugu North,,Enugu,6.4425998,7.5022001,medium,The Guardian,National,"Gunmen shot and killed a former minister in the eastern Enugu state, Charles Nnachetam and stole his luxury car.",1,1552577680,NGA,Violence against civilians,Attack
5015288,566,NIG71,71,12 May 1997,1997,exact date,Explosions/Remote violence,Remote explosive/landmine/IED,Unidentified Armed Group (Nigeria),,political militias,Military Forces of Nigeria (1993-1999),Police Forces of Nigeria (1993-1999),state forces,military vs political militia,Western Africa,Nigeria,Oyo,Ibadan North West,,Ibadan,7.3878002,3.8964,high,The Daily Times,National,A bomb blast in Ibadan injures two soldiers and one police officer.,0,1552577680,NGA,Explosions/Remote violence,Remote explosive/landmine/IED
5015299,566,NIG70,70,10 May 1997,1997,exact date,Riots,Violent demonstration,Rioters (Nigeria),,rioters,,,0,sole rioter action,Western Africa,Nigeria,Bayelsa,Nembe,,Bassambiri,4.5332999,6.4166999,medium,This Day (Nigeria),Subnational,"Youths from Ogbo-Lombiri village rioted against villagers in Bassambiri, targetting Shell to gain attention, and forcing oil wells to briefly shut down",0,1552577680,NGA,Riots,Violent demonstration
5015312,566,NIG69,69,08 May 1997,1997,exact date,Battles,Armed clash,Ijaw Ethnic Militia (Nigeria),,identity militias,Itsekiri Ethnic Militia (Nigeria),,identity militias,communal militia vs communal militia,Western Africa,Nigeria,Delta,Warri South,,Warri,5.5166998,5.75,high,Reuters News,International,Two are killed in fighting between Ijaws and Itsekiri tribes over land.,2,1552577680,NGA,Battles,Armed clash
5015322,566,NIG67,67,07 May 1997,1997,exact date,Explosions/Remote violence,Remote explosive/landmine/IED,Unidentified Armed Group (Nigeria),,political militias,Civilians (Nigeria),,civilians,political militia vs civilians,Western Africa,Nigeria,Lagos,Lagos Island,,Lagos,6.4531002,3.3958001,high,Reuters News,International,Several are injured when unknown men detonate a bomb near a military truck in Lagos.,0,1552577680,NGA,Explosions/Remote violence,Remote explosive/landmine/IED
5015319,566,NIG68,68,07 May 1997,1997,exact date,Riots,Violent demonstration,Rioters (Nigeria),,rioters,,,0,sole rioter action,Western Africa,Nigeria,Anambra,Onitsha North,,Onitsha,6.1454,6.7884998,high,The Guardian,National,"A child was killed in riots after an arson attack which razed a large part of the Onitsha market, the biggest market in Nigeria",1,1552577680,NGA,Riots,Violent demonstration
5015328,566,NIG66,66,06 May 1997,1997,exact date,Riots,Violent demonstration,Rioters (Nigeria),,rioters,Police Forces of Nigeria (1993-1999),,state forces,military vs rioters,Western Africa,Nigeria,Anambra,Onitsha North,,Onitsha,6.1454,6.7884998,high,The Guardian,National,"Four people have been killed in riots after an arson attack which razed a large part of the Onitsha market, the biggest market in Nigeria. Police opened fire and used teargas in battles with the rioters",4,1552577680,NGA,Riots,Violent demonstration
5015343,566,NIG65,65,04 May 1997,1997,exact date,Riots,Violent demonstration,Rioters (Nigeria),,rioters,Police Forces of Nigeria (1993-1999),,state forces,military vs rioters,Western Africa,Nigeria,Lagos,Lagos Island,,Lagos,6.4531002,3.3958001,high,Reuters News,International,A police officer dies when he is stampeded in a soccer riot.,1,1552577680,NGA,Riots,Violent demonstration
5015352,566,NIG64,64,03 May 1997,1997,exact date,Violence against civilians,Attack,Police Forces of Nigeria (1993-1999),,state forces,Civilians (Nigeria),,civilians,military vs civilians,Western Africa,Nigeria,Kwara,Ilorin East,,Illorin,8.5,4.5500002,high,Reuters News,International,Two suspects awaiting trial were killed in prison via torture by police.,2,1552577680,NGA,Violence against civilians,Attack
5015430,566,NIG63,63,28 April 1997,1997,exact date,Battles,Armed clash,Ijaw Ethnic Militia (Nigeria),,identity militias,Itsekiri Ethnic Militia (Nigeria),,identity militias,communal militia vs communal militia,Western Africa,Nigeria,Delta,Warri South,,Warri,5.5166998,5.75,medium,Agence France Presse,International,At least five people were killed and an itsekiri village torched during renewed interethnic fighting,5,1552577680,NGA,Battles,Armed clash
5015429,566,NIG62,62,28 April 1997,1997,exact date,Battles,Armed clash,Ijaw Ethnic Militia (Nigeria),,identity militias,Itsekiri Ethnic Militia (Nigeria),,identity militias,communal militia vs communal militia,Western Africa,Nigeria,Delta,Warri North,,Ebrohimi,5.8832002,5.1750002,high,Agence France Presse,International,a second itsekiri villages was torched during renewed interethnic fighting,0,1552577680,NGA,Battles,Armed clash
5015434,566,NIG61,61,26 April 1997,1997,exact date,Battles,Armed clash,Ijaw Ethnic Militia (Nigeria),,identity militias,Itsekiri Ethnic Militia (Nigeria),,identity militias,communal militia vs communal militia,Western Africa,Nigeria,Delta,Warri South,,Warri,5.5166998,5.75,high,Reuters News,International,Five more killed during Warri violence between warring communities.,5,1552577680,NGA,Battles,Armed clash
5015437,566,NIG60,60,25 April 1997,1997,exact date,Battles,Armed clash,Ijaw Ethnic Militia (Nigeria),,identity militias,Itsekiri Ethnic Militia (Nigeria),,identity militias,communal militia vs communal militia,Western Africa,Nigeria,Delta,Warri North,,Koko,6.0011001,5.4675002,high,Reuters News,International,Five killed as Warri violence spreads to a nearby village.,5,1552577680,NGA,Battles,Armed clash
5015440,566,NIG59,59,24 April 1997,1997,exact date,Battles,Armed clash,Campus Cult Militia,,political militias,Campus Cult Militia,,political militias,political militia vs political militia,Western Africa,Nigeria,Lagos,Ojo,,Ojo,6.4538002,3.2059,high,African Independent Television,Regional,Lagos State University (LASU) has been closed temporarily following clashes between campus cults during the Miss LASU contest in which two students were killed and about a dozen others injured,2,1552577680,NGA,Battles,Armed clash
5015449,566,NIG58,58,23 April 1997,1997,within week,Battles,Armed clash,Military Forces of Nigeria (1993-1999),,state forces,Police Forces of Nigeria (1993-1999),,state forces,military vs military,Western Africa,Nigeria,Kano,Kano Municipal,,Kano,11.9702,8.5044003,high,The Guardian,National,a police officer was killed and several others were wounded during a recent ethnic clash between soldiers and policemen in kano,1,1552577680,NGA,Battles,Armed clash
5015453,566,NIG57,57,22 April 1997,1997,exact date,Battles,Armed clash,Ijaw Ethnic Militia (Nigeria),,identity militias,Itsekiri Ethnic Militia (Nigeria),,identity militias,communal militia vs communal militia,Western Africa,Nigeria,Delta,Warri South,,Warri,5.5166998,5.75,high,Reuters News,International,Five die in continuing clashes between Ijaw and Itsekiri militias.,5,1552577680,NGA,Battles,Armed clash
5015452,566,NIG55,55,22 April 1997,1997,exact date,Battles,Armed clash,Military Forces of Nigeria (1993-1999),,state forces,Ijaw Ethnic Militia (Nigeria),Itsekiri Ethnic Militia (Nigeria),identity militias,military vs communal militia,Western Africa,Nigeria,Delta,Warri South,,Warri,5.5166998,5.75,high,Agence France Presse; Xinhua News,International,Nigerian Troops were deployed to restore order in Warri,0,1552577680,NGA,Battles,Armed clash
5015457,566,NIG54,54,21 April 1997,1997,exact date,Battles,Armed clash,Ijaw Ethnic Militia (Nigeria),,identity militias,Itsekiri Ethnic Militia (Nigeria),,identity militias,communal militia vs communal militia,Western Africa,Nigeria,Delta,Warri South,,Warri,5.5166998,5.75,high,Reuters News,International,Eight die in a clash between Ijaw and Itsekiri as violence in Warri continues over a movement of a government headquarters in region.,8,1552577680,NGA,Battles,Armed clash
5015462,566,NIG53,53,20 April 1997,1997,exact date,Violence against civilians,Attack,Unidentified Armed Group (Nigeria),,political militias,Civilians (Nigeria),,civilians,political militia vs civilians,Western Africa,Nigeria,Delta,Burutu,,Forcados River,5.3862,5.3207998,medium,Reuters News,International,Militant youths attack an oil company boat on a river and kidnap the Captain.,0,1552577680,NGA,Violence against civilians,Attack
5015470,566,NIG52,52,18 April 1997,1997,exact date,Battles,Armed clash,Ijaw Ethnic Militia (Nigeria),,identity militias,Ikpokpo Communal Militia (Nigeria),,identity militias,communal militia vs communal militia,Western Africa,Nigeria,Delta,Warri South,,Warri,5.5166998,5.75,high,Reuters News,International,Five more are killed as ethnic fighting continues.,5,1552577680,NGA,Battles,Armed clash
5015473,566,NIG51,51,17 April 1997,1997,exact date,Battles,Armed clash,Ijaw Ethnic Militia (Nigeria),,identity militias,Itsekiri Ethnic Militia (Nigeria),,identity militias,communal militia vs communal militia,Western Africa,Nigeria,Delta,Warri South,,Warri,5.5166998,5.75,high,Agence France Presse,International,"Clashes broke out after an Itsekiri leaders son was found murdered. Itsekiri and Ijaw exchanged fire and a police post, Warris main market and several vehicles were burnt down. At least 2 were killed",2,1552577680,NGA,Battles,Armed clash
5015476,566,NIG50,50,16 April 1997,1997,within week,Violence against civilians,Attack,Itsekiri Ethnic Militia (Nigeria),,identity militias,Civilians (Nigeria),Ijaw Ethnic Group (Nigeria),civilians,communal militia vs civilians,Western Africa,Nigeria,Bayelsa,Nembe,,Ijaw,4.4747,6.2631001,high,Agence France Presse; Radio Kudirat Nigeria,Subnational-international,the Ijaw accused Itsekiris of killing 44 people in a raid on a coastal Ijaw village (reported on Thursday),44,1552577680,NGA,Violence against civilians,Attack
5015537,566,NIG49,49,10 April 1997,1997,exact date,Battles,Armed clash,Berom Ethnic Militia (Nigeria),,identity militias,Hausa Ethnic Militia (Nigeria),,identity militias,communal militia vs communal militia,Western Africa,Nigeria,Katsina,Malumfashi,,Gero,11.9514,7.652,high,Reuters News,International,Fifteen are killed and nearly seventy injured in a clash between the Beroms and Hausa immigrants when the Beroms discover a dead body of a kinsman and assume the Hausa are responsible.,15,1552577680,NGA,Battles,Armed clash
5015546,566,NIG48,48,09 April 1997,1997,exact date,Battles,Armed clash,Gindiri Ethnic Militia (Nigeria),,identity militias,Panyam Communal Militia (Nigeria),,identity militias,communal militia vs communal militia,Western Africa,Nigeria,Plateau,Jos North,,Jos,9.9285002,8.8921003,low,The Guardian; The Daily Times,National,"the Panyams and the Gindiris clashed in the village of Changai over the nomination of a new village chief. Eight people died, several were wounded and several homes burned down.",8,1552577680,NGA,Battles,Armed clash
5181334,566,NIG47,47,08 April 1997,1997,exact date,Protests,Peaceful protest,Protesters (Nigeria),Itsekiri Ethnic Group (Nigeria),protesters,,,0,sole protester action,Western Africa,Nigeria,Delta,Warri South,,Warri,5.5166998,5.75,high,The Vanguard,National,hundreds of itesekiri women and youths embarked on a peaceful demonstration against the suspension of the newly elected chairman of warrsouth local government council,0,1557850486,NGA,Protests,Peaceful protest
5015597,566,NIG46,46,04 April 1997,1997,exact date,Violence against civilians,Attack,Ijaw Ethnic Militia (Nigeria),,identity militias,Civilians (Nigeria),Itsekiri Ethnic Group (Nigeria),civilians,communal militia vs civilians,Western Africa,Nigeria,Delta,Warri South,,Warri,5.5166998,5.75,medium,The Guardian,National,Several people were killed when an Itsekiri village was lit on fire overnight in southern Nigerias oil-rich Niger delta,10,1552577680,NGA,Violence against civilians,Attack
5015603,566,NIG45,45,03 April 1997,1997,exact date,Riots,Mob violence,Rioters (Nigeria),DPN: Democratic Party of Nigeria,rioters,Rioters (Nigeria),CNC: Congress for National Consensus Party,rioters,rioters vs rioters,Western Africa,Nigeria,Lagos,Ikorodu,,Ibese,6.5551,3.4735999,high,Daily Times,National,Four people were killed and 29 declared missing when fighting broke out between supporters of rival political parties involved in re-run local polls,4,1552577680,NGA,Riots,Mob violence
5015637,566,NIG44,44,28 March 1997,1997,within week,Battles,Armed clash,Ijaw Ethnic Militia (Nigeria),,identity militias,Itsekiri Ethnic Militia (Nigeria),,identity militias,communal militia vs communal militia,Western Africa,Nigeria,Delta,Warri South,,Warri,5.5166998,5.75,high,Reuters News,International,Sporadic rioting over the period of a week leaves three Ijaw tribesmen dead as they and Itserki militia raided each others homes and businesses.,3,1552577680,NGA,Battles,Armed clash
5015660,566,NIG41,41,26 March 1997,1997,exact date,Violence against civilians,Attack,Ijaw Ethnic Militia (Nigeria),,identity militias,Civilians (Nigeria),,civilians,communal militia vs civilians,Western Africa,Nigeria,Delta,Burutu,,Forcados River,5.3862,5.3207998,medium,Reuters News,International,Three Ijaw militants were killed as they rioted against civilians and oil companies in the area.,3,1552577680,NGA,Violence against civilians,Attack
5015661,566,NIG43,43,26 March 1997,1997,exact date,Riots,Violent demonstration,Rioters (Nigeria),,rioters,,,0,sole rioter action,Western Africa,Nigeria,Delta,Warri South,,Warri,5.5166998,5.75,high,This Day (Nigeria),Subnational,Three dead and about 390000 barrels per day (bpd) of crude oil is feared to be of risk because of protests in the Midwestern town of Warri over relocation of a local government headquarters.,3,1552577680,NGA,Riots,Violent demonstration
5015659,566,NIG42,42,26 March 1997,1997,within week,Battles,Armed clash,Urhobo Ethnic Militia (Nigeria),,identity militias,Ijaw Ethnic Militia (Nigeria),,identity militias,communal militia vs communal militia,Western Africa,Nigeria,Delta,Burutu,,Gbarogolo,5.1901999,5.8038998,medium,Daily Times,National,"At least 19 people were killed in a dispute over oil-wells between Gbaregolo, part of the Urhobo community, and Esanma, who belong to the Ijaw ethnic group",19,1552577680,NGA,Battles,Armed clash
5015663,566,NIG40,40,25 March 1997,1997,exact date,Violence against civilians,Attack,Unidentified Armed Group (Nigeria),,political militias,Civilians (Nigeria),,civilians,political militia vs civilians,Western Africa,Nigeria,Delta,Burutu,,Forcados River,5.3862,5.3207998,medium,Reuters News,International,Attackers seriously hurt three more workers.,0,1552577680,NGA,Violence against civilians,Attack
5015677,566,NIG38,38,23 March 1997,1997,exact date,Violence against civilians,Abduction/forced disappearance,Ijaw Ethnic Militia (Nigeria),Itsekiri Ethnic Militia (Nigeria),identity militias,Civilians (Nigeria),,civilians,communal militia vs civilians,Western Africa,Nigeria,Delta,Warri South,,Warri,5.5166998,5.75,high,Agence France Presse,International,Angered that their tribes must relocate their local government headquarters the Ijaw and Itserki take nearly 100 Royal Dutch/Shell workers hostage.,0,1552577680,NGA,Violence against civilians,Abduction/forced disappearance
5015676,566,NIG39,39,23 March 1997,1997,exact date,Battles,Armed clash,Unidentified Armed Group (Nigeria),,political militias,Police Forces of Nigeria (1993-1999),Military Forces of Nigeria (1993-1999),state forces,military vs political militia,Western Africa,Nigeria,Lagos,Lagos Island,,Lagos,6.4531002,3.3958001,high,The Guardian,National,"A group of armed robbers kill two members of """"Operation Sweep"""" combined anti-crime task force of the navy police and soldiers.""",2,1552577680,NGA,Battles,Armed clash
5015688,566,NIG37,37,22 March 1997,1997,exact date,Violence against civilians,Attack,Unidentified Armed Group (Nigeria),,political militias,Civilians (Nigeria),,civilians,political militia vs civilians,Western Africa,Nigeria,Delta,Burutu,,Forcados River,5.3862,5.3207998,medium,Reuters News,International,"Attackers injure six staff members of the Royal/Dutch Shell corporation and hold 127 for ransom. """,0,1552577680,NGA,Violence against civilians,Attack
5015716,566,NIG36,36,16 March 1997,1997,exact date,Riots,Violent demonstration,Rioters (Nigeria),,rioters,,,0,sole rioter action,Western Africa,Nigeria,Anambra,Onitsha North,,Onitsha,6.1454,6.7884998,high,The New York Times,International,Police shoot tear gas into a group of 2000 rioters who claimed election officials of vote fraud.,0,1552577680,NGA,Riots,Violent demonstration
5015718,566,NIG35,35,16 March 1997,1997,exact date,Riots,Violent demonstration,Rioters (Nigeria),,rioters,,,0,sole rioter action,Western Africa,Nigeria,Osun,Ife East,,Ife-Ife,7.4667001,4.5667,medium,The New York Times,International,"Rioting students calling for the release of Moshood Abiola, jailed opposition leader, storm a polling station at a university.",0,1552577680,NGA,Riots,Violent demonstration
5015743,566,NIG33,33,15 March 1997,1997,exact date,Violence against civilians,Attack,Unidentified Armed Group (Nigeria),,political militias,Civilians (International),,civilians,political militia vs civilians,Western Africa,Nigeria,Rivers,Port-Harcourt,,Port Harcourt,4.7774,7.0134001,low,Agence France Presse,International,Three people died in violence related to Nigerias municipal elections in Rivers State,3,1552577680,NGA,Violence against civilians,Attack
5015744,566,NIG34,34,15 March 1997,1997,exact date,Riots,Violent demonstration,Rioters (Nigeria),,rioters,Civilians (Nigeria),,civilians,rioters vs civilians,Western Africa,Nigeria,Delta,Warri South,,Warri,5.5166998,5.75,high,Agence France Presse,International,One woman was shot and killed and several were injured during youth protests related to Nigerias municipal elections,1,1552577680,NGA,Riots,Violent demonstration
5015772,566,NIG32,32,14 March 1997,1997,exact date,Violence against civilians,Attack,Military Forces of Nigeria (1993-1999),Police Forces of Nigeria (1993-1999),state forces,Civilians (Nigeria),Institute for Human Rights and Humanitarian Law,civilians,military vs civilians,Western Africa,Nigeria,Rivers,Port-Harcourt,,Port Harcourt,4.7774,7.0134001,high,Radio Kudirat Nigeria,Subnational,"Police and security officials allegedly raided the offices of the Institute for Human Rights and Humanitarian Law based in Port Harcourt, seizing documents and detaining the organizations secretary",0,1552577680,NGA,Violence against civilians,Attack
5015797,566,NIG31,31,12 March 1997,1997,exact date,Violence against civilians,Abduction/forced disappearance,Unidentified Ethnic Militia (Nigeria),,identity militias,Civilians (International),,civilians,communal militia vs civilians,Western Africa,Nigeria,Delta,Warri South,,Warri,5.5166998,5.75,medium,Agence France Presse,International,"Twenty foreigners - 1 American, 3 Britons, 16 Frenchmen - held by tribesmen who took over an oil platform off the Nigerian coast near the town of Warri",0,1552577680,NGA,Violence against civilians,Abduction/forced disappearance
5015800,566,NIG30,30,11 March 1997,1997,exact date,Battles,Government regains territory,Military Forces of Nigeria (1993-1999),,state forces,RUF: Revolutionary United Front,,rebel groups,military vs rebels,Western Africa,Nigeria,Lagos,Ikeja,,Ikeja,6.5942001,3.3375001,low,NPWJ p.525,Subnational,Government forces gain territory from RUF in Lagos State.,0,1552577680,NGA,Battles,Government regains territory
5015820,566,NIG29,29,09 March 1997,1997,exact date,Battles,Armed clash,Ife Ethnic Militia (Nigeria),,identity militias,Modakeke Ethnic Militia (Nigeria),,identity militias,communal militia vs communal militia,Western Africa,Nigeria,Osun,Ife East,,Ife-Ife,7.4667001,4.5667,medium,Local Media Source,National,Four more are killed during ongoing fighting between ethnic groups in Osun State.,4,1552577680,NGA,Battles,Armed clash
5015881,566,NIG28,28,25 February 1997,1997,exact date,Riots,Violent demonstration,Rioters (Nigeria),,rioters,,,0,sole rioter action,Western Africa,Nigeria,Lagos,Lagos Island,,Lagos,6.4531002,3.3958001,high,Reuters News,International,Tire manufacturer Dunlop was forced to close its factory when workers there rioted for a pay increase.,0,1552577680,NGA,Riots,Violent demonstration
5015880,566,NIG27,27,25 February 1997,1997,exact date,Battles,Armed clash,CNC: Congress for National Consensus Party,,political militias,Unidentified Armed Group (Nigeria),,political militias,political militia vs political militia,Western Africa,Nigeria,Plateau,Jos North,,Jos,9.9285002,8.8921003,high,Reuters News,International,Two are dead in an election primary clash between two opposing parties.,2,1552577680,NGA,Battles,Armed clash
5015907,566,NIG26,26,21 February 1997,1997,exact date,Riots,Mob violence,Rioters (Nigeria),Christian Group (Nigeria),rioters,Rioters (Nigeria),Christian Group (Nigeria),rioters,rioters vs rioters,Western Africa,Nigeria,Cross River,Calabar-Municipal,,Calabar,4.9667001,8.3332996,high,The Guardian,National,Clashes between two Christian religious groups paralyze business in southeastern Calabar town.,0,1552577681,NGA,Riots,Mob violence
5015928,566,NIG25,25,18 February 1997,1997,exact date,Violence against civilians,Attack,Unidentified Armed Group (Nigeria),,political militias,Civilians (Nigeria),,civilians,political militia vs civilians,Western Africa,Nigeria,Delta,Aniocha South,,Ogwashi-Uku,6.1781998,6.5243001,high,Reuters News,International,A Catholic priest was shot dead in his home by unknown men.,1,1552577681,NGA,Violence against civilians,Attack
5015936,566,NIG24,24,16 February 1997,1997,exact date,Violence against civilians,Attack,Police Forces of Nigeria (1993-1999),,state forces,Civilians (Nigeria),,civilians,military vs civilians,Western Africa,Nigeria,Ogun,Ijebu Ode,,Ijebu-Ode,6.8161001,3.9159,high,The Guardian,National,A police officer kills one and injured three others when a bus driver refused to pay a bribe at a road checkpoint.,1,1552577681,NGA,Violence against civilians,Attack
5015937,566,NIG23,23,16 February 1997,1997,exact date,Violence against civilians,Attack,Unidentified Armed Group (Nigeria),,political militias,Civilians (Nigeria),,civilians,political militia vs civilians,Western Africa,Nigeria,Lagos,Lagos Island,,Lagos,6.4531002,3.3958001,high,Sunday Concord,National,Gunmen kill a Logos based businessman in his home.,1,1552577681,NGA,Violence against civilians,Attack
5015959,566,NIG22,22,14 February 1997,1997,exact date,Violence against civilians,Attack,Unidentified Armed Group (Nigeria),,political militias,Civilians (International),,civilians,political militia vs civilians,Western Africa,Nigeria,Lagos,Lagos Island,,Lagos,6.4531002,3.3958001,high,Reuters News,International,A French oil engineer was shot and killed by gunmen.,1,1552577681,NGA,Violence against civilians,Attack
5015972,566,NIG21,21,12 February 1997,1997,exact date,Explosions/Remote violence,Remote explosive/landmine/IED,Unidentified Armed Group (Nigeria),,political militias,Military Forces of Nigeria (1993-1999),,state forces,military vs political militia,Western Africa,Nigeria,Lagos,Lagos Island,,Lagos,6.4531002,3.3958001,high,PanAfrican News Agency,Regional,"A bomb exploded as a military bus passed, seven were injured",0,1552577681,NGA,Explosions/Remote violence,Remote explosive/landmine/IED
5015982,566,NIG20,20,10 February 1997,1997,exact date,Violence against civilians,Attack,Military Forces of Nigeria (1993-1999),,state forces,Civilians (Nigeria),,civilians,military vs civilians,Western Africa,Nigeria,Bayelsa,Ekeremor,,Ekeremor,5.0556002,5.7800999,high,Daily Times,National,One dead following an attack by the military on a Delta town.,1,1552577681,NGA,Violence against civilians,Attack
5015990,566,NIG19,19,10 February 1997,1997,exact date,Battles,Armed clash,Ijaw Ethnic Militia (Nigeria),,identity militias,Military Forces of Nigeria (1993-1999),,state forces,military vs communal militia,Western Africa,Nigeria,Bayelsa,Nembe,,Ijaw,4.4747,6.2631001,high,Reuters News,International,One Ijaw dead and 58 arrested when Nigerian armed forces storm their village in retaliation for the kidnapping of their personnel.,1,1552577681,NGA,Battles,Armed clash
5015983,566,NIG18,18,10 February 1997,1997,exact date,Battles,Armed clash,Campus Cult Militia,,political militias,Campus Cult Militia,,political militias,political militia vs political militia,Western Africa,Nigeria,Lagos,Ojo,,Ojo,6.4538002,3.2059,high,Agence France Presse,International,Two students died and several were injured when the followers of two campus cults clashed at Lagos State University,2,1552577681,NGA,Battles,Armed clash
5016006,566,NIG16,16,07 February 1997,1997,exact date,Riots,Violent demonstration,Rioters (Nigeria),Shiite Muslim Group (Nigeria),rioters,Police Forces of Nigeria (1993-1999),,state forces,military vs rioters,Western Africa,Nigeria,Kano,Kano Municipal,,Kano,11.9702,8.5044003,high,Associated Press Worldstream; PanAfrican News Agency,International,"Riots broke out at a prayer meeting to mark the end of Ramadan. Police opened fire to control a crowd of 400 Shiite Muslims, after marchers attacked them with stones and other weapons . Witnesses reported five deaths, police reported only one. The Shiites were reported by some sources to be protesting the military government. Another report said the Shiites were confronted by other Muslims after hoisting their flag at the Central Mosque.",1,1552577681,NGA,Riots,Violent demonstration
5016025,566,NIG15,15,04 February 1997,1997,exact date,Battles,Armed clash,Ijaw Ethnic Militia (Nigeria),,identity militias,Urhobo Ethnic Militia (Nigeria),,identity militias,communal militia vs communal militia,Western Africa,Nigeria,Delta,Warri South,,Warri,5.5166998,5.75,high,Daily Times,National,Nineteen are killed in a land dispute in Warri.,19,1552577681,NGA,Battles,Armed clash
5016061,566,NIG14,14,29 January 1997,1997,exact date,Riots,Mob violence,Rioters (Nigeria),Students (Nigeria),rioters,Unidentified Armed Group (Nigeria),Students (Nigeria),political militias,political militia vs rioters,Western Africa,Nigeria,Edo,Oredo,,Benin City,6.3351002,5.6275001,high,Associated Press Worldstream,International,"An officer of the student union was knived to death when fighting broke out amongst two groups of students, one group of about 3,000 students had gathered to protest alleged changes to tuition fees",1,1552577681,NGA,Riots,Mob violence
5016084,566,NIG13,13,25 January 1997,1997,exact date,Strategic developments,Looting/property destruction,Unidentified Armed Group (Nigeria),,political militias,,,0,sole political militia action,Western Africa,Nigeria,Edo,Oredo,,Benin City,6.3351002,5.6275001,high,This Day (Nigeria),Subnational,Property destruction: A group set fire to a telephone exchange.,0,1552577681,NGA,Strategic developments,Looting/property destruction
5016130,566,NIG10,10,18 January 1997,1997,within week,Riots,Violent demonstration,Rioters (Nigeria),Students (Nigeria),rioters,,,0,sole rioter action,Western Africa,Nigeria,Enugu,Enugu North,,Enugu,6.4425998,7.5022001,high,Xinhua News,International,"students riot over school fees at the University of Nigeria, enugu campus",0,1552577681,NGA,Riots,Violent demonstration
5016131,566,NIG12,12,18 January 1997,1997,exact date,Violence against civilians,Attack,Unidentified Armed Group (Nigeria),,political militias,Civilians (Nigeria),UNCP: United Nigeria Congress Party,civilians,political militia vs civilians,Western Africa,Nigeria,Ogun,Remo North,,Isara,6.9928002,3.6819,medium,The Guardian,National,"Bode Olajumoke, opposition party leader and his associates attacked, robbed, by four gunmen and would-be kidnappers north of Lagos, after a spate of attacks on opposition politicians in Nigeria.",0,1552577681,NGA,Violence against civilians,Attack
5016132,566,NIG11,11,18 January 1997,1997,within week,Riots,Violent demonstration,Rioters (Nigeria),Students (Nigeria),rioters,,,0,sole rioter action,Western Africa,Nigeria,Enugu,Nsukka,,Nsukka,6.8561001,7.3927002,high,Xinhua News,International,"students riot over school fees at the University of Nigeria, nsukka campus",0,1552577681,NGA,Riots,Violent demonstration
5016157,566,NIG9,9,15 January 1997,1997,within week,Protests,Peaceful protest,Protesters (Nigeria),,protesters,,,0,sole protester action,Western Africa,Nigeria,Sokoto,Sokoto North,,Sokoto,13.048,5.2143002,high,The Week,National,thousands of Gummi local government indigenes stormed the of Sokoto State House to protest a proposal that Gummi LGA be excised from Sokoto State and merged with Zamfara,0,1552577681,NGA,Protests,Peaceful protest
5016184,566,NIG8,8,14 January 1997,1997,exact date,Violence against civilians,Attack,Military Forces of Nigeria (1993-1999),,state forces,Civilians (Nigeria),NADECO: National Democratic Coalition Militia,civilians,military vs civilians,Western Africa,Nigeria,Lagos,Lagos Island,,Lagos,6.4531002,3.3958001,high,Associated Press Worldstream,International,"six shots were fired at Abraham Adesanya, the deputy chairman of the largest opposition coalition as he drove through the heart of the business district in Lagos, he suffered minor injuries. Opposition leaders have been targetted by the military regime.",0,1552577681,NGA,Violence against civilians,Attack
5016213,566,NIG7,7,12 January 1997,1997,exact date,Explosions/Remote violence,Remote explosive/landmine/IED,Unidentified Armed Group (Nigeria),,political militias,Civilians (Nigeria),,civilians,political militia vs civilians,Western Africa,Nigeria,Lagos,Lagos Island,,Lagos,6.4531002,3.3958001,high,Reuters News,International,Four performersy are injured when a bomb explodes in Lagos.,0,1552577681,NGA,Explosions/Remote violence,Remote explosive/landmine/IED
5016218,566,NIG6,6,11 January 1997,1997,within week,Violence against civilians,Attack,Military Forces of Nigeria (1993-1999),,state forces,Civilians (Nigeria),Health Workers (Nigeria),civilians,military vs civilians,Western Africa,Nigeria,Federal Capital Territory,Abuja Municipal,,Abuja,9.0832996,7.5332999,high,Associated Press Worldstream,International,"Two doctors and four nurses were beaten to a state of unconsciousness over the weekend by members of the State Security Service, said the National Association of Resident Doctors of Nigeria",0,1552577681,NGA,Violence against civilians,Attack
5016231,566,NIG4,4,10 January 1997,1997,exact date,Battles,Armed clash,Ijaw Ethnic Militia (Nigeria),,identity militias,Military Forces of Nigeria (1993-1999),,state forces,military vs communal militia,Western Africa,Nigeria,Bayelsa,Sagbama,,Niger Delta,4.8333001,6,medium,Reuters News,International,The body of one of four soldiers gone missing while trying to quell the violence by the Ijaw militias was found.,1,1552577681,NGA,Battles,Armed clash
5016229,566,NIG5,5,10 January 1997,1997,exact date,Battles,Armed clash,Ijaw Ethnic Militia (Nigeria),,identity militias,Military Forces of Nigeria (1993-1999),,state forces,military vs communal militia,Western Africa,Nigeria,Delta,Warri South,,Warri,5.5166998,5.75,high,Reuters News,International,Three are killed in a battle between militant Ijaw youths and the military during a shootout.,3,1552577681,NGA,Battles,Armed clash
5016232,566,NIG3,3,09 January 1997,1997,exact date,Battles,Armed clash,Ekori Ethnic Militia (Nigeria),,identity militias,Ekori Ethnic Militia (Nigeria),,identity militias,communal militia vs communal militia,Western Africa,Nigeria,Kogi,Lokoja,,Lokoja,7.8024001,6.743,low,Agence France Presse,International,three people were killed in a revenge attack during communal clashes on Thursday - related to a dispute between rivals over a traditional Ekori title,3,1552577681,NGA,Battles,Armed clash
5016235,566,NIG2,2,08 January 1997,1997,within week,Battles,Armed clash,Ekori Ethnic Militia (Nigeria),,identity militias,Ekori Ethnic Militia (Nigeria),,identity militias,communal militia vs communal militia,Western Africa,Nigeria,Cross River,Yakurr,,Ugep,5.8085999,8.0811996,medium,Agence France Presse,International,At least 20 people including a police sergeant killed in a dispute between rivals in the Ekori community seeking a traditional title,1,1552577681,NGA,Battles,Armed clash
5016250,566,NIG1,1,07 January 1997,1997,exact date,Explosions/Remote violence,Remote explosive/landmine/IED,Unidentified Armed Group (Nigeria),,political militias,Military Forces of Nigeria (1993-1999),,state forces,military vs political militia,Western Africa,Nigeria,Lagos,Lagos Island,,Lagos,6.4531002,3.3958001,high,Agence France Presse,International,A blast believed to have been caused by a bomb killed one soldier ( a second died later) and wounded 29 others traveling on a military bus near the Abate Military Barracks in Lagos,2,1552577681,NGA,Explosions/Remote violence,Remote explosive/landmine/IED
