data_id,iso,event_id_cnty,event_id_no_cnty,event_date,year,time_precision,event_type,sub_event_type,actor1,assoc_actor_1,inter1,actor2,assoc_actor_2,inter2,interaction,region,country,admin1,admin2,admin3,location,latitude,longitude,geo_precision,source,source_scale,notes,fatalities,timestamp,iso3,event_code,subevent_code
4991502,566,NIG977,977,28 December 2002,2002,exact date,Violence against civilians,Attack,PDP: Peoples Democratic Party,,political militias,Civilians (Nigeria),,civilians,political militia vs civilians,Western Africa,Nigeria,Cross River,Obubra,,Oyina,6.0229001,8.3788004,high,All Africa,Regional,PDP supporters attack civilians in Oyina.,0,1552577652,NGA,Violence against civilians,Attack
4991556,566,NIG976,976,24 December 2002,2002,exact date,Violence against civilians,Attack,Police Forces of Nigeria (1999-2015),,state forces,Civilians (Nigeria),,civilians,military vs civilians,Western Africa,Nigeria,Lagos,Lagos Island,,Lagos,6.4531002,3.3958001,high,Agence France Presse,International,Police shoot and kill two robbers following a failed attempt on a bank in Lagos City.,2,1552577652,NGA,Violence against civilians,Attack
4991589,566,NIG975,975,20 December 2002,2002,exact date,Riots,Violent demonstration,Rioters (Nigeria),,rioters,Police Forces of Nigeria (1999-2015),,state forces,military vs rioters,Western Africa,Nigeria,Lagos,Lagos Island,,Lagos,6.4531002,3.3958001,high,All Africa,Regional,An irate mob take the life of a police officer to protest against the state of extra-judicial killing in Lagos State.,1,1552577652,NGA,Riots,Violent demonstration
4991676,566,NIG974,974,13 December 2002,2002,exact date,Battles,Armed clash,Fulani Ethnic Militia (Nigeria),Pastoralists (Nigeria),identity militias,Riyom Ethnic Militia (Nigeria),,identity militias,communal militia vs communal militia,Western Africa,Nigeria,Plateau,Jos North,,Jos,9.9285002,8.8921003,high,Reuters News,International,14 are dead when Fulani herdsmen and Riyom villagers clash in Jos over religious tenets.,14,1552577653,NGA,Battles,Armed clash
4991694,566,NIG973,973,11 December 2002,2002,exact date,Battles,Armed clash,Hausa Ethnic Militia (Nigeria),Fulani Ethnic Militia (Nigeria),identity militias,Yoruba Ethnic Militia (Nigeria),,identity militias,communal militia vs communal militia,Western Africa,Nigeria,Kwara,Asa,,Idi Araba,8.5166998,4.3832998,high,All Africa,Regional,As an ethnic riot breaks out in a Lagos suburb,0,1552577653,NGA,Battles,Armed clash
4991719,566,NIG972,972,09 December 2002,2002,exact date,Violence against civilians,Attack,Unidentified Armed Group (Nigeria),,political militias,Civilians (Nigeria),,civilians,political militia vs civilians,Western Africa,Nigeria,Oyo,Ibadan North West,,Ibadan,7.3878002,3.8964,high,All Africa,Regional,An unidentified armed group kills a civilian attempting to register to vote.,1,1552577653,NGA,Violence against civilians,Attack
4991777,566,NIG971,971,04 December 2002,2002,exact date,Violence against civilians,Attack,Police Forces of Nigeria (1999-2015),,state forces,Civilians (Nigeria),,civilians,military vs civilians,Western Africa,Nigeria,Federal Capital Territory,Abuja Municipal,,Abuja,9.0832996,7.5332999,high,Africa News,Regional,Police shoot and kill a robber in the Wuse Division of Abuja.,1,1552577653,NGA,Violence against civilians,Attack
4991801,566,NIG970,970,02 December 2002,2002,within week,Riots,Mob violence,Rioters (Nigeria),Oviri-Olomu Ethnic Group (Nigeria),rioters,Rioters (Nigeria),Oviri-Olomu Ethnic Group (Nigeria),rioters,rioters vs rioters,Western Africa,Nigeria,Delta,Ughelli North,,Ughelli,5.4899001,6.0074,high,All Africa,Regional,15 are injured in an leadership fight within the community of Oviri-Olomu in Ughelli.,0,1552577653,NGA,Riots,Mob violence
4991810,566,NIG968,968,01 December 2002,2002,exact date,Battles,Armed clash,Yoruba Ethnic Militia (Nigeria),,identity militias,Military Forces of Nigeria (1999-2015),,state forces,military vs communal militia,Western Africa,Nigeria,Ondo,Owo,,Owo,7.1961999,5.5868001,high,Associated Press Newswires,International,At least 24 are killed when the Yoruba Militia seek to kill the tribal king of the village of Owo in this palace.,24,1552577653,NGA,Battles,Armed clash
4991824,566,NIG967,967,01 December 2002,2002,within week,Battles,Armed clash,Urhobo Ethnic Militia (Nigeria),,identity militias,Itsekiri Ethnic Militia (Nigeria),,identity militias,communal militia vs communal militia,Western Africa,Nigeria,Delta,Warri South,,Warri,5.5166998,5.75,high,Agence France Presse,International,Two killed in an ethnic riot in Warri.,2,1552577653,NGA,Battles,Armed clash
4991851,566,NIG966,966,28 November 2002,2002,exact date,Violence against civilians,Attack,Unidentified Armed Group (Nigeria),,political militias,Civilians (Nigeria),,civilians,political militia vs civilians,Western Africa,Nigeria,Lagos,Lagos Island,,Lagos,6.4531002,3.3958001,high,All Africa,Regional,Masked pirates attack and overtake fishing boats on the seas outside of Lagos State.,0,1552577653,NGA,Violence against civilians,Attack
4991865,566,NIG965,965,27 November 2002,2002,exact date,Protests,Protest with intervention,Unidentified Armed Group (Nigeria),,political militias,Protesters (Nigeria),Muslim Group (Nigeria),protesters,political militia vs protesters,Western Africa,Nigeria,Abia,Aba South,,Aba,5.1065998,7.3667002,high,All Africa,Regional,protesting youths at Aba at the weekend attacked the Muslim community in retaliation of the Kaduna and Abuja riots,0,1552577653,NGA,Protests,Protest with intervention
4991868,566,NIG964,964,26 November 2002,2002,exact date,Battles,Armed clash,Unidentified Armed Group (Nigeria),,political militias,Police Forces of Nigeria (1999-2015),,state forces,military vs political militia,Western Africa,Nigeria,Lagos,Lagos Island,,Lagos,6.4531002,3.3958001,high,All Africa,Regional,Police engage a gang of five robbers in Lagos,0,1552577653,NGA,Battles,Armed clash
4991873,566,NIG963,963,25 November 2002,2002,exact date,Violence against civilians,Attack,Unidentified Armed Group (Nigeria),,political militias,Civilians (Nigeria),,civilians,political militia vs civilians,Western Africa,Nigeria,Lagos,Alimosho,,Alimosho,6.6107998,3.2960999,high,All Africa,Regional,Ogun State PDD gubernatorial aspirant,0,1552577653,NGA,Violence against civilians,Attack
4991887,566,NIG962,962,23 November 2002,2002,exact date,Violence against civilians,Attack,Police Forces of Nigeria (1999-2015),,state forces,Civilians (Nigeria),,civilians,military vs civilians,Western Africa,Nigeria,Kaduna,Kaduna North,,Kaduna,10.5222,7.4383001,high,Human Rights Watch,Other,"Armed Muslim mob attacked and killed an unidentified number of Christians and burned down and looted their homes, businesses and churches in Kaduna. The violence follows the burning of a media office by Muslim rioters over a published article perceived as blasphemous by some Muslims. Retaliatory attacks by Chritians targeting Muslim civilians and their properties followed on 22 November. Security forces also reportedly killed scores of people before they quelled the violence. Human Rights Watch estimates put the death toll between 21 and 23 November at 250.",83,1552577653,NGA,Violence against civilians,Attack
4991886,566,NIG961,961,23 November 2002,2002,exact date,Battles,Armed clash,Yoruba Ethnic Militia (Nigeria),,identity militias,Hausa Ethnic Militia (Nigeria),,identity militias,communal militia vs communal militia,Western Africa,Nigeria,Kwara,Asa,,Idi Araba,8.5166998,4.3832998,high,All Africa,Regional,One is dead following another clash between Yoruba and Hausa militants,1,1552577653,NGA,Battles,Armed clash
4991899,566,NIG960,960,22 November 2002,2002,exact date,Violence against civilians,Attack,Christian Militia (Nigeria),,identity militias,Civilians (Nigeria),Muslim Group (Nigeria),civilians,communal militia vs civilians,Western Africa,Nigeria,Kaduna,Kaduna North,,Kaduna,10.5222,7.4383001,high,Human Rights Watch,Other,"Armed Muslim mob attacked and killed an unidentified number of Christians and burned down and looted their homes, businesses and churches in Kaduna. The violence follows the burning of a media office by Muslim rioters over a published article perceived as blasphemous by some Muslims. Retaliatory attacks by Chritians targeting Muslim civilians and their properties followed on 22 November. Security forces also reportedly killed scores of people before they quelled the violence. Human Rights Watch estimates put the death toll between 21 and 23 November at 250.",83,1552577653,NGA,Violence against civilians,Attack
4991913,566,NIG959,959,21 November 2002,2002,exact date,Violence against civilians,Attack,Muslim Militia (Nigeria),,identity militias,Civilians (Nigeria),Christian Group (Nigeria),civilians,communal militia vs civilians,Western Africa,Nigeria,Kaduna,Kaduna North,,Kaduna,10.5222,7.4383001,high,Human Rights Watch,Other,"Armed Muslim mob attacked and killed an unidentified number of Christians and burned down and looted their homes, businesses and churches in Kaduna. The violence follows the burning of a media office by Muslim rioters over a published article perceived as blasphemous by some Muslims. Retaliatory attacks by Chritians targeting Muslim civilians and their properties followed on 22 November. Security forces also reportedly killed scores of people before they quelled the violence. Human Rights Watch estimates put the death toll between 21 and 23 November at 250.",84,1552577653,NGA,Violence against civilians,Attack
4991918,566,NIG958,958,20 November 2002,2002,exact date,Riots,Violent demonstration,Rioters (Nigeria),Muslim Group (Nigeria),rioters,Civilians (Nigeria),Journalists (Nigeria),civilians,rioters vs civilians,Western Africa,Nigeria,Kaduna,Kaduna North,,Kaduna,10.5222,7.4383001,high,Associated Press Newswires,International,Muslim rioters burn down a newspaper office after they printed an unfavorable article about them.,0,1552577653,NGA,Riots,Violent demonstration
4991980,566,NIG957,957,15 November 2002,2002,exact date,Violence against civilians,Attack,Military Forces of Nigeria (1999-2015),,state forces,Civilians (Nigeria),,civilians,military vs civilians,Western Africa,Nigeria,Bayelsa,Sagbama,,Niger Delta,4.8333001,6,medium,Nigerian National News,National,The Nigerian Navy mistakenly raided a Delta village believing it was inhabited by pirates.,0,1552577653,NGA,Violence against civilians,Attack
4991981,566,NIG956,956,14 November 2002,2002,exact date,Violence against civilians,Attack,Police Forces of Nigeria (1999-2015),,state forces,Civilians (Nigeria),,civilians,military vs civilians,Western Africa,Nigeria,Anambra,Onitsha North,,Onitsha,6.1454,6.7884998,high,Agence France Presse,International,Police shoot and kill four bus passengers at a checkpoint when the driver failed to halt properly.,4,1552577653,NGA,Violence against civilians,Attack
4992175,566,NIG954,954,22 October 2002,2002,exact date,Battles,Armed clash,Fulani Ethnic Militia (Nigeria),Pastoralists (Nigeria),identity militias,Anahutas Ethnic Militia (Nigeria),,identity militias,communal militia vs communal militia,Western Africa,Nigeria,Plateau,Jos North,,Jos,9.9285002,8.8921003,high,Reuters News,International,Killing eight,8,1552577653,NGA,Battles,Armed clash
4992197,566,NIG953,953,19 October 2002,2002,within week,Battles,Armed clash,Unidentified Armed Group (Nigeria),,political militias,Operation Fire for Fire Militia,,political militias,political militia vs political militia,Western Africa,Nigeria,Lagos,Lagos Island,,Lagos,6.4531002,3.3958001,high,All Africa,Regional,Operation Fire for Fire militia kill two armed robbers in Lagos after they were engaged with gunfire.,2,1552577653,NGA,Battles,Armed clash
4992238,566,NIG952,952,15 October 2002,2002,exact date,Battles,Armed clash,NURTW: National Union of Road Transport Workers,,political militias,RTEAN: Road Transport Employers Association of Nigeria,,political militias,political militia vs political militia,Western Africa,Nigeria,Lagos,Ikorodu,,Ikorodu,6.6155,3.5086999,high,All Africa,Regional,Seven are killed,7,1552577653,NGA,Battles,Armed clash
4992239,566,NIG951,951,15 October 2002,2002,exact date,Riots,Violent demonstration,Police Forces of Nigeria (1999-2015),,state forces,Rioters (Nigeria),,rioters,military vs rioters,Western Africa,Nigeria,Lagos,Lagos Island,,Lagos,6.4531002,3.3958001,high,Agence France Presse,International,Police shoot two protesters in self defense when rioting broke out.,0,1552577653,NGA,Riots,Violent demonstration
4992254,566,NIG950,950,14 October 2002,2002,exact date,Violence against civilians,Attack,Military Forces of Nigeria (1999-2015),,state forces,Civilians (Nigeria),,civilians,military vs civilians,Western Africa,Nigeria,Plateau,Jos North,,Jos,9.9285002,8.8921003,high,All Africa,Regional,A military private killed a taxi driver in Jos for unknown reasons.,1,1552577653,NGA,Violence against civilians,Attack
4992253,566,NIG949,949,14 October 2002,2002,exact date,Battles,Armed clash,Fulani Ethnic Militia (Nigeria),Pastoralists (Nigeria),identity militias,Unidentified Ethnic Militia (Chad),,identity militias,communal militia vs communal militia,Western Africa,Nigeria,Plateau,Barkin Ladi,,Barkin Ladi,9.5333004,8.8999996,high,All Africa,Regional,Sixteen are killed when two ethnic militias clash in Barkin Ladi,16,1552577653,NGA,Battles,Armed clash
4992261,566,NIG947,947,14 October 2002,2002,exact date,Battles,Armed clash,Unidentified Armed Group (Nigeria),,political militias,Police Forces of Nigeria (1999-2015),,state forces,military vs political militia,Western Africa,Nigeria,Plateau,Jos North,,Jos,9.9285002,8.8921003,high,Reuters News,International,Nigerian police kill six members of an armed group believed to be an ethnic faction of the inhabitants of the area.,6,1552577653,NGA,Battles,Armed clash
4992255,566,NIG948,948,14 October 2002,2002,within week,Battles,Armed clash,Unidentified Armed Group (Nigeria),,political militias,Police Forces of Nigeria (1999-2015),,state forces,military vs political militia,Western Africa,Nigeria,Plateau,Langtang North,,Langtang,9.1332998,9.7833004,high,All Africa,Regional,At least forty people were killed when Plateau State police battled bandits over the course of a week in Langtang.,40,1552577653,NGA,Battles,Armed clash
4992283,566,NIG946,946,13 October 2002,2002,exact date,Violence against civilians,Attack,Unidentified Armed Group (Nigeria),,political militias,Civilians (Nigeria),,civilians,political militia vs civilians,Western Africa,Nigeria,Plateau,Jos North,,Jos,9.9285002,8.8921003,high,All Africa,Regional,Cult members shoot and kill two undergraduate students over a girl at the University of Jos.,2,1552577653,NGA,Violence against civilians,Attack
4992293,566,NIG945,945,12 October 2002,2002,exact date,Violence against civilians,Attack,Unidentified Armed Group (Nigeria),,political militias,Civilians (Nigeria),,civilians,political militia vs civilians,Western Africa,Nigeria,Lagos,Lagos Island,,Lagos,6.4531002,3.3958001,high,All Africa,Regional,Eight are dead when unknown men attack three luxury basses in a convoy in Lagos State.,8,1552577653,NGA,Violence against civilians,Attack
4992358,566,NIG944,944,07 October 2002,2002,exact date,Battles,Armed clash,Unidentified Armed Group (Nigeria),,political militias,Police Forces of Nigeria (1999-2015),,state forces,military vs political militia,Western Africa,Nigeria,Cross River,Calabar-Municipal,,Calabar,4.9667001,8.3332996,high,Agence France Presse,International,Drug smugglers shot dead three Nigerian narcotics agents during a crackdown in Calabar.,3,1552577653,NGA,Battles,Armed clash
4992442,566,NIG943,943,01 October 2002,2002,exact date,Battles,Armed clash,Military Forces of Nigeria (1999-2015),,state forces,Police Forces of Nigeria (1999-2015),,state forces,military vs military,Western Africa,Nigeria,Lagos,Lagos Island,,Lagos,6.4531002,3.3958001,high,Reuters News,International,Nigerian soldiers attack a Lagos City police station to free a detained private held within.,0,1552577653,NGA,Battles,Armed clash
4992473,566,NIG942,942,26 September 2002,2002,exact date,Riots,Violent demonstration,Rioters (Nigeria),Muslim Group (Nigeria),rioters,,,0,sole rioter action,Western Africa,Nigeria,Kaduna,Sabon-Gari,,Zaria,11.1132,7.7252002,high,Reuters News,International,Muslim students at a college in Zaria riot following the announcement that a Christian student has won a university election.,0,1552577653,NGA,Riots,Violent demonstration
4992477,566,NIG941,941,25 September 2002,2002,exact date,Violence against civilians,Attack,NURTW: National Union of Road Transport Workers,,political militias,Civilians (Nigeria),,civilians,political militia vs civilians,Western Africa,Nigeria,Edo,Oredo,,Benin City,6.3351002,5.6275001,high,Panafrican News Agency,Regional,Six are dead when union members unleash violence on the public in order to protest changes within the union. The governor of Edo State had formally outlawed the union due to violence.,6,1552577653,NGA,Violence against civilians,Attack
5183398,566,NIG940,940,23 September 2002,2002,exact date,Violence against civilians,Attack,Unidentified Armed Group (Nigeria),,political militias,Civilians (Nigeria),,civilians,political militia vs civilians,Western Africa,Nigeria,Yobe,Damaturu,,Damaturu,11.747,11.9608,high,All Africa,Regional,A member of the House of Representatives,0,1558387849,NGA,Violence against civilians,Attack
4992526,566,NIG936,936,22 September 2002,2002,exact date,Violence against civilians,Attack,Unidentified Armed Group (Nigeria),,political militias,Civilians (Nigeria),,civilians,political militia vs civilians,Western Africa,Nigeria,Kano,Kano Municipal,,Kano,11.9702,8.5044003,high,Associated Press Newswires,International,"An opposition politician the retired Gen. Ibrahim Babangida was gunned down by men suspected to be political opponents.""",1,1552577654,NGA,Violence against civilians,Attack
4992533,566,NIG938,938,22 September 2002,2002,exact date,Violence against civilians,Attack,Unidentified Armed Group (Nigeria),,political militias,Civilians (Nigeria),,civilians,political militia vs civilians,Western Africa,Nigeria,Niger,Borgu,,Kwaya,10.3333,3.75,high,All Africa,Regional,Armed men attack the residence of the Borno state deputy governors father,0,1552577654,NGA,Violence against civilians,Attack
4992534,566,NIG937,937,22 September 2002,2002,exact date,Battles,Armed clash,Unidentified Armed Group (Nigeria),,political militias,Police Forces of Nigeria (1999-2015),,state forces,military vs political militia,Western Africa,Nigeria,Lagos,Lagos Island,,Lagos,6.4531002,3.3958001,high,All Africa,Regional,A gang of robbers kills three police and steals their firearms.,3,1552577654,NGA,Battles,Armed clash
4992564,566,NIG935,935,20 September 2002,2002,exact date,Battles,Armed clash,Unidentified Armed Group (Nigeria),,political militias,Police Forces of Nigeria (1999-2015),,state forces,military vs political militia,Western Africa,Nigeria,Anambra,Onitsha North,,Onitsha,6.1454,6.7884998,high,All Africa,Regional,A police inspector and private guard were killed by robbers in Onitsha.,2,1552577654,NGA,Battles,Armed clash
4992619,566,NIG934,934,17 September 2002,2002,exact date,Battles,Armed clash,Unidentified Armed Group (Nigeria),,political militias,Police Forces of Nigeria (1999-2015),,state forces,military vs political militia,Western Africa,Nigeria,Lagos,Apapa,,Apapa,6.4456,3.3592,high,All Africa,Regional,One is dead during a shootout between police and armed robbers after they stole N6 million.,1,1552577654,NGA,Battles,Armed clash
4992675,566,NIG931,931,14 September 2002,2002,exact date,Battles,Armed clash,Unidentified Armed Group (Nigeria),,political militias,Police Forces of Nigeria (1999-2015),,state forces,military vs political militia,Western Africa,Nigeria,Lagos,Ikeja,,Ikeja,6.5942001,3.3375001,high,All Africa,Regional,Two robbers killed and three police injured while during a shootout in Lagos State.,2,1552577654,NGA,Battles,Armed clash
4992674,566,NIG932,932,14 September 2002,2002,within week,Battles,Armed clash,Okpe Ethnic Militia (Nigeria),Ijaja Ethnic Militia (Nigeria),identity militias,Otuo Ethnic Militia (Nigeria),Ago-Ogbodo Ethnic Militia (Nigeria),identity militias,communal militia vs communal militia,Western Africa,Nigeria,Edo,Oredo,,Benin City,6.3351002,5.6275001,low,All Africa,Regional,Two are killed in a communal clash between the inhabitants of Edo State.,2,1552577654,NGA,Battles,Armed clash
4992690,566,NIG930,930,13 September 2002,2002,exact date,Violence against civilians,Attack,Unidentified Armed Group (Nigeria),,political militias,Civilians (Nigeria),,civilians,political militia vs civilians,Western Africa,Nigeria,Lagos,Ifako-Ijaye,,Wasimi Ojokoro,6.6622,3.2953,high,All Africa,Regional,One is killed as a armed gang robs an apartment building.,1,1552577654,NGA,Violence against civilians,Attack
4992771,566,NIG929,929,07 September 2002,2002,exact date,Violence against civilians,Attack,Police Forces of Nigeria (1999-2015),,state forces,Civilians (Nigeria),,civilians,military vs civilians,Western Africa,Nigeria,Niger,Bosso,,Chanchaga,9.5333004,6.5833001,high,Xinhua News,International,Police open fire on students in Chanchaga,0,1552577654,NGA,Violence against civilians,Attack
4992788,566,NIG928,928,05 September 2002,2002,exact date,Violence against civilians,Attack,Unidentified Armed Group (Nigeria),,political militias,Civilians (Nigeria),Police Forces of Nigeria (1999-2015),civilians,political militia vs civilians,Western Africa,Nigeria,Anambra,Njikoka,,Abagana,6.1841998,6.9766002,high,Africa News,Regional,Four armed men attack and kill a police inspector in Anambra State.,4,1552577654,NGA,Violence against civilians,Attack
4992835,566,NIG926,926,01 September 2002,2002,exact date,Violence against civilians,Attack,Unidentified Armed Group (Nigeria),,political militias,Civilians (Nigeria),,civilians,political militia vs civilians,Western Africa,Nigeria,Oyo,Ibadan North West,,Ibadan,7.3878002,3.8964,high,Reuters News,International,Unknown assassins kill the personal secretary to Nigerias chief justice in Ibadan.,1,1552577654,NGA,Violence against civilians,Attack
4992841,566,NIG925,925,01 September 2002,2002,exact date,Battles,Armed clash,Unidentified Armed Group (Nigeria),,political militias,Police Forces of Nigeria (1999-2015),,state forces,military vs political militia,Western Africa,Nigeria,Lagos,Lagos Island,,Lagos,6.4531002,3.3958001,high,Agence France Presse,International,Police in Lagos City kill seven robbers during the raid of a radio station.,7,1552577654,NGA,Battles,Armed clash
4992847,566,NIG927,927,01 September 2002,2002,exact date,Riots,Violent demonstration,Rioters (Nigeria),,rioters,,,0,sole rioter action,Western Africa,Nigeria,Osun,Ife East,,Ife-Ife,7.4667001,4.5667,high,All Africa,Regional,A civilian group riots in Ile-Ife,0,1552577654,NGA,Riots,Violent demonstration
4992864,566,NIG924,924,30 August 2002,2002,exact date,Explosions/Remote violence,Remote explosive/landmine/IED,Unidentified Armed Group (Nigeria),,political militias,Civilians (Nigeria),,civilians,political militia vs civilians,Western Africa,Nigeria,Abia,Umuahia North,,Umuahia,5.5263,7.4896002,low,All Africa,Regional,Unknown individuals have destroyed a radio station run by the Broadcasting Corporation of Abia (BCA) with explosives.,0,1552577654,NGA,Explosions/Remote violence,Remote explosive/landmine/IED
4992884,566,NIG923,923,26 August 2002,2002,exact date,Battles,Armed clash,Unidentified Ethnic Militia (Nigeria),,identity militias,Ado Communal Militia (Nigeria),,identity militias,communal militia vs communal militia,Western Africa,Nigeria,Ekiti,Ado Ekiti,,Ado-Ekiti,7.6209998,5.2214999,high,Panafrican News Agency,Regional,Three are dead following a breakout of violence in Ado-Ekiti.,3,1552577654,NGA,Battles,Armed clash
4992890,566,NIG922,922,25 August 2002,2002,exact date,Battles,Armed clash,Unidentified Armed Group (Nigeria),,political militias,Police Forces of Nigeria (1999-2015),,state forces,military vs political militia,Western Africa,Nigeria,Lagos,Lagos Island,,Lagos,6.4531002,3.3958001,high,Panafrican News Agency,Regional,An unknown gang killed a police Corporal and wounded three others during an unprovoked attack.,1,1552577654,NGA,Battles,Armed clash
4992973,566,NIG920,920,16 August 2002,2002,exact date,Violence against civilians,Attack,Unidentified Armed Group (Nigeria),,political militias,Civilians (Nigeria),,civilians,political militia vs civilians,Western Africa,Nigeria,Kwara,Ilorin East,,Illorin,8.5,4.5500002,low,Reuters News,International,Nigerian gunmen kill senior ruling party official.,1,1552577654,NGA,Violence against civilians,Attack
4993032,566,NIG919,919,11 August 2002,2002,exact date,Battles,Armed clash,Unidentified Armed Group (Nigeria),,political militias,Operation Fire for Fire Militia,Police Forces of Nigeria (1999-2015),political militias,political militia vs political militia,Western Africa,Nigeria,Enugu,Enugu North,,Enugu,6.4425998,7.5022001,medium,All Africa,Regional,Operation Fire for Fire militia and Police kill three robbers and recover N129,3,1552577654,NGA,Battles,Armed clash
4993098,566,NIG918,918,05 August 2002,2002,within week,Riots,Violent demonstration,Rioters (Nigeria),Ogoni Ethnic Militia (Nigeria),rioters,,,0,sole rioter action,Western Africa,Nigeria,Rivers,Tai,,Ogoni,4.7339001,7.23,high,Panafrican News Agency,Regional,Ogoni Community riots,0,1552577654,NGA,Riots,Violent demonstration
4993104,566,NIG917,917,05 August 2002,2002,exact date,Riots,Mob violence,Rioters (Nigeria),Ogoni Ethnic Group (Nigeria),rioters,Rioters (Nigeria),Ogoni Ethnic Group (Nigeria),rioters,rioters vs rioters,Western Africa,Nigeria,Rivers,Khana,,Bori,4.6736999,7.362,high,Panafrican News Agency,Regional,Three are killed in Bori when the Ogoni community clashed over leadership positions.,3,1552577654,NGA,Riots,Mob violence
4993097,566,NIG916,916,05 August 2002,2002,exact date,Battles,Armed clash,Fokpo Ethnic Militia (Nigeria),,identity militias,Doko Ethnic Militia (Nigeria),,identity militias,communal militia vs communal militia,Western Africa,Nigeria,Jigawa,Ringim,,Doko,12.3287,9.1030998,high,Africa News,Regional,Members of the Fokpo and Sosa villages clash over a fishing pond.,0,1552577654,NGA,Battles,Armed clash
4993112,566,NIG915,915,04 August 2002,2002,exact date,Violence against civilians,Attack,Unidentified Armed Group (Nigeria),,political militias,Civilians (Nigeria),,civilians,political militia vs civilians,Western Africa,Nigeria,Lagos,Lagos Island,,Lagos,6.4531002,3.3958001,high,Agence France Presse,International,A civilian is killed by robbers at Lagos City airport.,1,1552577654,NGA,Violence against civilians,Attack
4993138,566,NIG914,914,02 August 2002,2002,exact date,Battles,Armed clash,PDP: Peoples Democratic Party,,political militias,ANPP: All Nigeria Peoples Party,,political militias,political militia vs political militia,Western Africa,Nigeria,Ebonyi,Ebonyi,,Abakaliki,6.3162999,8.1169004,high,Agence France Presse,International,Ten are dead in political violence between supporters of the PDP and the ANPP.,10,1552577654,NGA,Battles,Armed clash
4993175,566,NIG913,913,30 July 2002,2002,exact date,Violence against civilians,Attack,Police Forces of Nigeria (1999-2015),,state forces,Civilians (Nigeria),,civilians,military vs civilians,Western Africa,Nigeria,Kwara,Ilorin East,,Illorin,8.5,4.5500002,low,Agence France Presse,International,Police shoot and kill seven armed robbers suspects in Kwara State.,7,1552577654,NGA,Violence against civilians,Attack
4993191,566,NIG911,911,29 July 2002,2002,exact date,Battles,Armed clash,Private Security Forces (Ivory Coast),Mercenaries (Nigeria),external/other forces,Police Forces of Nigeria (1999-2015),,state forces,military vs other,Western Africa,Nigeria,Plateau,Wase,,Wase,9.1000004,9.9666996,high,All Africa,Regional,15 are killed when police clash with foreign mercenaries.,15,1552577654,NGA,Battles,Armed clash
4993196,566,NIG912,912,29 July 2002,2002,exact date,Violence against civilians,Attack,Police Forces of Nigeria (1999-2015),,state forces,Civilians (Nigeria),,civilians,military vs civilians,Western Africa,Nigeria,Kano,Kano Municipal,,Kano,11.9702,8.5044003,high,All Africa,Regional,Police in Kano City open fire on protesting youths to disperse them. The protesters aim was to see the release from prison a compatriot.,0,1552577654,NGA,Violence against civilians,Attack
4993224,566,NIG910,910,25 July 2002,2002,exact date,Violence against civilians,Attack,Unidentified Armed Group (Nigeria),,political militias,Civilians (Nigeria),,civilians,political militia vs civilians,Western Africa,Nigeria,Oyo,Ibadan North West,,Ibadan,7.3878002,3.8964,high,All Africa,Regional,A private security guard was killed when robbers raided a hospital in Ibadan.,1,1552577654,NGA,Violence against civilians,Attack
4993234,566,NIG909,909,24 July 2002,2002,exact date,Battles,Armed clash,Unidentified Armed Group (Nigeria),,political militias,Police Forces of Nigeria (1999-2015),,state forces,military vs political militia,Western Africa,Nigeria,Ogun,Obafemi-Owode,,Awo,6.9053998,3.5451,high,All Africa,Regional,Dare devil armed robbers attacked a moving bullion van in Awo,0,1552577654,NGA,Battles,Armed clash
4993259,566,NIG908,908,22 July 2002,2002,exact date,Battles,Armed clash,Isongujero Ethnic Militia (Nigeria),,identity militias,Esenasawo Ethnic Militia (Nigeria),,identity militias,communal militia vs communal militia,Western Africa,Nigeria,Bayelsa,Nembe,,Nembe,4.5394001,6.4003,high,All Africa,Regional,At least seventy are dead as rival gangs clash in Bayelsa State.,70,1552577654,NGA,Battles,Armed clash
5183399,566,NIG907,907,21 July 2002,2002,exact date,Riots,Mob violence,Rioters (Nigeria),,rioters,Civilians (Nigeria),,civilians,rioters vs civilians,Western Africa,Nigeria,Yobe,Potiskum,,Potiskum,11.7091,11.0694,high,This Day,National,Irate youth attacked the motorcade of the top politicians at the palace of the Emir of Potiskum. No casualties reported.,0,1558387849,NGA,Riots,Mob violence
4993267,566,NIG905,905,21 July 2002,2002,exact date,Battles,Armed clash,Unidentified Armed Group (Nigeria),,political militias,Bakassi Boys Militia,,political militias,political militia vs political militia,Western Africa,Nigeria,Anambra,Nnewi North,,Nnewi,6.0198998,6.9148002,high,All Africa,Regional,Armed robbers attack the Bakassi Boy gang in Anambra State.,0,1552577654,NGA,Battles,Armed clash
4993268,566,NIG906,906,21 July 2002,2002,exact date,Battles,Armed clash,Unidentified Armed Group (Nigeria),,political militias,Bakassi Boys Militia,,political militias,political militia vs political militia,Western Africa,Nigeria,Anambra,Onitsha North,,Onitsha,6.1454,6.7884998,high,All Africa,Regional,Armed robbers attack the Bakassi Boy gang in Anambra State.,0,1552577654,NGA,Battles,Armed clash
4993294,566,NIG904,904,19 July 2002,2002,exact date,Violence against civilians,Attack,Unidentified Armed Group (Nigeria),,political militias,Civilians (Nigeria),,civilians,political militia vs civilians,Western Africa,Nigeria,Enugu,Awgu,,Mgbidi,6.0746999,7.4548998,high,All Africa,Regional,Eight were killed when robbers raided a bank in Mgbidi and opened fire.,8,1552577654,NGA,Violence against civilians,Attack
4993308,566,NIG903,903,18 July 2002,2002,exact date,Battles,Armed clash,Olowo Ethnic Militia (Nigeria),,identity militias,Ehinogbe Ethnic Militia (Nigeria),,identity militias,communal militia vs communal militia,Western Africa,Nigeria,Ondo,Owo,,Owo,7.1961999,5.5868001,high,Panafrican News Agency,Regional,Five are dead as communal violence rocks Owo,5,1552577654,NGA,Battles,Armed clash
4993345,566,NIG902,902,16 July 2002,2002,exact date,Battles,Armed clash,Enin Ogbe Boys Militia,,political militias,Police Forces of Nigeria (1999-2015),,state forces,military vs political militia,Western Africa,Nigeria,Ondo,Owo,,Owo,7.1961999,5.5868001,high,All Africa,Regional,"A total of five are dead in Owa Ondo State when palace guards engaged a local gang.""",5,1552577655,NGA,Battles,Armed clash
4993364,566,NIG901,901,15 July 2002,2002,exact date,Violence against civilians,Attack,Unidentified Armed Group (Nigeria),,political militias,Civilians (Nigeria),,civilians,political militia vs civilians,Western Africa,Nigeria,Rivers,Port-Harcourt,,Port Harcourt,4.7774,7.0134001,high,Panafrican News Agency,Regional,An armed group kill three at an University in Port Harcourt.,3,1552577655,NGA,Violence against civilians,Attack
4993394,566,NIG899,899,12 July 2002,2002,exact date,Violence against civilians,Attack,Unidentified Armed Group (Nigeria),,political militias,Civilians (Nigeria),PDP: Peoples Democratic Party,civilians,political militia vs civilians,Western Africa,Nigeria,Cross River,Calabar-Municipal,,Calabar,4.9667001,8.3332996,high,All Africa,Regional,The chairman of the Peoples Democratic Party,0,1552577655,NGA,Violence against civilians,Attack
4993393,566,NIG898,898,12 July 2002,2002,exact date,Battles,Armed clash,PDP: Peoples Democratic Party,,political militias,ANPP: All Nigeria Peoples Party,,political militias,political militia vs political militia,Western Africa,Nigeria,Cross River,Calabar-Municipal,,Calabar,4.9667001,8.3332996,high,Xinhua News,International,Four were killed in Calabar when rival political groups clashed.,4,1552577655,NGA,Battles,Armed clash
4993408,566,NIG897,897,11 July 2002,2002,exact date,Battles,Armed clash,Unidentified Armed Group (Nigeria),,political militias,Police Forces of Nigeria (1999-2015),,state forces,military vs political militia,Western Africa,Nigeria,Imo,Owerri-Municipal,,Owerri,5.4833002,7.0303998,high,Xinhua News,International,Police clash with an unidentified group in Owerri.,0,1552577655,NGA,Battles,Armed clash
4993498,566,NIG895,895,03 July 2002,2002,exact date,Violence against civilians,Attack,PDP: Peoples Democratic Party,,political militias,Civilians (Nigeria),,civilians,political militia vs civilians,Western Africa,Nigeria,Delta,Warri South,,Warri,5.5166998,5.75,high,Reuters News,International,At least three are dead when supporters of the PDP attacked political opponents at a college in Warri.,3,1552577655,NGA,Violence against civilians,Attack
4993532,566,NIG894,894,01 July 2002,2002,within week,Battles,Armed clash,Unidentified Ethnic Militia (Nigeria),,identity militias,Unidentified Ethnic Militia (Nigeria),,identity militias,communal militia vs communal militia,Western Africa,Nigeria,Nasarawa,Nasarawa-Eggon,,Loko,7.9974999,7.8312001,high,Xinhua News,International,100 are dead when two ethnic communities fight over the use to a fishing pond in Loko,100,1552577655,NGA,Battles,Armed clash
4993538,566,NIG891,891,30 June 2002,2002,exact date,Violence against civilians,Attack,Unidentified Armed Group (Nigeria),,political militias,Civilians (Nigeria),,civilians,political militia vs civilians,Western Africa,Nigeria,Lagos,Lagos Island,,Lagos,6.4531002,3.3958001,high,Reuters News,International,An armed group kills eight on a commuter bus in Lagos.,8,1552577655,NGA,Violence against civilians,Attack
4993539,566,NIG892,892,30 June 2002,2002,exact date,Violence against civilians,Attack,Unidentified Armed Group (Nigeria),,political militias,Civilians (Nigeria),,civilians,political militia vs civilians,Western Africa,Nigeria,Imo,Owerri-Municipal,,Owerri,5.4833002,7.0303998,high,Xinhua News,International,Twenty are killed when armed robbers board a luxury bus in Owerri and open fire.,20,1552577655,NGA,Violence against civilians,Attack
4993540,566,NIG893,893,30 June 2002,2002,exact date,Violence against civilians,Attack,Unidentified Armed Group (Nigeria),,political militias,Civilians (Nigeria),,civilians,political militia vs civilians,Western Africa,Nigeria,Rivers,Port-Harcourt,,Port Harcourt,4.7774,7.0134001,high,All Africa,Regional,"An unidentified armed group kills the commissioner in the Niger Delta Development Comission (NDDC) who represents Akwa Ibom State.""",1,1552577655,NGA,Violence against civilians,Attack
4993552,566,NIG889,889,29 June 2002,2002,within week,Battles,Armed clash,PDP: Peoples Democratic Party,,political militias,ANPP: All Nigeria Peoples Party,,political militias,political militia vs political militia,Western Africa,Nigeria,Kwara,Ilorin East,,Illorin,8.5,4.5500002,high,All Africa,Regional,Two are killed in a political clash between PDP and ANPP militias in Ilorin.,2,1552577655,NGA,Battles,Armed clash
4993556,566,NIG890,890,29 June 2002,2002,within week,Violence against civilians,Attack,Unidentified Communal Militia (Nigeria),Vigilante Group (Nigeria),identity militias,Civilians (Nigeria),,civilians,communal militia vs civilians,Western Africa,Nigeria,Borno,Biu,,Biu,10.6129,12.1946,high,This Day,National,An armed vigilante group kills nine civilians in a small town in Borno State.,9,1552577655,NGA,Violence against civilians,Attack
4993570,566,NIG888,888,27 June 2002,2002,exact date,Battles,Armed clash,Muslim Militia (Nigeria),,identity militias,Christian Militia (Nigeria),,identity militias,communal militia vs communal militia,Western Africa,Nigeria,Plateau,Shendam,,Yelwa,8.8332996,9.6332998,high,Human Rights Watch,Other,"Clashes between Muslim and Christian groups at a masquerade in Yelwa, Plateau state, killed dozens of people. Clashes lasted until the early hours of the next day, when soldiers were sent to restore peace. According to residents, at least 10 Muslims and 34 Christians died in the violence. Some argue that the violence was triggered by the stabbing of a Mosque security guard in the Angwan Galambi (Congo) area of Yelwa earlier in the day, while others point to a directing preventing young Christian girls from befriending young Muslim men.",22,1552577655,NGA,Battles,Armed clash
4993582,566,NIG887,887,26 June 2002,2002,exact date,Battles,Armed clash,Christian Militia (Nigeria),,identity militias,Private Security Forces (Nigeria),Muslim Group (Nigeria),external/other forces,communal militia vs other,Western Africa,Nigeria,Plateau,Shendam,,Yelwa,8.8332996,9.6332998,high,Human Rights Watch,Other,Suspected Christian militia stabbed and seriously injured a security man guarding a mosque in the Angwan Galambi (Congo) area of Yelwa. Some argue that this incident triggered further violence between Christian and Muslim groups later that day in Yelwa.,0,1552577655,NGA,Battles,Armed clash
4993581,566,NIG886,886,26 June 2002,2002,exact date,Battles,Armed clash,Muslim Militia (Nigeria),,identity militias,Christian Militia (Nigeria),,identity militias,communal militia vs communal militia,Western Africa,Nigeria,Plateau,Shendam,,Yelwa,8.8332996,9.6332998,high,Human Rights Watch,Other,"Clashes between Muslim and Christian groups at a masquerade in Yelwa, Plateau state, killed dozens of people. Clashes lasted until the early hours of the next day, when soldiers were sent to restore peace. According to residents, at least 10 Muslims and 34 Christians died in the violence. Some argue that the violence was triggered by the stabbing of a Mosque security guard in the Angwan Galambi (Congo) area of Yelwa earlier in the day, while others point to a directing preventing young Christian girls from befriending young Muslim men.",22,1552577655,NGA,Battles,Armed clash
4993632,566,NIG885,885,22 June 2002,2002,exact date,Battles,Armed clash,PDP: Peoples Democratic Party,,political militias,ANPP: All Nigeria Peoples Party,,political militias,political militia vs political militia,Western Africa,Nigeria,Borno,Maiduguri,,Maiduguri,11.8464,13.1603,low,Vanguard; Weekly Turst,National,"One person is killed and six are injured when PDP and ANPP militias clash in Gubid following a political rally. Dangerous weapons such as machetes, cudgels, cutlasses, and daggers were freely used. One person was matcheted to death with six other people sustaining serious injuries from machete cuts.",1,1552577655,NGA,Battles,Armed clash
4993634,566,NIG884,884,21 June 2002,2002,exact date,Violence against civilians,Attack,Unidentified Armed Group (Nigeria),,political militias,Civilians (Nigeria),,civilians,political militia vs civilians,Western Africa,Nigeria,Zamfara,Gusau,,Gusau,12.1628,6.6613998,high,All Africa,Regional,"An armed group kills two bus passengers Gusau, steals their belongings. """,2,1552577655,NGA,Violence against civilians,Attack
4993635,566,NIG883,883,21 June 2002,2002,exact date,Battles,Armed clash,Unidentified Armed Group (Nigeria),,political militias,Unidentified Armed Group (Nigeria),,political militias,political militia vs political militia,Western Africa,Nigeria,Enugu,Nsukka,,Nsukka,6.8561001,7.3927002,high,Reuters News,International,Rival armed groups clash in Nsukka in a retaliatory attack from previous attacks.,0,1552577655,NGA,Battles,Armed clash
4993667,566,NIG882,882,19 June 2002,2002,exact date,Violence against civilians,Attack,Unidentified Armed Group (Nigeria),,political militias,Civilians (Nigeria),,civilians,political militia vs civilians,Western Africa,Nigeria,Enugu,Nsukka,,Nsukka,6.8561001,7.3927002,high,Reuters News,International,18 students are dead following an attack by an armed group,18,1552577655,NGA,Violence against civilians,Attack
4993683,566,NIG881,881,18 June 2002,2002,exact date,Riots,Violent demonstration,Rioters (Nigeria),Izzi Ethnic Militia (Nigeria),rioters,,,0,sole rioter action,Western Africa,Nigeria,Ebonyi,Ebonyi,,Abakaliki,6.3162999,8.1169004,high,All Africa,Regional,One is killed and property destroyed when the Izzi ethnic group riots in protest of an assassination of a kinsman.,1,1552577655,NGA,Riots,Violent demonstration
4993693,566,NIG879,879,17 June 2002,2002,exact date,Battles,Armed clash,Fulani Ethnic Militia (Nigeria),Pastoralists (Nigeria),identity militias,Berom Ethnic Militia (Nigeria),,identity militias,communal militia vs communal militia,Western Africa,Nigeria,Plateau,Jos North,,Jos,9.9285002,8.8921003,high,Reuters News,International,Six are killed in an ethnic clash between the militias of Fulanis and Berom in Jos.,6,1552577655,NGA,Battles,Armed clash
4993704,566,NIG880,880,17 June 2002,2002,exact date,Violence against civilians,Attack,Police Forces of Nigeria (1999-2015),,state forces,Civilians (Nigeria),,civilians,military vs civilians,Western Africa,Nigeria,Lagos,Lagos Island,,Lagos,6.4531002,3.3958001,high,Panafrican News Agency,Regional,A corrupt police officer shot and killed a schoolgirl on a bus after the driver refused to pay a 20 Naira bribe.,1,1552577655,NGA,Violence against civilians,Attack
4993734,566,NIG878,878,15 June 2002,2002,exact date,Violence against civilians,Attack,Unidentified Armed Group (Nigeria),,political militias,Civilians (Nigeria),,civilians,political militia vs civilians,Western Africa,Nigeria,Enugu,Nsukka,,Nsukka,6.8561001,7.3927002,high,Xinhua News,International,Five are dead,5,1552577655,NGA,Violence against civilians,Attack
4993767,566,NIG877,877,11 June 2002,2002,exact date,Battles,Armed clash,Unidentified Armed Group (Nigeria),,political militias,Police Forces of Nigeria (1999-2015),,state forces,military vs political militia,Western Africa,Nigeria,Lagos,Lagos Island,,Lagos,6.4531002,3.3958001,high,Xinhua News,International,Police clash with an unidentified group in Lagos.,0,1552577655,NGA,Battles,Armed clash
4993774,566,NIG876,876,10 June 2002,2002,exact date,Battles,Armed clash,Unidentified Armed Group (Nigeria),,political militias,Police Forces of Nigeria (1999-2015),,state forces,military vs political militia,Western Africa,Nigeria,Lagos,Lagos Island,,Lagos,6.4531002,3.3958001,high,All Africa,Regional,Two robbers are shot and killed by police after they tried to kidnap a medical doctor.,2,1552577655,NGA,Battles,Armed clash
4993794,566,NIG875,875,07 June 2002,2002,exact date,Battles,Armed clash,Unidentified Ethnic Militia (Nigeria),,identity militias,Unidentified Ethnic Militia (Nigeria),,identity militias,communal militia vs communal militia,Western Africa,Nigeria,Plateau,Wase,,Wase,9.1000004,9.9666996,high,All Africa,Regional,Several people are killed in Wase when two ethno-religious groups (unknown faith) clash.,0,1552577655,NGA,Battles,Armed clash
4993835,566,NIG874,874,01 June 2002,2002,exact date,Battles,Armed clash,Yoruba Ethnic Militia (Nigeria),,identity militias,NURTW: National Union of Road Transport Workers,,political militias,political militia vs communal militia,Western Africa,Nigeria,Oyo,Ibadan North West,,Ibadan,7.3878002,3.8964,medium,Reuters News,International,Three are dead in a clash between an ethnic militia and a labor union.,3,1552577655,NGA,Battles,Armed clash
4993860,566,NIG872,872,29 May 2002,2002,exact date,Violence against civilians,Attack,Police Forces of Nigeria (1999-2015),,state forces,Civilians (Nigeria),,civilians,military vs civilians,Western Africa,Nigeria,Federal Capital Territory,Abuja Municipal,,Abuja,9.0832996,7.5332999,high,Reuters News,International,Police fire upon civilian veterans,0,1552577655,NGA,Violence against civilians,Attack
4993861,566,NIG873,873,29 May 2002,2002,exact date,Violence against civilians,Attack,Unidentified Armed Group (Nigeria),,political militias,Civilians (Nigeria),,civilians,political militia vs civilians,Western Africa,Nigeria,Oyo,Ori Ire,,Ode Pupa Ile,8.6000004,4.0999999,high,Africa News,Regional,Bandits hold hostages and kill four in Niger State.,4,1552577655,NGA,Violence against civilians,Attack
4993872,566,NIG871,871,28 May 2002,2002,exact date,Battles,Armed clash,Fulani Ethnic Militia (Nigeria),Pastoralists (Nigeria),identity militias,Miango Ethnic Militia (Nigeria),,identity militias,communal militia vs communal militia,Western Africa,Nigeria,Plateau,Jos North,,Jos,9.9285002,8.8921003,high,Reuters News,International,Five are dead in a ethnic clash between Fulanis and Miangos in Jos.,5,1552577655,NGA,Battles,Armed clash
4993877,566,NIG870,870,27 May 2002,2002,exact date,Violence against civilians,Attack,Police Forces of Nigeria (1999-2015),,state forces,Civilians (Nigeria),,civilians,military vs civilians,Western Africa,Nigeria,Kebbi,Suru,,Suru,11.924,4.1822,medium,Africa News,Regional,Police shoot and kill three in Kebbi in order to avert a riot between APP and PDP supporters.,3,1552577655,NGA,Violence against civilians,Attack
4993932,566,NIG866,866,22 May 2002,2002,exact date,Violence against civilians,Attack,Police Forces of Nigeria (1999-2015),,state forces,Civilians (Nigeria),,civilians,military vs civilians,Western Africa,Nigeria,Lagos,Lagos Island,,Lagos,6.4531002,3.3958001,high,Africa News,Regional,Police kill seven armed robbers in Lagos City,7,1552577655,NGA,Violence against civilians,Attack
4993933,566,NIG868,868,22 May 2002,2002,exact date,Violence against civilians,Attack,Unidentified Armed Group (Nigeria),,political militias,Civilians (Nigeria),,civilians,political militia vs civilians,Western Africa,Nigeria,Lagos,Lagos Island,,Lagos,6.4531002,3.3958001,high,Africa News,Regional,Armed men attack a luxury bus in Lagos City and kill seven on board.,7,1552577655,NGA,Violence against civilians,Attack
4993941,566,NIG867,867,22 May 2002,2002,exact date,Violence against civilians,Attack,Police Forces of Nigeria (1999-2015),,state forces,Civilians (Nigeria),,civilians,military vs civilians,Western Africa,Nigeria,Delta,Warri South,,Warri,5.5166998,5.75,high,Africa News,Regional,Four armed robbers were killed by police following a long period of terror by the group.,4,1552577655,NGA,Violence against civilians,Attack
4993948,566,NIG865,865,21 May 2002,2002,within week,Violence against civilians,Attack,Unidentified Armed Group (Nigeria),,political militias,Civilians (Nigeria),,civilians,political militia vs civilians,Western Africa,Nigeria,Lagos,Lagos Island,,Lagos,6.4531002,3.3958001,high,Africa News,Regional,A prominent pop dancer was attacked by an armed gang in Lagos City.,0,1552577655,NGA,Violence against civilians,Attack
4993967,566,NIG864,864,18 May 2002,2002,within week,Violence against civilians,Attack,Unidentified Armed Group (Nigeria),,political militias,Civilians (Nigeria),,civilians,political militia vs civilians,Western Africa,Nigeria,Adamawa,Girei,,Jimeta,9.2833004,12.4667,high,Africa News,Regional,Two civilians were killed my armed men in Jimeta,2,1552577655,NGA,Violence against civilians,Attack
4994045,566,NIG863,863,11 May 2002,2002,exact date,Violence against civilians,Attack,Unidentified Armed Group (Nigeria),,political militias,Civilians (Nigeria),,civilians,political militia vs civilians,Western Africa,Nigeria,Oyo,Ibadan North West,,Ibadan,7.3878002,3.8964,high,All Africa,Regional,Attackers target the home of Senator Yemi Brimmo-Yusuf (PDP),0,1552577655,NGA,Violence against civilians,Attack
4994064,566,NIG862,862,09 May 2002,2002,exact date,Riots,Violent demonstration,Rioters (Nigeria),,rioters,,,0,sole rioter action,Western Africa,Nigeria,Oyo,Atisbo,,Owo,8.4167004,3.3666999,high,All Africa,Regional,Two are dead following a 500 person protest turned riot over the detention of several incarcerated persons.,2,1552577655,NGA,Riots,Violent demonstration
4994092,566,NIG860,860,06 May 2002,2002,exact date,Violence against civilians,Attack,Unidentified Armed Group (Nigeria),,political militias,Civilians (Nigeria),,civilians,political militia vs civilians,Western Africa,Nigeria,Federal Capital Territory,Abuja Municipal,,Abuja,9.0832996,7.5332999,high,Agence France Presse,International,Governor Abdulkadir Kure,0,1552577656,NGA,Violence against civilians,Attack
4994338,566,NIG858,858,10 April 2002,2002,exact date,Battles,Armed clash,Muslim Militia (Nigeria),,identity militias,Christian Militia (Nigeria),,identity militias,communal militia vs communal militia,Western Africa,Nigeria,Plateau,Jos North,,Jos,9.9285002,8.8921003,high,Reuters News,International,At least ten are dead the two churches burned as Muslims and Christians dispute over missing cattle.,10,1552577656,NGA,Battles,Armed clash
4994370,566,NIG856,856,07 April 2002,2002,exact date,Violence against civilians,Attack,PDP: Peoples Democratic Party,,political militias,Civilians (Nigeria),,civilians,political militia vs civilians,Western Africa,Nigeria,Kwara,Ilorin East,,Illorin,8.5,4.5500002,high,All Africa,Regional,A former civilian governor of Kwara State,0,1552577656,NGA,Violence against civilians,Attack
4994371,566,NIG857,857,07 April 2002,2002,exact date,Violence against civilians,Attack,Unidentified Armed Group (Nigeria),,political militias,Civilians (Nigeria),,civilians,political militia vs civilians,Western Africa,Nigeria,Kano,Ungogo,,Ungogo,12.0917,8.4953003,high,All Africa,Regional,A six year old boy was killed by cultists in Kano in a ritualistic fashion.,6,1552577656,NGA,Violence against civilians,Attack
4994407,566,NIG855,855,05 April 2002,2002,exact date,Battles,Armed clash,PDP: Peoples Democratic Party,,political militias,ANPP: All Nigeria Peoples Party,,political militias,political militia vs political militia,Western Africa,Nigeria,Kano,Kano Municipal,,Kano,11.9702,8.5044003,high,Africa News,Regional,PDP supporters of Major General Muhammadu Buhari attack ANPP Vice President Atiku Abubakars convoy.,0,1552577656,NGA,Battles,Armed clash
4994547,566,NIG854,854,27 March 2002,2002,exact date,Riots,Mob violence,Rioters (Nigeria),Ojobo Ethnic Group (Nigeria),rioters,Rioters (Nigeria),Ojobo Ethnic Group (Nigeria),rioters,rioters vs rioters,Western Africa,Nigeria,Delta,Burutu,,Burutu,5.3509002,5.5075998,high,Reuters News,International,30 are feared dead following infighting for leadership of the Ojobo community over oil in Delta State.,30,1552577656,NGA,Riots,Mob violence
4994595,566,NIG853,853,22 March 2002,2002,exact date,Violence against civilians,Attack,Unidentified Armed Group (Nigeria),,political militias,Civilians (Nigeria),,civilians,political militia vs civilians,Western Africa,Nigeria,Lagos,Lagos Island,,Lagos,6.4531002,3.3958001,high,Africa News,Regional,"Four armed men attack the editor of """"The News""""",0,1552577656,NGA,Violence against civilians,Attack
4994660,566,NIG852,852,18 March 2002,2002,exact date,Battles,Armed clash,Unidentified Armed Group (Nigeria),,political militias,Police Forces of Nigeria (1999-2015),,state forces,military vs political militia,Western Africa,Nigeria,Lagos,Lagos Island,,Lagos,6.4531002,3.3958001,high,Africa News,Regional,11 are dead following a clash between armed men and police in Lagos City.,11,1552577656,NGA,Battles,Armed clash
4994687,566,NIG851,851,16 March 2002,2002,exact date,Violence against civilians,Attack,Unidentified Armed Group (Nigeria),,political militias,Civilians (Nigeria),,civilians,political militia vs civilians,Western Africa,Nigeria,Lagos,Agege,,Agege,6.6142998,3.3243999,high,All Africa,Regional,An armed group kills three in Agege,3,1552577656,NGA,Violence against civilians,Attack
4994733,566,NIG850,850,15 March 2002,2002,within month,Riots,Violent demonstration,Rioters (Nigeria),Students (Nigeria),rioters,,,0,sole rioter action,Western Africa,Nigeria,Borno,Maiduguri,,Maiduguri,11.8464,13.1603,high,Daily Trust,National,"Students of Government College, Maiduguri, burned down part of their school in a riot in March. The students responsible were levyied between 2,000 and 3,000 Naira.",0,1552577656,NGA,Riots,Violent demonstration
4994743,566,NIG848,848,14 March 2002,2002,exact date,Violence against civilians,Attack,Black Axe Student Militia,,political militias,Civilians (Nigeria),,civilians,political militia vs civilians,Western Africa,Nigeria,Benue,Makurdi,,Makurdi,7.7410998,8.5121002,high,Agence France Presse,International,"Eight students are murdered by a group known as """"Black Axe""""""",8,1552577656,NGA,Violence against civilians,Attack
4994753,566,NIG849,849,14 March 2002,2002,exact date,Riots,Violent demonstration,Rioters (Nigeria),,rioters,Police Forces of Nigeria (1999-2015),,state forces,military vs rioters,Western Africa,Nigeria,Enugu,Enugu North,,Enugu,6.4425998,7.5022001,high,All Africa,Regional,Police in Enugu shoot and kill two students in order to quell a protest turned riot.,2,1552577656,NGA,Riots,Violent demonstration
4994836,566,NIG846,846,09 March 2002,2002,exact date,Violence against civilians,Attack,Bakassi Boys Militia,,political militias,Civilians (Nigeria),,civilians,political militia vs civilians,Western Africa,Nigeria,Anambra,Onitsha North,,Onitsha,6.1454,6.7884998,high,Agence France Presse,International,The group known as the Bakassi Boys silenced a high profile critic of the militia by killing him in his automobile.,1,1552577656,NGA,Violence against civilians,Attack
4994895,566,NIG844,844,07 March 2002,2002,exact date,Battles,Armed clash,Unidentified Armed Group (Nigeria),,political militias,Police Forces of Nigeria (1999-2015),,state forces,military vs political militia,Western Africa,Nigeria,Ondo,Ondo West,,Ondo,7.0932002,4.8353,low,All Africa,Regional,A violent group lost five of its members when police retaliated at a Ondo State School.,5,1552577657,NGA,Battles,Armed clash
4994924,566,NIG843,843,05 March 2002,2002,exact date,Battles,Armed clash,Police Forces of Nigeria (1999-2015),,state forces,Ijaw Ethnic Militia (Nigeria),,identity militias,military vs communal militia,Western Africa,Nigeria,Rivers,Port-Harcourt,,Port Harcourt,4.7774,7.0134001,high,Reuters News,International,Police in Port Harcourt battle members of the Ijaw community outside the offices of the Agip Oil Company,0,1552577657,NGA,Battles,Armed clash
4994961,566,NIG842,842,03 March 2002,2002,exact date,Violence against civilians,Attack,Unidentified Armed Group (Nigeria),,political militias,Civilians (Nigeria),,civilians,political militia vs civilians,Western Africa,Nigeria,Ogun,Shagamu,,Shagamu,6.8432002,3.6478,high,Xinhua News,International,Armed men kill 10 in busses outside Shagamu,10,1552577657,NGA,Violence against civilians,Attack
4995000,566,NIG841,841,01 March 2002,2002,exact date,Riots,Violent demonstration,Rioters (Nigeria),,rioters,,,0,sole rioter action,Western Africa,Nigeria,Jigawa,Auyo,,Hadejia,12.4498,10.0444,high,All Africa,Regional,Rioting youths,0,1552577657,NGA,Riots,Violent demonstration
4995068,566,NIG840,840,25 February 2002,2002,exact date,Violence against civilians,Attack,Unidentified Armed Group (Nigeria),,political militias,Civilians (Nigeria),,civilians,political militia vs civilians,Western Africa,Nigeria,Borno,Hawul,,Azare,10.4414,12.1193,medium,Daily Trust,National,"Armed man shot and killed a Borno State village head; the men, believed to be on an assassination mission, attacked the residence of the village head on Monday, forced him out and shot him to death.",1,1552577657,NGA,Violence against civilians,Attack
4995074,566,NIG839,839,25 February 2002,2002,exact date,Battles,Armed clash,Unidentified Armed Group (Nigeria),,political militias,Police Forces of Nigeria (1999-2015),Military Forces of Nigeria (1999-2015),state forces,military vs political militia,Western Africa,Nigeria,Lagos,Lagos Island,,Lagos,6.4531002,3.3958001,high,All Africa,Regional,Armed robbers kill a Naval Officer and two police during a gun battle in Lagos.,3,1552577657,NGA,Battles,Armed clash
4995104,566,NIG835,835,20 February 2002,2002,exact date,Violence against civilians,Attack,Police Forces of Nigeria (1999-2015),,state forces,Civilians (Nigeria),,civilians,military vs civilians,Western Africa,Nigeria,Delta,Ukwuani,,Obiaruku Quarters,5.8467002,6.1525998,high,Agence France Presse,International,At least 15 civilian youths were killed in an apparent revenge attack by police.,15,1552577657,NGA,Violence against civilians,Attack
5183400,566,NIG837,837,20 February 2002,2002,within month,Battles,Armed clash,Unidentified Armed Group (Chad),Unidentified Armed Group (Nigeria),political militias,Police Forces of Nigeria (1999-2015),,state forces,military vs political militia,Western Africa,Nigeria,Adamawa,Yola North,,Yola,9.1999998,12.4833,low,Xinhua; News Agency of Nigeria,International,"More than 85 people, including 17 policemen, have been killed by trans-border militants in northeastern Nigeria. The cross-border crimes were committed by suspected Chadian rebels and Nigerian gangs during the day particularly along major routes linking northeastern states of Borno, Yobe, Adamawa, Gombe, Bauchi and Jigawa.",14,1558387849,NGA,Battles,Armed clash
4995105,566,NIG838,838,20 February 2002,2002,exact date,Battles,Armed clash,Unidentified Armed Group (Nigeria),,political militias,Police Forces of Nigeria (1999-2015),,state forces,military vs political militia,Western Africa,Nigeria,Lagos,Oshodi-Isolo,,Oshodi,6.5581999,3.3466001,high,All Africa,Regional,Armed robbers kill four police in Oshodi,4,1552577657,NGA,Battles,Armed clash
4995103,566,NIG836,836,20 February 2002,2002,exact date,Battles,Armed clash,Unidentified Armed Group (Nigeria),,political militias,Police Forces of Nigeria (1999-2015),,state forces,military vs political militia,Western Africa,Nigeria,Lagos,Lagos Island,,Lagos,6.4531002,3.3958001,high,Xinhua News,International,Eight police are killed by robbers in Lagos,8,1552577657,NGA,Battles,Armed clash
5183401,566,NIG834,834,19 February 2002,2002,within month,Battles,Armed clash,Unidentified Armed Group (Chad),Unidentified Armed Group (Nigeria),political militias,Police Forces of Nigeria (1999-2015),,state forces,military vs political militia,Western Africa,Nigeria,Borno,Kukawa,,Kukawa,12.9234,13.5606,medium,Xinhua; News Agency of Nigeria,International,"More than 85 people, including 17 policemen, have been killed by trans-border militants in northeastern Nigeria. The cross-border crimes were committed by suspected Chadian rebels and Nigerian gangs during the day particularly along major routes linking northeastern states of Borno, Yobe, Adamawa, Gombe, Bauchi and Jigawa.",14,1558387849,NGA,Battles,Armed clash
4995120,566,NIG833,833,18 February 2002,2002,within month,Battles,Armed clash,Unidentified Armed Group (Chad),Unidentified Armed Group (Nigeria),political militias,Police Forces of Nigeria (1999-2015),,state forces,military vs political militia,Western Africa,Nigeria,Jigawa,Dutse,,Dutse,11.7594,9.3392,low,Xinhua; News Agency of Nigeria,International,"More than 85 people, including 17 policemen, have been killed by trans-border militants in northeastern Nigeria. The cross-border crimes were committed by suspected Chadian rebels and Nigerian gangs during the day particularly along major routes linking northeastern states of Borno, Yobe, Adamawa, Gombe, Bauchi and Jigawa.",14,1552577657,NGA,Battles,Armed clash
5183402,566,NIG832,832,17 February 2002,2002,within month,Battles,Armed clash,Unidentified Armed Group (Chad),Unidentified Armed Group (Nigeria),political militias,Police Forces of Nigeria (1999-2015),,state forces,military vs political militia,Western Africa,Nigeria,Yobe,Damaturu,,Damaturu,11.747,11.9608,low,Xinhua; News Agency of Nigeria,International,"More than 85 people, including 17 policemen, have been killed by trans-border militants in northeastern Nigeria. The cross-border crimes were committed by suspected Chadian rebels and Nigerian gangs during the day particularly along major routes linking northeastern states of Borno, Yobe, Adamawa, Gombe, Bauchi and Jigawa.",14,1558387849,NGA,Battles,Armed clash
4995164,566,NIG831,831,16 February 2002,2002,within month,Battles,Armed clash,Unidentified Armed Group (Chad),Unidentified Armed Group (Nigeria),political militias,Police Forces of Nigeria (1999-2015),,state forces,military vs political militia,Western Africa,Nigeria,Bauchi,Bauchi,,Bauchi,10.3134,9.8432999,low,Xinhua; News Agency of Nigeria,International,"More than 85 people, including 17 policemen, have been killed by trans-border militants in northeastern Nigeria. The cross-border crimes were committed by suspected Chadian rebels and Nigerian gangs during the day particularly along major routes linking northeastern states of Borno, Yobe, Adamawa, Gombe, Bauchi and Jigawa.",14,1552577657,NGA,Battles,Armed clash
4995193,566,NIG830,830,15 February 2002,2002,within month,Battles,Armed clash,Unidentified Armed Group (Chad),Unidentified Armed Group (Nigeria),political militias,Police Forces of Nigeria (1999-2015),,state forces,military vs political militia,Western Africa,Nigeria,Borno,Maiduguri,,Maiduguri,11.8464,13.1603,low,Xinhua; News Agency of Nigeria,International,"More than 85 people, including 17 policemen, have been killed by trans-border militants in northeastern Nigeria. The cross-border crimes were committed by suspected Chadian rebels and Nigerian gangs during the day particularly along major routes linking northeastern states of Borno, Yobe, Adamawa, Gombe, Bauchi and Jigawa.",15,1552577657,NGA,Battles,Armed clash
4995237,566,NIG829,829,12 February 2002,2002,exact date,Violence against civilians,Attack,Unidentified Armed Group (Nigeria),,political militias,Civilians (Nigeria),,civilians,political militia vs civilians,Western Africa,Nigeria,Lagos,Lagos Island,,Lagos,6.4531002,3.3958001,high,All Africa,Regional,"An unknown armed robber storms into a Lagos City bank and kills six.""",6,1552577657,NGA,Violence against civilians,Attack
4995240,566,NIG828,828,11 February 2002,2002,exact date,Violence against civilians,Attack,Unidentified Armed Group (Nigeria),,political militias,Civilians (Nigeria),,civilians,political militia vs civilians,Western Africa,Nigeria,Plateau,Jos North,,Jos,9.9285002,8.8921003,high,Xinhua News,International,Two Nigerian government officials were attacked and killed by unknown men in Jos.,2,1552577657,NGA,Violence against civilians,Attack
4995325,566,NIG825,825,05 February 2002,2002,exact date,Riots,Mob violence,Rioters (Nigeria),PDP: Peoples Democratic Party,rioters,Rioters (Nigeria),PDP: Peoples Democratic Party,rioters,rioters vs rioters,Western Africa,Nigeria,Plateau,Jos North,,Jos,9.9285002,8.8921003,high,Associated Press Newswires,International,Infighting among supporters of the PDP leads to violence and death in Jos following an election.,0,1552577657,NGA,Riots,Mob violence
4995307,566,NIG826,826,05 February 2002,2002,exact date,Battles,Armed clash,Fulani Ethnic Militia (Nigeria),Pastoralists (Nigeria),identity militias,Unidentified Ethnic Militia (Nigeria),,identity militias,communal militia vs communal militia,Western Africa,Nigeria,Plateau,Jos North,,Jos,9.9285002,8.8921003,high,Africa News,Regional,20 were killed when Fulani cattle ranchers clashed with regional farmers in Jos following a land dispute.,20,1552577657,NGA,Battles,Armed clash
4995323,566,NIG827,827,05 February 2002,2002,exact date,Riots,Mob violence,Rioters (Nigeria),PDP: Peoples Democratic Party,rioters,Rioters (Nigeria),PDP: Peoples Democratic Party,rioters,rioters vs rioters,Western Africa,Nigeria,Plateau,Jos North,,Jos,9.9285002,8.8921003,high,Panafrican News Agency,Regional,Factions of the PDP battle in Jos over political movements.,0,1552577657,NGA,Riots,Mob violence
4995362,566,NIG824,824,02 February 2002,2002,within week,Battles,Armed clash,Yoruba Ethnic Militia (Nigeria),,identity militias,Hausa Ethnic Militia (Nigeria),,identity militias,communal militia vs communal militia,Western Africa,Nigeria,Lagos,Mushin,,Mushin,6.5263,3.3571,high,Reuters News,International,Ethnic fighting erupts in Mushin,0,1552577657,NGA,Battles,Armed clash
4995418,566,NIG823,823,29 January 2002,2002,exact date,Explosions/Remote violence,Remote explosive/landmine/IED,Unidentified Armed Group (Nigeria),,political militias,Civilians (Nigeria),,civilians,political militia vs civilians,Western Africa,Nigeria,Lagos,Lagos Island,,Lagos,6.4531002,3.3958001,high,West Africa 4,Regional,"An unknown group detonates an explosive in at the Ikeja military armory killing many surrounding the facility.""",0,1552577657,NGA,Explosions/Remote violence,Remote explosive/landmine/IED
4995451,566,NIG822,822,25 January 2002,2002,exact date,Riots,Mob violence,Rioters (Nigeria),,rioters,Police Forces of Nigeria (1999-2015),,state forces,military vs rioters,Western Africa,Nigeria,Federal Capital Territory,Abuja Municipal,,Abuja,9.0832996,7.5332999,high,Reuters News,International,Police open fire on a crowd of rioters in Abuja,0,1552577657,NGA,Riots,Mob violence
4995503,566,NIG821,821,21 January 2002,2002,exact date,Riots,Violent demonstration,Rioters (Nigeria),,rioters,,,0,sole rioter action,Western Africa,Nigeria,Katsina,Danja,,Danja,11.3764,7.5625,high,Reuters News,International,Rioters in Danja,0,1552577657,NGA,Riots,Violent demonstration
4995548,566,NIG819,819,16 January 2002,2002,exact date,Riots,Violent demonstration,Rioters (Nigeria),,rioters,Police Forces of Nigeria (1999-2015),,state forces,military vs rioters,Western Africa,Nigeria,Lagos,Lagos Island,,Lagos,6.4531002,3.3958001,high,Associated Press Newswires,International,Police in Lagos City attempt to break up rioting oil labor strikers. This strike comes at the heels of a Presidential order not to do so.,0,1552577657,NGA,Riots,Violent demonstration
4995581,566,NIG818,818,14 January 2002,2002,exact date,Battles,Armed clash,OPC: Oodua Peoples Congress,,political militias,Owo Communal Militia (Nigeria),,identity militias,political militia vs communal militia,Western Africa,Nigeria,Ondo,Akoko North West,,Arigidi,7.5718002,5.7969999,high,All Africa,Regional,36 are dead following an ethnic conflict Ondo State.,36,1552577657,NGA,Battles,Armed clash
4995648,566,NIG817,817,11 January 2002,2002,exact date,Battles,Armed clash,PDP: Peoples Democratic Party,,political militias,AD: Alliance for Democracy,,political militias,political militia vs political militia,Western Africa,Nigeria,Delta,Uvwie,,Effurun,5.5545998,5.7862,high,All Africa,Regional,Two reported dead when PDP and AD militias clash in Effurun.,2,1552577658,NGA,Battles,Armed clash
4995762,566,NIG816,816,02 January 2002,2002,exact date,Battles,Armed clash,OPC: Oodua Peoples Congress,,political militias,Hausa Ethnic Militia (Nigeria),,identity militias,political militia vs communal militia,Western Africa,Nigeria,Kwara,Asa,,Adabata,8.5166998,4.3667002,high,AP Reuters,International,The Yoruba based OPC officially declare war on the Hausa in a suburb of Lagos.,0,1552577658,NGA,Battles,Armed clash
4995793,566,NIG813,813,01 January 2002,2002,exact date,Violence against civilians,Attack,Hausa Ethnic Militia (Nigeria),Fulani Ethnic Militia (Nigeria),identity militias,Civilians (Nigeria),,civilians,communal militia vs civilians,Western Africa,Nigeria,Plateau,Jos North,,Jos,9.9285002,8.8921003,high,Reuters News,International,Ethnic militants attack and kill civilians in Jos,0,1552577658,NGA,Violence against civilians,Attack
4995797,566,NIG815,815,01 January 2002,2002,within week,Riots,Mob violence,Rioters (Nigeria),,rioters,Police Forces of Nigeria (1999-2015),,state forces,military vs rioters,Western Africa,Nigeria,Akwa Ibom,Abak,,Abak,4.9797001,7.7916999,high,All Africa,Regional,Rioting youths storm a police station in Abak over an alleged killing.,0,1552577658,NGA,Riots,Mob violence
4995792,566,NIG814,814,01 January 2002,2002,within week,Battles,Armed clash,Mambilla Ethnic Militia (Nigeria),,identity militias,Fulani Ethnic Militia (Nigeria),Pastoralists (Nigeria),identity militias,communal militia vs communal militia,Western Africa,Nigeria,Taraba,Sardauna,,Gembu,6.6999998,11.2667,high,Xinhua News,International,50 are killed when ethnic groups clash in Gembu over the period of a week.,50,1552577658,NGA,Battles,Armed clash
