data_id,iso,event_id_cnty,event_id_no_cnty,event_date,year,time_precision,event_type,sub_event_type,actor1,assoc_actor_1,inter1,actor2,assoc_actor_2,inter2,interaction,region,country,admin1,admin2,admin3,location,latitude,longitude,geo_precision,source,source_scale,notes,fatalities,timestamp,iso3,event_code,subevent_code
5003588,566,NIG518,518,31 December 1999,1999,exact date,Violence against civilians,Attack,OPC: Oodua Peoples Congress,,political militias,Civilians (Nigeria),,civilians,political militia vs civilians,Western Africa,Nigeria,Lagos,Mushin,,Mushin,6.5263,3.3571,high,Agence France Presse,International,Vigilante OPC mob kills 5 suspected robbers,5,1552577666,NGA,Violence against civilians,Attack
5003598,566,NIG517,517,30 December 1999,1999,exact date,Battles,Armed clash,AD: Alliance for Democracy,,political militias,Mutiny of AD: Alliance for Democracy,,political militias,political militia vs political militia,Western Africa,Nigeria,Federal Capital Territory,Abuja Municipal,,Abuja,9.0832996,7.5332999,high,All Africa,Regional,Violence erupts between rival fractions of the AD try to take control of their local office.,0,1552577666,NGA,Battles,Armed clash
5003701,566,NIG516,516,21 December 1999,1999,exact date,Protests,Protest with intervention,Protesters (Nigeria),,protesters,Police Forces of Nigeria (1999-2015),,state forces,military vs protesters,Western Africa,Nigeria,Federal Capital Territory,Abuja Municipal,,Abuja,9.0832996,7.5332999,high,Agence France Presse,International,Nigerian police Tuesday used teargas to disperse thousands of workers who attempted to march to President Olusegun Obasanjos official residence to protest plans to end subsidies holding down fuel prices,0,1552577666,NGA,Protests,Protest with intervention
5003727,566,NIG515,515,20 December 1999,1999,exact date,Strategic developments,Looting/property destruction,Muslim Militia (Nigeria),,identity militias,,,0,sole communal militia action,Western Africa,Nigeria,Kwara,Ilorin East,,Illorin,8.5,4.5500002,high,Reuters News,International,Property destuction: Islamic extremists destroy 14 Christian churches following the adoption of Islamic law to the state.,0,1552577667,NGA,Strategic developments,Looting/property destruction
5003756,566,NIG514,514,16 December 1999,1999,exact date,Protests,Peaceful protest,Protesters (Nigeria),NLC: Nigeria Labour Congress,protesters,,,0,sole protester action,Western Africa,Nigeria,Lagos,Lagos Island,,Lagos,6.4531002,3.3958001,high,P.M. News,Subnational,1000s protested the planned hike in fuel price billed to take off next year at the Lagos state house,0,1552577667,NGA,Protests,Peaceful protest
5181338,566,NIG513,513,14 December 1999,1999,exact date,Protests,Peaceful protest,Protesters (Nigeria),,protesters,,,0,sole protester action,Western Africa,Nigeria,Rivers,Eleme,,Alode,4.7849998,7.1244001,high,P.M. News,Subnational,Hundreds of women and youths from Alode blocked the only access road to the Port Harcourt Refinery Company (PHRC) to protest against alleged kidnap of four of their women,0,1557850486,NGA,Protests,Peaceful protest
5003800,566,NIG512,512,14 December 1999,1999,exact date,Violence against civilians,Attack,Unidentified Armed Group (Nigeria),,political militias,Civilians (Nigeria),,civilians,political militia vs civilians,Western Africa,Nigeria,Lagos,Lagos Island,,Lagos,6.4531002,3.3958001,high,Agence France Presse,International,"Around 100 armed youths suspected to belong to a radical OPC faction killed one man when they attacked the Best Hope hospital run by medical doctor Frederick Fasheun, leader of the more moderate faction of the Yoruba nationalist group the Oodua Peoples Congress (OPC)",1,1552577667,NGA,Violence against civilians,Attack
5003805,566,NIG511,511,13 December 1999,1999,exact date,Violence against civilians,Attack,OPC: Oodua Peoples Congress,,political militias,Civilians (Nigeria),Government of Nigeria (2015-),civilians,political militia vs civilians,Western Africa,Nigeria,Lagos,Lagos Island,,Lagos,6.4531002,3.3958001,high,Reuters News,International,The governor of the city of Lagos narrowly survived an attack by OPC militants when his convoy was attacked.,0,1552577667,NGA,Violence against civilians,Attack
5003847,566,NIG510,510,08 December 1999,1999,within week,Violence against civilians,Attack,Unidentified Armed Group (Nigeria),,political militias,Civilians (Nigeria),,civilians,political militia vs civilians,Western Africa,Nigeria,Lagos,Ajeromi-Ifelodun,,Ajegunle,6.4568,3.3415,high,P.M. News,Subnational,"Vigilante mob kills 2 men accused of being robbers in Lagos slum, site of recent unrest",2,1552577667,NGA,Violence against civilians,Attack
5003860,566,NIG508,508,06 December 1999,1999,exact date,Protests,Peaceful protest,Protesters (Nigeria),,protesters,,,0,sole protester action,Western Africa,Nigeria,Lagos,Oshodi-Isolo,,Isolo,6.5292001,3.3217001,high,P.M. News,Subnational,Landlords and residents of Isolo protest the long period of blackout by NEPA (electric company) in the area,0,1552577667,NGA,Protests,Peaceful protest
5003861,566,NIG509,509,06 December 1999,1999,exact date,Violence against civilians,Abduction/forced disappearance,Opobo Youths Federation Militia,,political militias,Civilians (International),,civilians,political militia vs civilians,Western Africa,Nigeria,Akwa Ibom,Ikot Abasi,,Opobo,4.5647998,7.5478001,high,P.M. News,Subnational,Opobo youth briefly held 11 foreigners employed by the Boskalis Westminster Dredging Company Limited while attempting to further talks on a local employment quota and Environmental Impact Assessment,0,1552577667,NGA,Violence against civilians,Abduction/forced disappearance
5003883,566,NIG507,507,04 December 1999,1999,exact date,Battles,Armed clash,Ijaw Ethnic Militia (Nigeria),,identity militias,Military Forces of Nigeria (1999-2015),,state forces,military vs communal militia,Western Africa,Nigeria,Delta,Warri South,,Warri,5.5166998,5.75,high,Dow Jones International News; P.M. News,International,Twelve are killed in a battle between the Ijaw militia and the military as the Army and Navy conducted a house-to-house sweep for weapons in Warri.,12,1552577667,NGA,Battles,Armed clash
5003891,566,NIG506,506,03 December 1999,1999,exact date,Battles,Armed clash,Campus Cult Militia,The Eiye Confraternity,political militias,Campus Cult Militia,Black Axe Student Militia,political militias,political militia vs political militia,Western Africa,Nigeria,Lagos,Ojo,,Ojo,6.4538002,3.2059,high,Associated Press,International,two students killed in a clash between two campus cults,2,1552577667,NGA,Battles,Armed clash
5003897,566,NIG505,505,02 December 1999,1999,exact date,Battles,Armed clash,Unidentified Armed Group (Nigeria),,political militias,Unidentified Armed Group (Nigeria),,political militias,political militia vs political militia,Western Africa,Nigeria,Lagos,Lagos Island,,Lagos,6.4531002,3.3958001,high,Agence France Presse,International,Eight people were killed following a violent clash between residents of a Lagos shantytown and a gang of bus drivers angry at the the murder of one of their number,8,1552577667,NGA,Battles,Armed clash
5003953,566,NIG504,504,27 November 1999,1999,exact date,Violence against civilians,Attack,Unidentified Armed Group (Nigeria),,political militias,Civilians (Nigeria),,civilians,political militia vs civilians,Western Africa,Nigeria,Benue,Makurdi,,Makurdi,7.7410998,8.5121002,low,All Africa,Regional,Unidentified persons shoot and kill the former military governor on Benue State,1,1552577667,NGA,Violence against civilians,Attack
5003962,566,NIG503,503,26 November 1999,1999,exact date,Battles,Armed clash,Yoruba Ethnic Militia (Nigeria),,identity militias,Hausa Ethnic Militia (Nigeria),,identity militias,communal militia vs communal militia,Western Africa,Nigeria,Lagos,Epe,,Ketu,6.6348,3.8805001,high,Dow Jones International News; Agence France Presse,International,Between 80 and 90 are killed in a suburban Lagos clash between Yorubas and Hausas due to continuing unrest of President Obasanjo inauguration earlier this year.,80,1552577667,NGA,Battles,Armed clash
5003975,566,NIG502,502,25 November 1999,1999,exact date,Battles,Armed clash,Ijaw Ethnic Militia (Nigeria),,identity militias,Military Forces of Nigeria (1999-2015),,state forces,military vs communal militia,Western Africa,Nigeria,Bayelsa,Kolokuma/Opokuma,,Odi,5.1738,6.2997999,high,All Africa,Regional,Three soldiers are killed by members of the Ijaw militia after they laid ambush upon them.,3,1552577667,NGA,Battles,Armed clash
5003974,566,NIG501,501,25 November 1999,1999,exact date,Battles,Armed clash,Yoruba Ethnic Militia (Nigeria),,identity militias,Hausa Ethnic Militia (Nigeria),,identity militias,communal militia vs communal militia,Western Africa,Nigeria,Lagos,Lagos Island,,Lagos,6.4531002,3.3958001,high,Reuters News,International,Twenty seven are killed in ethnic clashes between Yorubas and Hausas militias which was sparked for unknown reasons.,27,1552577667,NGA,Battles,Armed clash
5003984,566,NIG500,500,24 November 1999,1999,within week,Battles,Armed clash,Ijaw Ethnic Militia (Nigeria),,identity militias,Military Forces of Nigeria (1999-2015),,state forces,military vs communal militia,Western Africa,Nigeria,Bayelsa,Kolokuma/Opokuma,,Odi,5.1738,6.2997999,high,P.M. News,Subnational,Fighting continues in Bayelsa State with reports that hundreds of people may have been killed in the fighting,100,1552577667,NGA,Battles,Armed clash
5004038,566,NIG499,499,22 November 1999,1999,exact date,Battles,Armed clash,Ijaw Ethnic Militia (Nigeria),,identity militias,Military Forces of Nigeria (1999-2015),,state forces,military vs communal militia,Western Africa,Nigeria,Bayelsa,Sagbama,,Niger Delta,4.8333001,6,medium,Reuters News,International,Seven soldiers are killed in a military offensive against a Ijaw militia hideout.,7,1552577667,NGA,Battles,Armed clash
5004063,566,NIG496,496,20 November 1999,1999,within week,Protests,Peaceful protest,Protesters (Nigeria),NLC: Nigeria Labour Congress,protesters,,,0,sole protester action,Western Africa,Nigeria,Enugu,Enugu North,,Enugu,6.4425998,7.5022001,high,The Guardian,National,"Over 10,000 workers of the Enugu State government took to the streets at the weekend to protest downsizing",0,1552577667,NGA,Protests,Peaceful protest
5004064,566,NIG498,498,20 November 1999,1999,exact date,Violence against civilians,Attack,Military Forces of Nigeria (1999-2015),,state forces,Civilians (Nigeria),,civilians,military vs civilians,Western Africa,Nigeria,Bayelsa,Kolokuma/Opokuma,,Odi,5.1738,6.2997999,high,Human Rights Watch,Other,"soldiers deployed to Odi systematically destroyed the village over the next two weeks, leaving only three buildings undamaged. At least several dozen unarmed civilians were killed",24,1552577667,NGA,Violence against civilians,Attack
5004068,566,NIG497,497,20 November 1999,1999,exact date,Violence against civilians,Abduction/forced disappearance,Ijaw Ethnic Militia (Nigeria),,identity militias,Civilians (Nigeria),,civilians,communal militia vs civilians,Western Africa,Nigeria,Delta,Uvwie,,Enerhe,5.5339999,5.7877002,high,The Guardian,National,"Armed youths, suspected to be Ijaws November stormed the offices of Delcon Engineering Co Ltd at Sedeco Engineering Co Ltd, at Enerhe, near Warri and kidnapped the companys managing director because the company had not hired ""their people""",0,1552577667,NGA,Violence against civilians,Abduction/forced disappearance
5004076,566,NIG495,495,19 November 1999,1999,exact date,Battles,Armed clash,Unidentified Armed Group (Nigeria),,political militias,Unidentified Armed Group (Nigeria),,political militias,political militia vs political militia,Western Africa,Nigeria,Rivers,Port-Harcourt,,Port Harcourt,4.7774,7.0134001,high,P.M. News,Subnational,Close to 15 people were killed Friday in clashes between rival factions of a dockworkers union at Port Harcourt,12,1552577667,NGA,Battles,Armed clash
5004075,566,NIG494,494,19 November 1999,1999,exact date,Battles,Armed clash,Unidentified Armed Group (Nigeria),,political militias,Military Forces of Nigeria (1999-2015),,state forces,military vs political militia,Western Africa,Nigeria,Bayelsa,Kolokuma/Opokuma,,Odi,5.1738,6.2997999,high,Associated Press,International,"Government officials said 43 people had died, 8 of them soldiers since 2,000 soldiers were deployed to restore order in the oil-rich Niger Delta Friday",43,1552577667,NGA,Battles,Armed clash
5004088,566,NIG493,493,17 November 1999,1999,exact date,Riots,Violent demonstration,Rioters (Nigeria),,rioters,Police Forces of Nigeria (1999-2015),,state forces,military vs rioters,Western Africa,Nigeria,Lagos,Lagos Island,,Lagos,6.4531002,3.3958001,high,Reuters News,International,Police are forced to use teargas on a group of rioters screaming abuse as late dictator Sani Abachas son made a second court appearance on murder charges.,0,1552577667,NGA,Riots,Violent demonstration
5004096,566,NIG491,491,16 November 1999,1999,exact date,Battles,Armed clash,Kolama Ethnic Militia (Nigeria),,identity militias,Akassa Ethnic Militia (Nigeria),,identity militias,communal militia vs communal militia,Western Africa,Nigeria,Bayelsa,Southern Ijaw,,Fishtown River,4.4129,5.8439002,high,Reuters News,International,Clashes erupted between two long-standing hostile communities disputing a region in southern Nigeria close to where Texaco Inc pumps 50,0,1552577667,NGA,Battles,Armed clash
5004094,566,NIG492,492,16 November 1999,1999,exact date,Battles,Armed clash,Oleh Ethnic Militia (Nigeria),,identity militias,Olomoro Ethnic Militia (Nigeria),,identity militias,communal militia vs communal militia,Western Africa,Nigeria,Osun,Ejigbo,,Isoko,7.9166999,4.2832999,high,Reuters News,International,Fifty are dead in fighting between two southern Nigerian communities over pipes donated by an oil firm hoping to foster better relations.,50,1552577667,NGA,Battles,Armed clash
5004104,566,NIG490,490,15 November 1999,1999,within month,Battles,Armed clash,Koluama Communal Militia (Nigeria),,identity militias,Deleugbene Communal Militia (Nigeria),,identity militias,communal militia vs communal militia,Western Africa,Nigeria,Bayelsa,Brass,,Brass,4.3151002,6.2417998,medium,Punch,National,"At least 15 people were killed and two villages razed in communal clashes over ""royalties"" for fishing rights over a month",15,1552577667,NGA,Battles,Armed clash
5004134,566,NIG489,489,13 November 1999,1999,exact date,Battles,Armed clash,Ijaw Ethnic Militia (Nigeria),,identity militias,Itsekiri Ethnic Militia (Nigeria),,identity militias,communal militia vs communal militia,Western Africa,Nigeria,Delta,Warri South,,Warri,5.5166998,5.75,medium,Agence France Presse,International,18 Itsekiris died when their boat was attacked by people suspected to be members of the rival Ijaw community on the Benin river,18,1552577667,NGA,Battles,Armed clash
5004154,566,NIG488,488,11 November 1999,1999,exact date,Riots,Mob violence,Rioters (Nigeria),,rioters,Civilians (Nigeria),Yoruba Ethnic Group (Nigeria); Muslim Group (Nigeria),civilians,rioters vs civilians,Western Africa,Nigeria,Rivers,Port-Harcourt,,Port Harcourt,4.7774,7.0134001,high,P.M. News,Subnational,youths attacked the Victoria Street Mosque where the Chief Imam is Yoruba,0,1552577667,NGA,Riots,Mob violence
5004167,566,NIG487,487,10 November 1999,1999,within week,Battles,Armed clash,Unidentified Armed Group (Nigeria),,political militias,Police Forces of Nigeria (1999-2015),,state forces,military vs political militia,Western Africa,Nigeria,Bayelsa,Kolokuma/Opokuma,,Odi,5.1738,6.2997999,high,Agence France Presse,International,Militant youths in Odi have killed five more police officers over three days following an attack that killed seven on the 18th of Nov. The youths are demanding of a greater share of oil profits in the region.,5,1552577667,NGA,Battles,Armed clash
5004176,566,NIG486,486,09 November 1999,1999,exact date,Riots,Violent demonstration,Rioters (Nigeria),,rioters,,,0,sole rioter action,Western Africa,Nigeria,Lagos,Lagos Island,,Lagos,6.4531002,3.3958001,high,All Africa,Regional,Three are dead when bus driver strikers incite a violent uprising in Lagos.,3,1552577667,NGA,Riots,Violent demonstration
5004183,566,NIG485,485,08 November 1999,1999,exact date,Violence against civilians,Abduction/forced disappearance,Unidentified Armed Group (Nigeria),,political militias,Civilians (International),,civilians,political militia vs civilians,Western Africa,Nigeria,Delta,Warri South,,Warri,5.5166998,5.75,high,The Daily Mirror,National,Two British oil workers were kidnapped,0,1552577667,NGA,Violence against civilians,Abduction/forced disappearance
5004181,566,NIG484,484,08 November 1999,1999,exact date,Battles,Armed clash,Unidentified Armed Group (Nigeria),,political militias,Police Forces of Nigeria (1999-2015),,state forces,military vs political militia,Western Africa,Nigeria,Bayelsa,Kolokuma/Opokuma,,Odi,5.1738,6.2997999,high,Reuters News,International,Militant youths in Odi kill seven police over a demand of a greater share of oil profits in the region.,7,1552577667,NGA,Battles,Armed clash
5004190,566,NIG483,483,07 November 1999,1999,exact date,Battles,Armed clash,Ijaw Ethnic Militia (Nigeria),,identity militias,Police Forces of Nigeria (1999-2015),,state forces,military vs communal militia,Western Africa,Nigeria,Lagos,Lagos Island,,Lagos,6.4531002,3.3958001,high,Reuters News; Xinhua News,International,Ijaw militants seize seven police who where of Yoruba ethnic decent. They were later killed,7,1552577667,NGA,Battles,Armed clash
5004215,566,NIG482,482,04 November 1999,1999,exact date,Riots,Violent demonstration,Rioters (Nigeria),,rioters,,,0,sole rioter action,Western Africa,Nigeria,Akwa Ibom,Eket,,Eket,4.6412001,7.9208999,high,The Oil Daily,Other,Rioters attempted to overtake a Mobil oil facility because the company dropped a local soccer team as a sponsor.,0,1552577667,NGA,Riots,Violent demonstration
5004229,566,NIG480,480,03 November 1999,1999,exact date,Battles,Armed clash,OPC: Oodua Peoples Congress,Ijaw Ethnic Militia (Nigeria),political militias,Police Forces of Nigeria (1999-2015),,state forces,military vs political militia,Western Africa,Nigeria,Lagos,Amuwo-Odofin,,Amuwo,6.4699001,3.2958,high,P.M. News; Agence France Press,Subnational-international,"7 killed in continued violence in Lagos slum between members of the Oodua Peoples Congress (OPC), a militant Yoruba group, and Ijaws. 4 killed including 2 police officers",2,1552577667,NGA,Battles,Armed clash
5004230,566,NIG481,481,03 November 1999,1999,exact date,Battles,Armed clash,OPC: Oodua Peoples Congress,Yoruba Ethnic Militia (Nigeria),political militias,Ijaw Ethnic Militia (Nigeria),,identity militias,political militia vs communal militia,Western Africa,Nigeria,Lagos,Amuwo-Odofin,,Amuwo,6.4699001,3.2958,high,P.M. News; Agence France Press,Subnational-international,"7 killed in continued violence in Lagos slum between members of the Oodua Peoples Congress (OPC), a militant Yoruba group, and Ijaws. 4 killed including 2 police officers",5,1552577667,NGA,Battles,Armed clash
5004240,566,NIG479,479,02 November 1999,1999,exact date,Battles,Armed clash,Yoruba Ethnic Militia (Nigeria),OPC: Oodua Peoples Congress,identity militias,Ijaw Ethnic Militia (Nigeria),,identity militias,communal militia vs communal militia,Western Africa,Nigeria,Lagos,Ajeromi-Ifelodun,,Ajegunle,6.4568,3.3415,high,Agence France Presse,International,12 killed following communal clashes between local Yorubas of President Olusegun Obasanjos tribe and immigrant ethnic Ijaws from the oil-producing Niger-Delta in a Lagos slum,12,1552577667,NGA,Battles,Armed clash
5004251,566,NIG478,478,01 November 1999,1999,exact date,Protests,Peaceful protest,Protesters (Nigeria),CAN: Christian Association of Nigeria,protesters,,,0,sole protester action,Western Africa,Nigeria,Kaduna,Kaduna North,,Kaduna,10.5222,7.4383001,high,Xinhua News,International,"Thousands of residents protested against the adoption of sharia, an islamic legal system, in zamfara state, in a protest organized by the Christian Association of Nigeria",0,1552577667,NGA,Protests,Peaceful protest
5004276,566,NIG476,476,30 October 1999,1999,within week,Battles,Armed clash,Ijaw Ethnic Militia (Nigeria),,identity militias,Ilajes Ethnic Militia (Nigeria),,identity militias,communal militia vs communal militia,Western Africa,Nigeria,Lagos,Lagos Island,,Lagos,6.4531002,3.3958001,high,All Africa,Regional,Fifteen are killed when Ijaw and Ilajes clash in the Ajegule of Lagos after battle is sparked by disruption of a Ijaw funeral service.,15,1552577667,NGA,Battles,Armed clash
5004278,566,NIG475,475,30 October 1999,1999,within week,Violence against civilians,Abduction/forced disappearance,Ijaw Ethnic Militia (Nigeria),,identity militias,Civilians (Nigeria),Civilians (International),civilians,communal militia vs civilians,Western Africa,Nigeria,Delta,Warri South,,Warri,5.5166998,5.75,medium,Agence France Presse,International,Militant Ijaw youths seized a Shell helicopter and took five crew members and passengers hostage,0,1552577667,NGA,Violence against civilians,Abduction/forced disappearance
5004275,566,NIG477,477,30 October 1999,1999,exact date,Battles,Armed clash,OPC: Oodua Peoples Congress,Yoruba Ethnic Militia (Nigeria),political militias,Ijaw Ethnic Militia (Nigeria),,identity militias,political militia vs communal militia,Western Africa,Nigeria,Lagos,Ajeromi-Ifelodun,,Ajegunle,6.4568,3.3415,high,Agence France Presse; The Guardian,National-international,"members of the Oodua Peoples Congress (OPC), a militant Yoruba group, allegedly attacked some Ijaw youths at a funeral, setting off communal clashes. Ijas youths proceeded to set to set the OPC headquarters on fire",0,1552577667,NGA,Battles,Armed clash
5004291,566,NIG474,474,28 October 1999,1999,exact date,Protests,Excessive force against protesters,Police Forces of Nigeria (1999-2015),,state forces,Protesters (Nigeria),Choba Ethnic Group (Nigeria),protesters,military vs protesters,Western Africa,Nigeria,Rivers,Port-Harcourt,,Port Harcourt,4.7774,7.0134001,high,Reuters News; Human Rights Watch,Other-international,Police shoot and kill four protesters trying stop the operations at a oil facility and raped a number of women in the communitie,4,1552577667,NGA,Protests,Excessive force against protesters
5004333,566,NIG473,473,25 October 1999,1999,exact date,Battles,Armed clash,Kuteb Ethnic Militia (Nigeria),,identity militias,Jukun Ethnic Militia (Nigeria),,identity militias,communal militia vs communal militia,Western Africa,Nigeria,Taraba,Jalingo,,Jalingo,8.8832998,11.3667,low,All Africa,Regional,Kuteb and Jukun ethnic militias clash in Taraba State.,0,1552577667,NGA,Battles,Armed clash
5004521,566,NIG472,472,06 October 1999,1999,exact date,Battles,Armed clash,Ijaw Ethnic Militia (Nigeria),Urhobo Ethnic Militia (Nigeria),identity militias,Itsekiri Ethnic Militia (Nigeria),,identity militias,communal militia vs communal militia,Western Africa,Nigeria,Bayelsa,Sagbama,,Niger Delta,4.8333001,6,medium,Reuters News,International,Five were killed as the Ijaw/Urhobo militia battled rival Itsekri militia 70 km outside of Warri.,5,1552577667,NGA,Battles,Armed clash
5004622,566,NIG471,471,28 September 1999,1999,exact date,Battles,Armed clash,Ijaw Ethnic Militia (Nigeria),,identity militias,Ilajes Ethnic Militia (Nigeria),,identity militias,communal militia vs communal militia,Western Africa,Nigeria,Bayelsa,Sagbama,,Niger Delta,4.8333001,6,medium,Reuters News,International,Twenty die in a renewed clash between Ijaws and Ilajes over a portion of oil producing land.,20,1552577667,NGA,Battles,Armed clash
5004684,566,NIG470,470,23 September 1999,1999,exact date,Violence against civilians,Attack,Unidentified Armed Group (Nigeria),,political militias,Civilians (Nigeria),,civilians,political militia vs civilians,Western Africa,Nigeria,Lagos,Lagos Island,,Lagos,6.4531002,3.3958001,high,Reuters News,International,A vigilante mob killed seven alleged robbers with axes and clubs in a Lagos slum.,7,1552577668,NGA,Violence against civilians,Attack
5004704,566,NIG469,469,22 September 1999,1999,exact date,Protests,Peaceful protest,Protesters (Nigeria),,protesters,,,0,sole protester action,Western Africa,Nigeria,Lagos,Ikeja,,Ikeja,6.5942001,3.3375001,high,P.M. News,Subnational,"Okada riders protested the activities of the Vehicle Inspection Officers (VIO) in regards to expensive permits, insurance, helmets, and fines",0,1552577668,NGA,Protests,Peaceful protest
5004705,566,NIG468,468,22 September 1999,1999,exact date,Violence against civilians,Attack,Unidentified Armed Group (Nigeria),,political militias,Civilians (Nigeria),,civilians,political militia vs civilians,Western Africa,Nigeria,Lagos,Lagos Island,,Lagos,6.4531002,3.3958001,high,Agence France Presse,International,A vigilante mob burned and killed five robbers in Lagos,5,1552577668,NGA,Violence against civilians,Attack
5004717,566,NIG467,467,21 September 1999,1999,exact date,Protests,Peaceful protest,Protesters (Nigeria),,protesters,,,0,sole protester action,Western Africa,Nigeria,Rivers,Bonny,,Bonny,4.4521999,7.1680999,high,Reuters News,International,Protesters blockade a new liquefied natural gas plant on Bonny Island,0,1552577668,NGA,Protests,Peaceful protest
5004751,566,NIG466,466,18 September 1999,1999,within week,Battles,Armed clash,Police Forces of Nigeria (1999-2015) National Drug Law Enforcement Agency,,state forces,Unidentified Armed Group (Nigeria),,political militias,military vs political militia,Western Africa,Nigeria,Delta,Patani,,Patani,5.2272,6.1924,medium,Vanguard,National,"Armed youths attacked NDLEA National Drug Law Enforcement Agency officers on a drug raid in an Ijaw village, killing one, critically wounding 8",1,1552577668,NGA,Battles,Armed clash
5004775,566,NIG465,465,16 September 1999,1999,within week,Protests,Peaceful protest,Protesters (Nigeria),Students (Nigeria),protesters,,,0,sole protester action,Western Africa,Nigeria,Ogun,Abeokuta South,,Abeokuta,7.1500001,3.3499999,high,P.M. News,Subnational,"hundreds of students of the Ogun State University, Ago-Iwoye yesterday stormed the Ogun State House of Assembly, stormed the Benue State Government House calling for the removal from office of the institutions Vice- Chancellor",0,1552577668,NGA,Protests,Peaceful protest
5004816,566,NIG463,463,15 September 1999,1999,within month,Explosions/Remote violence,Remote explosive/landmine/IED,Unidentified Armed Group (Nigeria),,political militias,,,0,sole political militia action,Western Africa,Nigeria,Delta,Burutu,,Forcados River,5.3862,5.3207998,medium,Agence France Presse,International,Saboteurs used explosive to break a major crude oil pipeline,0,1552577668,NGA,Explosions/Remote violence,Remote explosive/landmine/IED
5004817,566,NIG464,464,15 September 1999,1999,exact date,Violence against civilians,Attack,Police Forces of Nigeria (1999-2015),,state forces,Civilians (Nigeria),,civilians,military vs civilians,Western Africa,Nigeria,Lagos,Ikeja,,Ikeja,6.5942001,3.3375001,high,P.M. News,Subnational,Members of the Rapid Response Squad detain and beat passenger at a roadblock after the driver did not pay a N20 bribe,0,1552577668,NGA,Violence against civilians,Attack
5004844,566,NIG462,462,12 September 1999,1999,exact date,Riots,Violent demonstration,Rioters (Nigeria),,rioters,Civilians (Nigeria),Government of Nigeria (1999-2015),civilians,rioters vs civilians,Western Africa,Nigeria,Borno,Maiduguri,,Maiduguri,11.8464,13.1603,high,P. M. News (Lagos),Subnational,"State SSG was beaten and stripped naked by aggrieved Borno State workers around Bolori roundabout, Maiduguri. The workers were marching from the state secretariat toward Government House on a peaceful demonstration to press home the need for the payment of the arrears of their salaries when the SSG ran into them unexpectedly.",0,1552577668,NGA,Riots,Violent demonstration
5004873,566,NIG460,460,10 September 1999,1999,exact date,Violence against civilians,Attack,Military Forces of Nigeria (1999-2015),,state forces,Civilians (Nigeria),Ijaw Ethnic Group (Nigeria),civilians,military vs civilians,Western Africa,Nigeria,Bayelsa,Yenegoa,,Yenagoa,4.9246998,6.2642002,high,Agence France Presse,International,Soldiers shot dead a youth in their custody Saturday after clashes between Ijaw youth and security personnel Friday,1,1552577668,NGA,Violence against civilians,Attack
5004872,566,NIG461,461,10 September 1999,1999,exact date,Battles,Armed clash,Shiite Muslim Militia (Nigeria),,identity militias,Sunni Muslim Militia (Nigeria),,identity militias,communal militia vs communal militia,Western Africa,Nigeria,Kaduna,Kaduna North,,Kaduna,10.5222,7.4383001,high,Reuters News,International,Four die in a clash between Islamic sects in Kaduna,4,1552577668,NGA,Battles,Armed clash
5004888,566,NIG457,457,09 September 1999,1999,exact date,Riots,Violent demonstration,Rioters (Nigeria),,rioters,,,0,sole rioter action,Western Africa,Nigeria,Lagos,Lagos Island,,Lagos,6.4531002,3.3958001,high,Reuters News,International,Ten are killed when dockworkers rioted in the Apapa district of Lagos due to a disagreement with customs officials.,10,1552577668,NGA,Riots,Violent demonstration
5004892,566,NIG459,459,09 September 1999,1999,exact date,Violence against civilians,Attack,Military Forces of Nigeria (1999-2015),,state forces,Civilians (Nigeria),,civilians,military vs civilians,Western Africa,Nigeria,Bayelsa,Yenegoa,,Yenagoa,4.9246998,6.2642002,high,Human Rights Watch,Other,Soldiers rampage the town after 3 soldiers are shot in a reprisal attack by Ijaw youths on a military post. Several tens of civilians were feared killed in indiscriminate retaliatory attacks,10,1552577668,NGA,Violence against civilians,Attack
5004891,566,NIG455,455,09 September 1999,1999,exact date,Battles,Armed clash,Ijaw Ethnic Militia (Nigeria),,identity militias,Police Forces of Nigeria (1999-2015),,state forces,military vs communal militia,Western Africa,Nigeria,Bayelsa,Yenegoa,,Yenagoa,4.9246998,6.2642002,high,Agence France Presse,International,1 killed after clashes between Ijaw youths who were holding local motorcycle operators in a sport center (allegedly to extort money) and security agents who arrived on the scene,1,1552577668,NGA,Battles,Armed clash
5004890,566,NIG454,454,09 September 1999,1999,exact date,Battles,Armed clash,Ijaw Ethnic Militia (Nigeria),,identity militias,Military Forces of Nigeria (1999-2015),,state forces,military vs communal militia,Western Africa,Nigeria,Bayelsa,Yenegoa,,Yenagoa,4.9246998,6.2642002,high,Agence France Presse,International,Soldiers rampage the town after 3 soldiers are shot in a reprisal attack by Ijaw youths on a military post. Fifteen youths were found dead from the fighting,15,1552577668,NGA,Battles,Armed clash
5004889,566,NIG453,453,09 September 1999,1999,exact date,Battles,Armed clash,Ijaw Ethnic Militia (Nigeria),,identity militias,Military Forces of Nigeria (1999-2015),,state forces,military vs communal militia,Western Africa,Nigeria,Bayelsa,Yenegoa,,Yenagoa,4.9246998,6.2642002,high,Agence France Presse,International,"Ijaw youths attack a military post outside Yenagoa in apparent reprisal for an earlier killing of an Ijaw youth, 3 soldiers shot, 2 died",2,1552577668,NGA,Battles,Armed clash
5004882,566,NIG458,458,09 September 1999,1999,exact date,Battles,Armed clash,Ukum Communal Militia (Nigeria),PDP: Peoples Democratic Party,identity militias,Chanchangi Communal Militia (Nigeria),APP: All Peoples Party,identity militias,communal militia vs communal militia,Western Africa,Nigeria,Taraba,Takum,,Ukum,7.3832998,10.1167,medium,P.M. News,Subnational,"at least 17 killed at Chanchangi village when about 100 Tiv youths from Ukum, Benue state aligned with PDP attacked Tivs in Chanchangi aligned with APP over a political dispute of who controls the market which is situated at the Benue/Taraba border",17,1552577668,NGA,Battles,Armed clash
5004881,566,NIG456,456,09 September 1999,1999,exact date,Battles,Armed clash,Hausa Ethnic Militia (Nigeria),,identity militias,Yoruba Ethnic Militia (Nigeria),,identity militias,communal militia vs communal militia,Western Africa,Nigeria,Federal Capital Territory,Abuja Municipal,,Abuja,9.0832996,7.5332999,high,Reuters News,International,Two were stabbed to death in a clash between ethnic militia over trade.,2,1552577668,NGA,Battles,Armed clash
5004989,566,NIG452,452,01 September 1999,1999,within week,Protests,Peaceful protest,Protesters (Nigeria),Students (Nigeria),protesters,,,0,sole protester action,Western Africa,Nigeria,Benue,Makurdi,,Makurdi,7.7410998,8.5121002,high,P.M. News,Subnational,"Over 3,000 students of the University of Agriculture, Makurdi, angered by the death of three students in a motor accident, stormed the Benue State Government House demanding for the immediate removal of their Vice-Chancellor",0,1552577668,NGA,Protests,Peaceful protest
5005081,566,NIG451,451,21 August 1999,1999,exact date,Riots,Violent demonstration,Rioters (Nigeria),Shiite Muslim Group (Nigeria),rioters,,,0,sole rioter action,Western Africa,Nigeria,Katsina,Katsina,,Katsina,12.9894,7.6005998,high,Reuters News,International,Shiite Muslims burn seven hotels in Katsina in protest the sale of alcohol therein.,0,1552577668,NGA,Riots,Violent demonstration
5005098,566,NIG450,450,20 August 1999,1999,exact date,Riots,Violent demonstration,Rioters (Nigeria),Students (Nigeria),rioters,,,0,sole rioter action,Western Africa,Nigeria,Osun,Osogbo,,Oshogbo,7.7666998,4.5667,high,Vanguard,National,students of Osun State Polytechnic demonstrating against the death of five of their colleagues in the hands of anti-riot policemen sacked workers of radio service station of Osun State Broadcasting Service,0,1552577668,NGA,Riots,Violent demonstration
5005103,566,NIG449,449,20 August 1999,1999,exact date,Protests,Excessive force against protesters,Police Forces of Nigeria (1999-2015),,state forces,Protesters (Nigeria),Students (Nigeria),protesters,military vs protesters,Western Africa,Nigeria,Osun,Aiyedade,,Gbongan,7.4667001,4.3499999,medium,Agence France Presse,International,At least six students were killed when police fired shots to disperse a demonstration at the Osun State Polytechnic,6,1552577668,NGA,Protests,Excessive force against protesters
5005136,566,NIG448,448,18 August 1999,1999,exact date,Violence against civilians,Attack,Unidentified Armed Group (Nigeria),,political militias,Civilians (Nigeria),,civilians,political militia vs civilians,Western Africa,Nigeria,Delta,Warri South,,Warri,5.5166998,5.75,high,The Oil Daily,Other,A group of armed youths attack the Texaco office in Warri after being denied jobs with the firm.,0,1552577668,NGA,Violence against civilians,Attack
5005137,566,NIG447,447,18 August 1999,1999,exact date,Violence against civilians,Attack,Ijaw Ethnic Militia (Nigeria),,identity militias,Civilians (Nigeria),,civilians,communal militia vs civilians,Western Africa,Nigeria,Bayelsa,Yenegoa,,Yenagoa,4.9246998,6.2642002,high,All Africa,Regional,A mob of Ijaw militia stormed the State House Assembly in Yenagoa,0,1552577668,NGA,Violence against civilians,Attack
5005217,566,NIG446,446,14 August 1999,1999,exact date,Battles,Armed clash,Ijaw Ethnic Militia (Nigeria),,identity militias,Military Forces of Nigeria (1999-2015),,state forces,military vs communal militia,Western Africa,Nigeria,Delta,Warri South,,Warri,5.5166998,5.75,high,Agence France Presse,International,One man was killed and several wounded in a shoot-out with soldiers when a group of Ijaw militants attacked the port area of Warri,1,1552577668,NGA,Battles,Armed clash
5005280,566,NIG444,444,10 August 1999,1999,exact date,Protests,Peaceful protest,Protesters (Nigeria),NLC: Nigeria Labour Congress,protesters,,,0,sole protester action,Western Africa,Nigeria,Federal Capital Territory,Abuja Municipal,,Abuja,9.0832996,7.5332999,high,Agence France Presse,International,"Three thousand trade unionists and public workers protested Tuesday outside the National Assembly over ""outrageous"" allowances proposed for lawmakers following their move to the capital",0,1552577668,NGA,Protests,Peaceful protest
5005281,566,NIG445,445,10 August 1999,1999,exact date,Protests,Peaceful protest,Protesters (Nigeria),Students (Nigeria),protesters,,,0,sole protester action,Western Africa,Nigeria,Oyo,Ibadan North West,,Ibadan,7.3878002,3.8964,high,P.M. News,Subnational,Students at the University of Ibadan protest hiked fees,0,1552577668,NGA,Protests,Peaceful protest
5005297,566,NIG443,443,09 August 1999,1999,exact date,Violence against civilians,Attack,Unidentified Armed Group (Niger),,political militias,Civilians (Nigeria),,civilians,political militia vs civilians,Western Africa,Nigeria,Lagos,Lagos Island,,Lagos,6.4531002,3.3958001,high,Reuters News,International,Twenty people were killed on a bus traveling between Lagos and Kaduna by robbers from Niger.,20,1552577668,NGA,Violence against civilians,Attack
5005312,566,NIG442,442,08 August 1999,1999,within week,Battles,Armed clash,Ijaw Ethnic Militia (Nigeria),,identity militias,Ilajes Ethnic Militia (Nigeria),,identity militias,communal militia vs communal militia,Western Africa,Nigeria,Ondo,Ilaje,,Oroto,6.0732999,4.8092999,medium,Agence France Presse,International,Many have been killed in continued fighting between the Ijaws and the Ilajaes ethnic communities,10,1552577668,NGA,Battles,Armed clash
5005370,566,NIG441,441,04 August 1999,1999,within week,Violence against civilians,Attack,Military Forces of Nigeria (1999-2015),,state forces,Civilians (Nigeria),,civilians,military vs civilians,Western Africa,Nigeria,Taraba,Jalingo,,Jalingo,8.8832998,11.3667,low,Reuters News,International,Nigerian soldiers killed 200 ethnic Kutebs in a reprisal attack on the community.,200,1552577668,NGA,Violence against civilians,Attack
5005407,566,NIG440,440,02 August 1999,1999,exact date,Protests,Peaceful protest,Protesters (Nigeria),RYC: Rumuokwurusi Youth Council,protesters,,,0,sole protester action,Western Africa,Nigeria,Rivers,Obia/Akpor,,Rumukoroshe,4.8509998,7.0486002,high,P.M. News,Subnational,"demonstrating youths numbering well over 500 acting under their umbrella body, Rumuokwurusi Youth Council (RYC) barricaded the naira gate of Shell Residential quarters along Aba/Port Harcourt express way and accused Shell of indifference to their welfare",0,1552577668,NGA,Protests,Peaceful protest
5005441,566,NIG439,439,31 July 1999,1999,within week,Battles,Armed clash,Ijaw Ethnic Militia (Nigeria),,identity militias,Ilajes Ethnic Militia (Nigeria),,identity militias,communal militia vs communal militia,Western Africa,Nigeria,Ondo,Ilaje,,Oroto,6.0732999,4.8092999,medium,Dow Jones International News,International,50 are killed in a land feud between the Ijaws and the Ilajaes ethnic communities.,50,1552577668,NGA,Battles,Armed clash
5005485,566,NIG438,438,28 July 1999,1999,exact date,Battles,Armed clash,Ijaw Ethnic Militia (Nigeria),,identity militias,Police Forces of Nigeria (1999-2015),,state forces,military vs communal militia,Western Africa,Nigeria,Lagos,Ajeromi-Ifelodun,,Ajegunle,6.4568,3.3415,high,P.M. News,Subnational,Ijaw youths attacked the Ajedunle police station but were repelled in a bid to forcibly effect the release of a kinsman held in a police custody,0,1552577669,NGA,Battles,Armed clash
5005495,566,NIG436,436,27 July 1999,1999,exact date,Violence against civilians,Attack,Unidentified Armed Group (Nigeria),,political militias,Civilians (Nigeria),,civilians,political militia vs civilians,Western Africa,Nigeria,Lagos,Eti-Osa,,Victoria Island,6.4281001,3.4219999,high,Post Express,National,"nigerian former minister of youth and sports, air commodore tony ikazohoh was gunned down in a suspected assassination",1,1552577669,NGA,Violence against civilians,Attack
5005503,566,NIG437,437,27 July 1999,1999,exact date,Battles,Armed clash,Ijaw Ethnic Militia (Nigeria),,identity militias,Ilajes Ethnic Militia (Nigeria),,identity militias,communal militia vs communal militia,Western Africa,Nigeria,Lagos,Ajeromi-Ifelodun,,Ajegunle,6.4568,3.3415,high,P.M. News,Subnational,at least five killed when Ijaw indigenes and their Ilaje counterparts clashed over the control of the riverine areas of the local government,5,1552577669,NGA,Battles,Armed clash
5005511,566,NIG435,435,26 July 1999,1999,within week,Battles,Armed clash,Aguleri Ethnic Militia (Nigeria),,identity militias,Umuleri Ethnic Militia (Nigeria),,identity militias,communal militia vs communal militia,Western Africa,Nigeria,Anambra,Anambra East,,Aguleri,6.3224001,6.8902001,medium,Business Day,International,120 are killed when the Aguleri and Umuleri communities clash in eastern Anambra State over a long-standing feud.,120,1552577669,NGA,Battles,Armed clash
5005519,566,NIG434,434,25 July 1999,1999,exact date,Riots,Mob violence,Rioters (Nigeria),Hausa Ethnic Group (Nigeria),rioters,Civilians (Nigeria),Yoruba Ethnic Group (Nigeria),civilians,rioters vs civilians,Western Africa,Nigeria,Kano,Kano Municipal,,Kano,12,8.5166998,high,Associated Press Worldstream;,International,Rioters attacked a Nigerian police post in the northern city of Kano where dozens of people were seeking shelter after several days of ethnic unrest in the city. Many reported dead in the clash and in a stampeded as those seeking shelter fled,10,1552577669,NGA,Riots,Mob violence
5005555,566,NIG433,433,22 July 1999,1999,exact date,Battles,Armed clash,Hausa Ethnic Militia (Nigeria),,identity militias,Yoruba Ethnic Militia (Nigeria),,identity militias,communal militia vs communal militia,Western Africa,Nigeria,Kano,Kano Municipal,,Kano,11.9702,8.5044003,high,Associated Press Worldstream; Agence France Press,International,Ethnic fighting spread to the northern city of Kano where Hausas feld to escape violence in Sagamu. Thirty were killed in the unrest,30,1552577669,NGA,Battles,Armed clash
5005554,566,NIG432,432,22 July 1999,1999,exact date,Riots,Violent demonstration,Rioters (Nigeria),Hausa Ethnic Group (Nigeria),rioters,Police Forces of Nigeria (1999-2015),,state forces,military vs rioters,Western Africa,Nigeria,Kano,Kano Municipal,,Kano,11.9702,8.5044003,high,Associated Press Worldstream;,International,Ethnic rioting spread to the northern city of Kano where Hausas feld to escape violence in Sagamu. Riot police used tear gas Thursday to disperse about 500 Hausa youths as they descended on a Yoruba area. Hausa youths threw stones at riot police.,0,1552577669,NGA,Riots,Violent demonstration
5005564,566,NIG431,431,20 July 1999,1999,exact date,Violence against civilians,Abduction/forced disappearance,Unidentified Armed Group (Nigeria),,political militias,Civilians (International),,civilians,political militia vs civilians,Western Africa,Nigeria,Bayelsa,Sagbama,,Niger Delta,4.8333001,6,medium,The Oil Daily,Other,Militants kidnap two Russian oil workers out the coast in the delta region.,0,1552577669,NGA,Violence against civilians,Abduction/forced disappearance
5005563,566,NIG430,430,20 July 1999,1999,exact date,Battles,Armed clash,Hausa Ethnic Militia (Nigeria),,identity militias,Yoruba Ethnic Militia (Nigeria),,identity militias,communal militia vs communal militia,Western Africa,Nigeria,Kano,Kano Municipal,,Kano,11.9702,8.5044003,high,Reuters News,International,On the heels of violence in Shagamu,0,1552577669,NGA,Battles,Armed clash
5005579,566,NIG429,429,19 July 1999,1999,exact date,Battles,Armed clash,Hausa Ethnic Militia (Nigeria),,identity militias,Yoruba Ethnic Militia (Nigeria),,identity militias,communal militia vs communal militia,Western Africa,Nigeria,Ogun,Shagamu,,Shagamu,6.8432002,3.6478,high,Agence France Presse; Associated Press,International,Ethnic violence continues in Shagamu. At least 36 have been killed in two days,18,1552577669,NGA,Battles,Armed clash
5005590,566,NIG428,428,18 July 1999,1999,exact date,Battles,Armed clash,Hausa Ethnic Militia (Nigeria),,identity militias,Yoruba Ethnic Militia (Nigeria),,identity militias,communal militia vs communal militia,Western Africa,Nigeria,Ogun,Shagamu,,Shagamu,6.8432002,3.6478,high,Xinhua News; Associated Press Worldstream,International,Ethnic violence erupts in Shagamu leaving at least 36 dead in 2 days,18,1552577669,NGA,Battles,Armed clash
5005673,566,NIG427,427,14 July 1999,1999,exact date,Violence against civilians,Attack,Unidentified Armed Group (Nigeria),,political militias,Civilians (Nigeria),,civilians,political militia vs civilians,Western Africa,Nigeria,Federal Capital Territory,Abuja Municipal,,Abuja,9.0832996,7.5332999,high,Xinhua News,International,"armed youths attacked senator waziri, former national chairman of the all people s party (app) in his home",0,1552577669,NGA,Violence against civilians,Attack
5005686,566,NIG426,426,13 July 1999,1999,exact date,Battles,Armed clash,Campus Cult Militia,,political militias,Police Forces of Nigeria (1999-2015),,state forces,military vs political militia,Western Africa,Nigeria,Osun,Osogbo,,Oshogbo,7.7666998,4.5667,high,Xinhua News,International,students of obafemi awolowo university stormed the state police headquarters osogbo and forcefully took away one of the cult suspects in police custody suspected in the killing of seven students,0,1552577669,NGA,Battles,Armed clash
5005706,566,NIG425,425,12 July 1999,1999,within week,Violence against civilians,Abduction/forced disappearance,Unidentified Armed Group (Nigeria),,political militias,Civilians (Nigeria),Civilians (International),civilians,political militia vs civilians,Western Africa,Nigeria,Delta,Isoko North,,Ozoro,5.5419002,6.2275,medium,PanAfrican News Agency,Regional,youths from Isokoland in the oil-rich Nigerian Niger Delta region have taken hostage 64 workers of Royal/Dutch Shell and seized a drilling rig,0,1552577669,NGA,Violence against civilians,Abduction/forced disappearance
5005711,566,NIG424,424,11 July 1999,1999,exact date,Riots,Mob violence,Rioters (Nigeria),Students (Nigeria); Vigilante Group (Nigeria),rioters,Civilians (Nigeria),,civilians,rioters vs civilians,Western Africa,Nigeria,Osun,Ife East,,Ife-Ife,7.4667001,4.5667,high,P.M. News,Subnational,"Taking the security of Obafemi Awolowo University into their own hands, students blockaded campus roads, rounded up suspected cult members, and interrogated and beat four students believed to have partaken in the dawn killings of seven students perpetrated by cult members",0,1552577669,NGA,Riots,Mob violence
5005726,566,NIG423,423,10 July 1999,1999,exact date,Violence against civilians,Attack,Unidentified Armed Group (Nigeria),,political militias,Civilians (Nigeria),,civilians,political militia vs civilians,Western Africa,Nigeria,Osun,Ife East,,Ife-Ife,7.4667001,4.5667,high,Xinhua News,International,Seven students of Obafemi Awolowo University were murdered by an armed group who invaded the school grounds.,7,1552577669,NGA,Violence against civilians,Attack
5005743,566,NIG422,422,08 July 1999,1999,exact date,Strategic developments,Other,Unidentified Armed Group (Nigeria),,political militias,,,0,sole political militia action,Western Africa,Nigeria,Rivers,Emohua,,Egbeda,5.2340999,6.7519002,high,Associated Press,International,Non-violent activity: Activists claimed to have captured and shut down 61 oil wells and a pipeline flow station operated by Shell Co. in an effort to pressure the government for development funds,0,1552577669,NGA,Strategic developments,Other
5005758,566,NIG421,421,07 July 1999,1999,exact date,Riots,Violent demonstration,Rioters (Nigeria),,rioters,,,0,sole rioter action,Western Africa,Nigeria,Lagos,Lagos Island,,Lagos,6.4531002,3.3958001,medium,P.M. News,Subnational,protesters set fire to a shrine in Lagos after members of a religious cult killed a Ghanian the night before,0,1552577669,NGA,Riots,Violent demonstration
5005766,566,NIG420,420,06 July 1999,1999,exact date,Protests,Peaceful protest,Protesters (Nigeria),,protesters,,,0,sole protester action,Western Africa,Nigeria,Rivers,Port-Harcourt,,Port Harcourt,4.7774,7.0134001,high,P.M. News,Subnational,wives of the junior workers of the security department of University of Port Harcourt staged a peaceful demonstration calling for the removal of the vice chancellor after the decision of the management to contract out some jobs hitherto handled by the junior workers,0,1552577669,NGA,Protests,Peaceful protest
5005784,566,NIG419,419,04 July 1999,1999,exact date,Riots,Violent demonstration,Rioters (Nigeria),,rioters,Police Forces of Nigeria (1993-1999),,state forces,military vs rioters,Western Africa,Nigeria,Taraba,Jalingo,,Jalingo,8.8832998,11.3667,high,Reuters News,International,Nigerian police used tear gas to break up a protest by stone-throwing and fire setting government workers demanding salary arrears in northern Taraba State.,0,1552577669,NGA,Riots,Violent demonstration
5181327,566,NIG418,418,29 June 1999,1999,exact date,Protests,Peaceful protest,Protesters (Nigeria),,protesters,,,0,sole protester action,Western Africa,Nigeria,Federal Capital Territory,Abuja Municipal,,Abuja,9.0832996,7.5332999,high,P.M. News,Subnational,"Protesters who claimed to be widows and orphans of the ethnic cleansing allegedly master minded by Gen. T.Y. Danjuma and his Chamba kinsmen in Taraba State, this morning stormed the National Assembly praying the legislators not to ratify Gen. Danjumas nomination as a minister",0,1557850486,NGA,Protests,Peaceful protest
5005847,566,NIG417,417,28 June 1999,1999,exact date,Violence against civilians,Attack,Unidentified Armed Group (Nigeria),,political militias,Civilians (Nigeria),,civilians,political militia vs civilians,Western Africa,Nigeria,Bayelsa,Southern Ijaw,,Oporoma,4.8046999,6.0788999,high,Reuters News,International,Three are killed when an armed group attacked a Bayelsa State village in an effort to free two local oil workers being held hostage there.,3,1552577669,NGA,Violence against civilians,Attack
5005860,566,NIG416,416,27 June 1999,1999,exact date,Violence against civilians,Abduction/forced disappearance,Ijaw Ethnic Militia (Nigeria),,identity militias,Civilians (International),,civilians,communal militia vs civilians,Western Africa,Nigeria,Delta,Isoko South,,Enwhe,5.3731999,6.1107001,high,Agence France Presse; Associated Press Worldstream,International,Two expatriate workers of a contractor firm working for Anglo-Dutch oil giant Shell have been taken hos-tage by a protesting group. An Ijaw militant group calling themselves Enough is Enough took responsibility and demanded ransom,0,1552577669,NGA,Violence against civilians,Abduction/forced disappearance
5005880,566,NIG415,415,26 June 1999,1999,exact date,Violence against civilians,Attack,Military Forces of Nigeria (1999-2015),,state forces,Civilians (Nigeria),,civilians,military vs civilians,Western Africa,Nigeria,Lagos,Agege,,Agege,6.6142998,3.3243999,medium,P.M. News,Subnational,A former Chief of Air Staff in company of some Air Force personnel violently dislodged some traders who he accused of encroaching on his land,0,1552577669,NGA,Violence against civilians,Attack
5005874,566,NIG414,414,26 June 1999,1999,exact date,Battles,Armed clash,Hausa Ethnic Militia (Nigeria),,identity militias,Fulani Ethnic Militia (Nigeria),Pastoralists (Nigeria),identity militias,communal militia vs communal militia,Western Africa,Nigeria,Oyo,Ibadan North West,,Ibadan,7.3878002,3.8964,medium,Xinhua News,International,Seven are dead in Ibadan following a clash between two rival ethnic militias spark.,7,1552577669,NGA,Battles,Armed clash
5005893,566,NIG413,413,24 June 1999,1999,exact date,Violence against civilians,Attack,Unidentified Armed Group (Nigeria),,political militias,Civilians (Nigeria),,civilians,political militia vs civilians,Western Africa,Nigeria,Anambra,Onitsha North,,Onitsha,6.1454,6.7884998,high,Agence France Presse,International,"deputy governor of Anambra was attacked near his home in Onitsha and an orderly sergeant, Joseph Ada was killed",1,1552577669,NGA,Violence against civilians,Attack
5183412,566,NIG412,412,21 June 1999,1999,exact date,Violence against civilians,Attack,Unidentified Armed Group (Chad),,political militias,Civilians (Nigeria),,civilians,political militia vs civilians,Western Africa,Nigeria,Adamawa,Yola North,,Yola,9.1999998,12.4833,low,Xinhua,International,"Militants allegedly from Chad, raided parts of Borno, Adamawa, Taraba and Plateau states in northeastern Nigeria, looting and inflicting injuries on a number of local inhabitants.",0,1558387849,NGA,Violence against civilians,Attack
5005931,566,NIG409,409,21 June 1999,1999,exact date,Violence against civilians,Attack,Unidentified Armed Group (Chad),,political militias,Civilians (Nigeria),,civilians,political militia vs civilians,Western Africa,Nigeria,Taraba,Jalingo,,Jalingo,8.8832998,11.3667,low,Xinhua,International,"Militants allegedly from Chad, raided parts of Borno, Adamawa, Taraba and Plateau states in northeastern Nigeria, looting and inflicting injuries on a number of local inhabitants.",0,1552577669,NGA,Violence against civilians,Attack
5005932,566,NIG410,410,21 June 1999,1999,exact date,Violence against civilians,Attack,Unidentified Armed Group (Chad),,political militias,Civilians (Nigeria),,civilians,political militia vs civilians,Western Africa,Nigeria,Plateau,Jos North,,Jos,9.9285002,8.8921003,low,Xinhua,International,"Militants allegedly from Chad, raided parts of Borno, Adamawa, Taraba and Plateau states in northeastern Nigeria, looting and inflicting injuries on a number of local inhabitants.",0,1552577669,NGA,Violence against civilians,Attack
5005933,566,NIG411,411,21 June 1999,1999,exact date,Violence against civilians,Attack,Unidentified Armed Group (Chad),,political militias,Civilians (Nigeria),,civilians,political militia vs civilians,Western Africa,Nigeria,Borno,Maiduguri,,Maiduguri,11.8464,13.1603,low,Xinhua,International,"Militants allegedly from Chad, raided parts of Borno, Adamawa, Taraba and Plateau states in northeastern Nigeria, looting and inflicting injuries on a number of local inhabitants.",0,1552577669,NGA,Violence against civilians,Attack
5005953,566,NIG407,407,19 June 1999,1999,exact date,Battles,Armed clash,Ijaw Ethnic Militia (Nigeria),,identity militias,Itsekiri Ethnic Militia (Nigeria),,identity militias,communal militia vs communal militia,Western Africa,Nigeria,Delta,Warri South West,,Kantu,5.4452,5.3504,high,Agence France Presse,International,five people killed in renewed communal clashes near warri when armed Ijaw youths Saturday attacked the Itsekiri town of Kantu,5,1552577669,NGA,Battles,Armed clash
5005955,566,NIG408,408,19 June 1999,1999,exact date,Battles,Armed clash,Police Forces of Nigeria (1999-2015),,state forces,OPC: Oodua Peoples Congress,,political militias,military vs political militia,Western Africa,Nigeria,Ogun,Ado-Odo/Ota,,Otta,6.6841002,3.2327001,high,P.M. News,Subnational,Police clashed with group of people believed to be members of the Oodua Peoples Congress (OPC) after they allegedly attacked the Otta Police Station. Five were killed.,5,1552577669,NGA,Battles,Armed clash
5005959,566,NIG403,403,18 June 1999,1999,within week,Violence against civilians,Attack,Unidentified Armed Group (Chad),,political militias,Civilians (Nigeria),,civilians,political militia vs civilians,Western Africa,Nigeria,Taraba,Jalingo,,Jalingo,8.8832998,11.3667,high,Agence France Presse; Xinhua News,International,100 feared killed in Taraba State as armed men from Chad in Niger attacked villages,100,1552577669,NGA,Violence against civilians,Attack
5005961,566,NIG404,404,18 June 1999,1999,exact date,Protests,Peaceful protest,Protesters (Nigeria),,protesters,,,0,sole protester action,Western Africa,Nigeria,Bayelsa,Sagbama,,Niger Delta,4.8333001,6,medium,Reuters News,International,Protesters force the Texaco Corporation to shut down six offshore oil platforms in the Delta as two of the platforms were boarded.,0,1552577669,NGA,Protests,Peaceful protest
5183413,566,NIG406,406,18 June 1999,1999,exact date,Violence against civilians,Attack,Udawa Ethnic Militia (Nigeria),Pastoralists (Nigeria),identity militias,Civilians (Nigeria),,civilians,communal militia vs civilians,Western Africa,Nigeria,Borno,Gwoza,,Gwoza,11.084,13.6925,high,IRIN News,Other,Armed Udawawa herdsmen were blamed for an attack on 18 June on villages in Gwoza local government area of northeast Borno State in which 13 people were killed and about 250 injured.,13,1558387849,NGA,Violence against civilians,Attack
5005960,566,NIG405,405,18 June 1999,1999,within week,Battles,Armed clash,Unidentified Armed Group (Chad),,political militias,Police Forces of Nigeria (1999-2015),,state forces,military vs political militia,Western Africa,Nigeria,Taraba,Jalingo,,Jalingo,8.8832998,11.3667,high,Xinhua News,International,3 Police were killed in Taraba State as armed men from Chad in Niger attacked a town.,3,1552577669,NGA,Battles,Armed clash
5005971,566,NIG402,402,16 June 1999,1999,exact date,Riots,Violent demonstration,Rioters (Nigeria),,rioters,,,0,sole rioter action,Western Africa,Nigeria,Delta,Warri South,,Warri,5.5166998,5.75,high,Agence France Presse,International,Nigerian police in Abuja used tear gas Wednesday to break up a rowdy demonstration by employees of the German-owned construction firm Julius Berge,0,1552577669,NGA,Riots,Violent demonstration
5006051,566,NIG401,401,14 June 1999,1999,exact date,Protests,Peaceful protest,Protesters (Nigeria),,protesters,,,0,sole protester action,Western Africa,Nigeria,Ondo,Ilaje,,Apata,6.0166998,4.8948002,medium,Nigerian National News,National,"Students at the Federal College of Agriculture, Animal Health and Production Technology protested conditions at their school and an ""unnecessary"" closure",0,1552577669,NGA,Protests,Peaceful protest
5006061,566,NIG400,400,13 June 1999,1999,exact date,Violence against civilians,Attack,Unidentified Armed Group (Nigeria),,political militias,Civilians (Nigeria),,civilians,political militia vs civilians,Western Africa,Nigeria,Lagos,Lagos Island,,Lagos,6.4531002,3.3958001,high,Reuters News,International,Vigilantes lynch five suspected robbers in Lagos.,5,1552577669,NGA,Violence against civilians,Attack
5006081,566,NIG399,399,10 June 1999,1999,exact date,Protests,Peaceful protest,Protesters (Nigeria),,protesters,,,0,sole protester action,Western Africa,Nigeria,Federal Capital Territory,Abuja Municipal,,Abuja,9.0832996,7.5332999,high,P.M. News,Subnational,"Hundreds of protesters expressed anger over the ministerial list which they said did not favour Abuja, accusing Obasanjo of seeking to promote Yoruba interests",0,1552577669,NGA,Protests,Peaceful protest
5006088,566,NIG398,398,09 June 1999,1999,within week,Protests,Peaceful protest,Protesters (Nigeria),Igbo Ethnic Group (Nigeria),protesters,,,0,sole protester action,Western Africa,Nigeria,Rivers,Port-Harcourt,,Port Harcourt,4.7774,7.0134001,high,P.M. News,Subnational,Over 400 angry Igbo watches and jewelry dealers protested outside the Government House in Port Harcourt protesting against the looting of their property and their wares by Ikwere youths,0,1552577669,NGA,Protests,Peaceful protest
5006115,566,NIG396,396,06 June 1999,1999,exact date,Battles,Armed clash,Ijaw Ethnic Militia (Nigeria),,identity militias,Itsekiri Ethnic Militia (Nigeria),,identity militias,communal militia vs communal militia,Western Africa,Nigeria,Delta,Warri South,,Warri,5.5166998,5.75,high,Agence France Presse,International,Communal violence continues in Warri with reports of gunfire and dozens of houses being torched Sunday night,3,1552577669,NGA,Battles,Armed clash
5006123,566,NIG394,394,05 June 1999,1999,within week,Violence against civilians,Attack,Unidentified Armed Group (Nigeria),,political militias,Civilians (Nigeria),,civilians,political militia vs civilians,Western Africa,Nigeria,Delta,Ethiope East,,Abraka,5.7902002,6.1047001,high,Agence France Presse,International,Police shot dead three members of a student gang after they broke in and killed the registrar of Delta State University and seriously injured his wife,1,1552577669,NGA,Violence against civilians,Attack
5006124,566,NIG395,395,05 June 1999,1999,exact date,Violence against civilians,Attack,Unidentified Armed Group (Nigeria),,political militias,Civilians (Nigeria),,civilians,political militia vs civilians,Western Africa,Nigeria,Kaduna,Kaduna North,,Kaduna,10.5222,7.4383001,high,All Africa,Regional,"Kazino Uzuazebe, human rights activist and lawyer was murdered in his home in Kaduna by the hands of unknown men.",1,1552577669,NGA,Violence against civilians,Attack
5006122,566,NIG393,393,05 June 1999,1999,within week,Battles,Armed clash,Unidentified Armed Group (Nigeria),,political militias,Police Forces of Nigeria (1999-2015),,state forces,military vs political militia,Western Africa,Nigeria,Delta,Ethiope East,,Abraka,5.7902002,6.1047001,high,Agence France Presse,International,Police shot dead three members of a student gang after they broke in and killed the registrar of Delta State University and seriously injured his wife,3,1552577669,NGA,Battles,Armed clash
5006130,566,NIG392,392,04 June 1999,1999,exact date,Battles,Armed clash,Urhobo Ethnic Militia (Nigeria),,identity militias,Itsekiri Ethnic Militia (Nigeria),,identity militias,communal militia vs communal militia,Western Africa,Nigeria,Delta,Warri South,,Warri,5.5166998,5.75,high,Reuters News,International,Seven are dead in Warri as the Urhobo ethnic militia attacked their Itsekiri rivals burning their houses.,7,1552577669,NGA,Battles,Armed clash
5006139,566,NIG391,391,03 June 1999,1999,exact date,Violence against civilians,Attack,Area Boys Militia,,political militias,Civilians (Nigeria),,civilians,political militia vs civilians,Western Africa,Nigeria,Lagos,Mushin,,Mushin,6.5263,3.3571,high,All Africa,Regional,"A group of the """"Area Boys"""" attack and critically injure a senior official of the (NDLEA) National Drug Law Enforcement Agency because they believed he was the thief.",0,1552577669,NGA,Violence against civilians,Attack
5006152,566,NIG390,390,02 June 1999,1999,within week,Violence against civilians,Attack,Unidentified Armed Group (Nigeria),,political militias,Civilians (Nigeria),,civilians,political militia vs civilians,Western Africa,Nigeria,Lagos,Lagos Island,,Lagos,6.4531002,3.3958001,high,P.M. News,Subnational,Vigilantes lynch ten suspected robbers in Lagos.,0,1552577669,NGA,Violence against civilians,Attack
5006153,566,NIG389,389,02 June 1999,1999,exact date,Battles,Armed clash,Ijaw Ethnic Militia (Nigeria),,identity militias,Itsekiri Ethnic Militia (Nigeria),,identity militias,communal militia vs communal militia,Western Africa,Nigeria,Delta,Warri South,,Warri,5.5166998,5.75,high,Agence France Presse,International,up to 200 feared killed in ongoing communal clashes in the past four days,150,1552577669,NGA,Battles,Armed clash
5006206,566,NIG388,388,30 May 1999,1999,exact date,Battles,Armed clash,Unidentified Armed Group (Nigeria),,political militias,Itsekiri Ethnic Militia (Nigeria),,identity militias,political militia vs communal militia,Western Africa,Nigeria,Delta,Warri South,,Warri,5.5166998,5.75,high,Reuters News,International,Militants killed 56 following an attack on a Itsekiri group in Warri.,56,1552577669,NGA,Battles,Armed clash
5006233,566,NIG387,387,27 May 1999,1999,exact date,Protests,Peaceful protest,Protesters (Nigeria),,protesters,,,0,sole protester action,Western Africa,Nigeria,Kaduna,Kaduna North,,Kaduna,10.5222,7.4383001,high,P.M. News,Subnational,"Retired soldiers recently marched to the State House, along Kawo, Kaduna, holding the governor and his deputy hostage for 20 minutes to protest against the non-payment of their pensions.",0,1552577669,NGA,Protests,Peaceful protest
5006234,566,NIG386,386,27 May 1999,1999,exact date,Battles,Armed clash,Kaningkon Ethnic Militia (Nigeria),,identity militias,Fansuwa Ethnic Militia (Nigeria),,identity militias,communal militia vs communal militia,Western Africa,Nigeria,Kaduna,Jema'a,,Kafanchan,9.5832996,8.3000002,high,Dow Jones International News,International,17 die in an ethnic tribal clash over the appointment of a traditional Muslim leader to the area.,17,1552577669,NGA,Battles,Armed clash
5006259,566,NIG385,385,25 May 1999,1999,exact date,Violence against civilians,Attack,Udu Ethnic Militia (Nigeria),Uvwie Ethnic Militia (Nigeria),identity militias,Civilians (Nigeria),,civilians,communal militia vs civilians,Western Africa,Nigeria,Delta,Warri South,,Warri,5.5166998,5.75,high,Xinhua News,International,Five are dead when allying ethnic militias force the traditional ruler from his palace to protest his alleged intention to supervise recruitment into an oil firm operating in the area.,5,1552577669,NGA,Violence against civilians,Attack
5006267,566,NIG384,384,24 May 1999,1999,exact date,Battles,Armed clash,Kafanchan Communal Militia (Nigeria),,identity militias,Fulani Ethnic Militia (Nigeria),Pastoralists (Nigeria),identity militias,communal militia vs communal militia,Western Africa,Nigeria,Kaduna,Jema'a,,Kafanchan,9.5832996,8.3000002,high,Reuters News,International,100 are dead in Kafanchan when a clash broke out over the installation Fulani Muslim rule of the area.,100,1552577669,NGA,Battles,Armed clash
5006277,566,NIG383,383,23 May 1999,1999,within week,Battles,Armed clash,Uvwie Ethnic Militia (Nigeria),,identity militias,Udu Ethnic Militia (Nigeria),,identity militias,communal militia vs communal militia,Western Africa,Nigeria,Delta,Uvwie,,Effurun,5.5545998,5.7862,high,The Guardian; Post Express,National,1 killed when youths from the rival Udu and Uvwie communities clashed over control of the Enerhen district of Effurun,1,1552577669,NGA,Battles,Armed clash
5006298,566,NIG382,382,22 May 1999,1999,exact date,Violence against civilians,Attack,Unidentified Armed Group (Nigeria),,political militias,Civilians (Nigeria),,civilians,political militia vs civilians,Western Africa,Nigeria,Kaduna,Jema'a,,Kafanchan,9.5832996,8.3000002,high,All Africa,Regional,An armed group sets fire to the home of the local ruler.,0,1552577669,NGA,Violence against civilians,Attack
5131628,566,NIG380,380,21 May 1999,1999,exact date,Protests,Peaceful protest,Protesters (Nigeria),,protesters,,,0,sole protester action,Western Africa,Nigeria,Lagos,Ikeja,,Ikeja,6.5942001,3.3375001,high,P.M. News,Subnational,Protests break out especially among commercial bus drivers over the killing of five people in two days by operation sweep officers,0,1555958740,NGA,Protests,Peaceful protest
5006324,566,NIG381,381,21 May 1999,1999,exact date,Violence against civilians,Attack,Military Forces of Nigeria (1993-1999),,state forces,Civilians (Nigeria),,civilians,military vs civilians,Western Africa,Nigeria,Lagos,Ikeja,,Ikeja,6.5942001,3.3375001,high,P.M. News,Subnational,men of the Lagos State crime-bursting outfit Operation Sweep killed another bus driver failed to pay a bribe,1,1552577670,NGA,Violence against civilians,Attack
5006339,566,NIG379,379,20 May 1999,1999,exact date,Violence against civilians,Attack,Military Forces of Nigeria (1993-1999),,state forces,Civilians (Nigeria),,civilians,military vs civilians,Western Africa,Nigeria,Lagos,Ikeja,,Ikeja,6.5942001,3.3375001,high,P.M. News,Subnational,men of the Lagos State crime-bursting outfit Operation Sweep shot dead four persons including the bus driver after he failed to pay a bribe,4,1552577670,NGA,Violence against civilians,Attack
5006356,566,NIG378,378,18 May 1999,1999,exact date,Riots,Violent demonstration,Rioters (Nigeria),,rioters,,,0,sole rioter action,Western Africa,Nigeria,Lagos,Lagos Island,,Lagos,6.4531002,3.3958001,high,Reuters News,International,Six die as a riot starts due to a false rumor that the President-elect Olusegun Obasanjo was dead.,6,1552577670,NGA,Riots,Violent demonstration
5006470,566,NIG377,377,12 May 1999,1999,within week,Riots,Violent demonstration,Rioters (Nigeria),,rioters,,,0,sole rioter action,Western Africa,Nigeria,Lagos,Epe,,Epe,6.5833001,3.9833,high,P.M. News,Subnational,students of both LACOPED and LASU rioted over increased bus fares,0,1552577670,NGA,Riots,Violent demonstration
5006474,566,NIG376,376,12 May 1999,1999,within week,Riots,Violent demonstration,Rioters (Nigeria),,rioters,,,0,sole rioter action,Western Africa,Nigeria,Lagos,Epe,,Epe,6.5833001,3.9833,high,P.M. News,Subnational,"rioting students of both LACOPED and LASU destroyed commercial buses and beat up their drivers protesting increased fares and, allegedly, the action of some drivers",0,1552577670,NGA,Riots,Violent demonstration
5006488,566,NIG375,375,11 May 1999,1999,exact date,Violence against civilians,Abduction/forced disappearance,Campus Cult Militia,,political militias,Civilians (Nigeria),Campus Cult Militia,civilians,political militia vs civilians,Western Africa,Nigeria,Edo,Oredo,,Benin City,6.3351002,5.6275001,high,The Guardian,National,Students from the university of benin angered by regular power cuts kidnapped three electricity company officials in eastern Nigeria,0,1552577670,NGA,Violence against civilians,Abduction/forced disappearance
5006526,566,NIG372,372,07 May 1999,1999,exact date,Battles,Armed clash,Ijaw Ethnic Militia (Nigeria),,identity militias,Itsekiri Ethnic Militia (Nigeria),,identity militias,communal militia vs communal militia,Western Africa,Nigeria,Delta,Warri South,,Warri,5.5166998,5.75,medium,Agence France Presse,International,Twelve people were killed Friday in communal violence,12,1552577670,NGA,Battles,Armed clash
5006519,566,NIG371,371,07 May 1999,1999,within week,Battles,Armed clash,Unidentified Armed Group (Nigeria),,political militias,Military Forces of Nigeria (1993-1999),,state forces,military vs political militia,Western Africa,Nigeria,Delta,Warri South,,Warri,5.5166998,5.75,medium,Agence France Presse,International,some 25 soldiers missing after their outfit was attacked by some 500 local youths,0,1552577670,NGA,Battles,Armed clash
5006527,566,NIG373,373,07 May 1999,1999,exact date,Battles,Armed clash,Ijaw Ethnic Militia (Nigeria),,identity militias,Itsekiri Ethnic Militia (Nigeria),,identity militias,communal militia vs communal militia,Western Africa,Nigeria,Delta,Warri South,,Warri,5.5166998,5.75,high,Reuters News,International,Twenty dead as rival ethnic militias clash in Warri.,20,1552577670,NGA,Battles,Armed clash
5006538,566,NIG370,370,06 May 1999,1999,exact date,Battles,Armed clash,Unidentified Armed Group (Nigeria),,political militias,Military Forces of Nigeria (1993-1999),,state forces,military vs political militia,Western Africa,Nigeria,Delta,Warri South,,Warri,5.5166998,5.75,high,All Africa,Regional,Three soldiers killed and five others kidnapped when their gunboat was attacked by a group of armed men.,3,1552577670,NGA,Battles,Armed clash
5006545,566,NIG369,369,06 May 1999,1999,exact date,Battles,Armed clash,Ijaw Ethnic Militia (Nigeria),Urhobo Ethnic Militia (Nigeria),identity militias,Itsekiri Ethnic Militia (Nigeria),,identity militias,communal militia vs communal militia,Western Africa,Nigeria,Delta,Warri South,,Warri,5.5166998,5.75,high,Reuters News,International,Four are dead in continuing clashes between ethnic groups in Warri.,4,1552577670,NGA,Battles,Armed clash
5006544,566,NIG368,368,06 May 1999,1999,exact date,Battles,Armed clash,Ijaw Ethnic Militia (Nigeria),,identity militias,Itsekiri Ethnic Militia (Nigeria),,identity militias,communal militia vs communal militia,Western Africa,Nigeria,Delta,Warri South,,Warri,5.5166998,5.75,medium,Associated Press,International,70-year-old women died when Ijaw youths sacked much of the small village of Poto. 10 died in violence on the 6th,3,1552577670,NGA,Battles,Armed clash
5006543,566,NIG367,367,06 May 1999,1999,exact date,Battles,Armed clash,Ijaw Ethnic Militia (Nigeria),,identity militias,Itsekiri Ethnic Militia (Nigeria),,identity militias,communal militia vs communal militia,Western Africa,Nigeria,Delta,Warri South,,Warri,5.5166998,5.75,medium,Associated Press,International,"18 river boatloads of Ijaw, armed with assault rifles stormed an Itsekiri village in retaliation for an earlier raid. 10 died in violence on the 6th",3,1552577670,NGA,Battles,Armed clash
5006552,566,NIG366,366,05 May 1999,1999,within week,Battles,Armed clash,Aguleri Ethnic Militia (Nigeria),,identity militias,Umuleri Ethnic Militia (Nigeria),,identity militias,communal militia vs communal militia,Western Africa,Nigeria,Anambra,Anambra East,,Aguleri,6.3224001,6.8902001,medium,The Daily Times,National,communal violence that began over a land dispute continued between two communities in Anambra state. 20 were killed this week.,20,1552577670,NGA,Battles,Armed clash
5006569,566,NIG364,364,04 May 1999,1999,exact date,Riots,Violent demonstration,Rioters (Nigeria),,rioters,,,0,sole rioter action,Western Africa,Nigeria,Oyo,Ibadan North West,,Ibadan,7.3878002,3.8964,high,Xinhua News,International,Rioting by students due to newly-introduced municipal fees causes the University of Ibadan to close indefinitely.,0,1552577670,NGA,Riots,Violent demonstration
5006570,566,NIG365,365,04 May 1999,1999,exact date,Battles,Armed clash,Unidentified Communal Militia (Nigeria),Pastoralists (Nigeria),identity militias,Unidentified Communal Militia (Nigeria),Farmers (Nigeria),identity militias,communal militia vs communal militia,Western Africa,Nigeria,Jigawa,Jahun,,Jahun,12.0741,9.6279001,low,All Africa,Regional,Three are dead following a clash between cattle herders and farmers over land usage.,3,1552577670,NGA,Battles,Armed clash
5006589,566,NIG363,363,02 May 1999,1999,exact date,Battles,Armed clash,Aguleri Ethnic Militia (Nigeria),,identity militias,Umuleri Ethnic Militia (Nigeria),,identity militias,communal militia vs communal militia,Western Africa,Nigeria,Anambra,Anambra East,,Aguleri,6.3224001,6.8902001,medium,Agence France Presse,International,Five people were killed in renewed communal clashes,5,1552577670,NGA,Battles,Armed clash
5006616,566,NIG362,362,01 May 1999,1999,exact date,Battles,Armed clash,Kirikasama Communal Militia (Nigeria),,identity militias,Fulani Ethnic Militia (Chad),Pastoralists (Chad),identity militias,communal militia vs communal militia,Western Africa,Nigeria,Jigawa,Kiri Kasamma,,Kiri Kasamma,12.6932,10.2551,high,Post Express,National,At least 10 people were killed and several others injured in three days of violent clashes at the Nigeri-an-Chadian border,3,1552577670,NGA,Battles,Armed clash
5006630,566,NIG360,360,30 April 1999,1999,exact date,Battles,Armed clash,Unidentified Armed Group (Niger),,political militias,Police Forces of Nigeria (1993-1999),,state forces,military vs political militia,Western Africa,Nigeria,Lagos,Lagos Island,,Lagos,6.4531002,3.3958001,high,Reuters News,International,A militant group from neighboring Niger Republic cross the border and kill a police officer and eight others.,9,1552577670,NGA,Battles,Armed clash
5006629,566,NIG361,361,30 April 1999,1999,exact date,Battles,Armed clash,Kirikasama Communal Militia (Nigeria),,identity militias,Fulani Ethnic Militia (Chad),Pastoralists (Chad),identity militias,communal militia vs communal militia,Western Africa,Nigeria,Jigawa,Kiri Kasamma,,Kiri Kasamma,12.6932,10.2551,high,Post Express,National,At least 10 people were killed and several others injured in three days of violent clashes at the Nigeri-an-Chadian border,3,1552577670,NGA,Battles,Armed clash
5006645,566,NIG359,359,29 April 1999,1999,exact date,Battles,Armed clash,Kirikasama Communal Militia (Nigeria),,identity militias,Fulani Ethnic Militia (Chad),Pastoralists (Chad),identity militias,communal militia vs communal militia,Western Africa,Nigeria,Jigawa,Kiri Kasamma,,Kiri Kasamma,12.6932,10.2551,high,Post Express,National,At least 10 people were killed and several others injured in three days of violent clashes at the Nigeri-an-Chadian border,4,1552577670,NGA,Battles,Armed clash
5006652,566,NIG358,358,28 April 1999,1999,exact date,Riots,Violent demonstration,Rioters (Nigeria),Journalists (Nigeria),rioters,Police Forces of Nigeria (1993-1999),,state forces,military vs rioters,Western Africa,Nigeria,Borno,Maiduguri,,Maiduguri,11.8464,13.1603,high,IFEX; Punch,International,"Media worker John Musa was killed in Maiduguri, Borno state, on 28 April 1999, when policemen clashed with protesting Borno state civil servants who are on strike to press for a N3,000 (US$32) minimum wage. Musa was a member of the circulation staff of the Jos-based Plateau state publishing company which publishes the ""Standard"" newspaper.",1,1552577670,NGA,Riots,Violent demonstration
5006721,566,NIG357,357,21 April 1999,1999,exact date,Battles,Armed clash,Ijaw Ethnic Militia (Nigeria),,identity militias,Police Forces of Nigeria (1993-1999),,state forces,military vs communal militia,Western Africa,Nigeria,Bayelsa,Southern Ijaw,,Ikebiri,4.7058001,5.9987998,high,Reuters News,International,Security forces shoot and kill seven Ijaw activists when they tried to stop repairs to oil installations operated by the agip corporation.,7,1552577670,NGA,Battles,Armed clash
5006770,566,NIG356,356,16 April 1999,1999,exact date,Violence against civilians,Attack,Unidentified Armed Group (Nigeria),,political militias,Civilians (Nigeria),,civilians,political militia vs civilians,Western Africa,Nigeria,Kaduna,Kaduna North,,Kaduna,10.5222,7.4383001,high,Reuters News,International,Ten people are burnt to death and houses burnt by robbers in a revenge attack on a vigilante leader.,10,1552577670,NGA,Violence against civilians,Attack
5006859,566,NIG355,355,14 April 1999,1999,exact date,Violence against civilians,Attack,Military Forces of Nigeria (1993-1999),,state forces,Civilians (Nigeria),,civilians,military vs civilians,Western Africa,Nigeria,Ogun,Ijebu Ode,,Ijebu-Ode,6.8161001,3.9159,high,All Africa,Regional,Soldiers take the law into their own hands to avenge the murder of colleague and kill 10 members of a motorcycle group.,10,1552577670,NGA,Violence against civilians,Attack
5006852,566,NIG353,353,14 April 1999,1999,exact date,Riots,Violent demonstration,Rioters (Nigeria),OPC: Oodua Peoples Congress,rioters,Police Forces of Nigeria (1993-1999),,state forces,military vs rioters,Western Africa,Nigeria,Lagos,Lagos Island,,Lagos,6.4531002,3.3958001,high,Associated Press Worldstream,International,"traders protesting the demolition of illegally constructed housing turned violent when they were joined by OPC supporters. Police responded, eight were killed",8,1552577670,NGA,Riots,Violent demonstration
5006851,566,NIG352,352,14 April 1999,1999,within week,Battles,Armed clash,Aguleri Ethnic Militia (Nigeria),,identity militias,Umuleri Ethnic Militia (Nigeria),,identity militias,communal militia vs communal militia,Western Africa,Nigeria,Anambra,Anambra East,,Aguleri,6.3224001,6.8902001,medium,Agence France Presse,International,"communal violence that began over a land dispute continues between two communities in Anambra state. 11 were killed, tens of thousands have fled their homes",11,1552577670,NGA,Battles,Armed clash
5006870,566,NIG351,351,13 April 1999,1999,exact date,Riots,Mob violence,Rioters (Nigeria),,rioters,Police Forces of Nigeria (1993-1999),,state forces,military vs rioters,Western Africa,Nigeria,Lagos,Lagos Island,,Lagos,6.4531002,3.3958001,high,Reuters News,International,A large group of Lagos street traders beat a police officer to death in revenge for an earlier act of violence against the traders.,1,1552577670,NGA,Riots,Mob violence
5006883,566,NIG350,350,12 April 1999,1999,within week,Violence against civilians,Attack,Ijaw Ethnic Militia (Nigeria),,identity militias,Civilians (Nigeria),Akassa Ethnic Militia (Nigeria),civilians,communal militia vs civilians,Western Africa,Nigeria,Bayelsa,Yenegoa,,Yenagoa,4.9246998,6.2642002,high,Reuters News,International,Six are dead and a village in ruin as Ijaw militants engage in a reprisal attack against the Akassa militia as they attacked a Ijaw village previously.,6,1552577670,NGA,Violence against civilians,Attack
5006903,566,NIG348,348,10 April 1999,1999,exact date,Riots,Mob violence,Police Forces of Nigeria (1999-2015),,state forces,Rioters (Nigeria),,rioters,military vs rioters,Western Africa,Nigeria,Federal Capital Territory,Abuja Municipal,,Abuja,9.0832996,7.5332999,high,Associated Press,International,Nigeria soccer fans and riot police clashed following a loss by Nigeria in the World Youth Soccer Championship,0,1552577670,NGA,Riots,Mob violence
5006904,566,NIG349,349,10 April 1999,1999,exact date,Battles,Armed clash,Okrika Communal Militia (Nigeria),,identity militias,Ogoni Ethnic Militia (Nigeria),,identity militias,communal militia vs communal militia,Western Africa,Nigeria,Rivers,Port-Harcourt,,Port Harcourt,4.7774,7.0134001,high,Reuters News,International,Rival ethnic groups clash around a Port Harcourt oil refinery each claiming ownership of the site.,0,1552577670,NGA,Battles,Armed clash
5006921,566,NIG347,347,08 April 1999,1999,exact date,Battles,Armed clash,Aguleri Ethnic Militia (Nigeria),,identity militias,Umuleri Ethnic Militia (Nigeria),,identity militias,communal militia vs communal militia,Western Africa,Nigeria,Anambra,Anambra East,,Aguleri,6.3224001,6.8902001,medium,Agence France Presse,International,violence erupts between two communities that lasts for three days. Buildings and churches burned. Casualties unknown,0,1552577670,NGA,Battles,Armed clash
5006934,566,NIG346,346,07 April 1999,1999,exact date,Protests,Peaceful protest,Protesters (Nigeria),Muslim Brotherhood,protesters,,,0,sole protester action,Western Africa,Nigeria,Kaduna,Kaduna North,,Kaduna,10.5222,7.4383001,high,Agence France Presse,International,Members of a Shiite Muslim group protest for the release of 40 of their members still in prison,0,1552577670,NGA,Protests,Peaceful protest
5006968,566,NIG345,345,05 April 1999,1999,exact date,Protests,Peaceful protest,Protesters (Nigeria),,protesters,,,0,sole protester action,Western Africa,Nigeria,Akwa Ibom,Eket,,Eket,4.6412001,7.9208999,medium,Agence France Presse,International,Protesting youth from 61 communities siezed Shell and Agip oil facilities after a deadline imposed by the community on Mobil to pay compensation for an spill in Eket last year passed,0,1552577670,NGA,Protests,Peaceful protest
5006992,566,NIG344,344,02 April 1999,1999,exact date,Battles,Armed clash,Yoruba Ethnic Militia (Nigeria),,identity militias,Police Forces of Nigeria (1993-1999),,state forces,military vs communal militia,Western Africa,Nigeria,Lagos,Lagos Island,,Lagos,6.4531002,3.3958001,high,Dow Jones International News,International,Police kill eight Yoruba militants after they attacked a police station in Lagos.,8,1552577670,NGA,Battles,Armed clash
5007039,566,NIG343,343,31 March 1999,1999,exact date,Violence against civilians,Attack,Unidentified Armed Group (Nigeria),,political militias,Civilians (Nigeria),,civilians,political militia vs civilians,Western Africa,Nigeria,Lagos,Lagos Island,,Lagos,6.4531002,3.3958001,high,All Africa,Regional,The residence of the chairman-elect of Mushin Local Government Alhaji Ganiyu Olanrewaju Solomon (Alliance for Democracy) has been attacked by an eight-man armed gang.,0,1552577670,NGA,Violence against civilians,Attack
5007302,566,NIG342,342,12 March 1999,1999,exact date,Battles,Armed clash,Police Forces of Nigeria (1999-2015),,state forces,Military Forces of Nigeria (1993-1999),,state forces,military vs military,Western Africa,Nigeria,Ondo,Akure South,,Akure,7.2526002,5.1931,high,P.M. News,Subnational,soldiers attack a police station and assault police officers over a dispute involving a police sergeant and a military driver,0,1552577671,NGA,Battles,Armed clash
5007314,566,NIG341,341,11 March 1999,1999,exact date,Violence against civilians,Attack,Unidentified Armed Group (Nigeria),,political militias,Civilians (Nigeria),,civilians,political militia vs civilians,Western Africa,Nigeria,Delta,Ughelli North,,Afiesere,5.5251999,6.0135002,high,Agence France Presse,International,An elderly Nigerian man was killed by angry youths after he tried to persuade them not to seize a major Shell flow station,1,1552577671,NGA,Violence against civilians,Attack
5007335,566,NIG339,339,10 March 1999,1999,exact date,Battles,Armed clash,OPC: Oodua Peoples Congress,,political militias,Police Forces of Nigeria (1993-1999),,state forces,military vs political militia,Western Africa,Nigeria,Ogun,Odeda,,Efon,7.3667002,3.6333001,high,All Africa,Regional,Five are dead in Efon after the OPC and police clash.,5,1552577671,NGA,Battles,Armed clash
5007327,566,NIG340,340,10 March 1999,1999,exact date,Battles,Armed clash,Police Forces of Nigeria (1999-2015),,state forces,OPC: Oodua Peoples Congress,,political militias,military vs political militia,Western Africa,Nigeria,Lagos,Mushin,,Mushin,6.5263,3.3571,high,P.M News,Subnational,Members of Oodua Peoples Congress and men of Operation Sweep (anti-crime police unit) clashed again at a makeshift hotel in Mushin area of Lagos,0,1552577671,NGA,Battles,Armed clash
5007352,566,NIG338,338,08 March 1999,1999,within week,Violence against civilians,Attack,Police Forces of Nigeria (1999-2015),,state forces,Civilians (Nigeria),,civilians,military vs civilians,Western Africa,Nigeria,Lagos,Mushin,,Mushin,6.5263,3.3571,high,P.M News,Subnational,"A Police member of a special anti-crime unit allegedly fired on a commercial bus after the driver failed to pay a bribe at a roadblock, one passenger was critically wounded",0,1552577671,NGA,Violence against civilians,Attack
5007372,566,NIG337,337,06 March 1999,1999,exact date,Battles,Armed clash,Ijaw Ethnic Militia (Nigeria),,identity militias,Itsekiri Ethnic Militia (Nigeria),,identity militias,communal militia vs communal militia,Western Africa,Nigeria,Delta,Warri South,,Warri,5.5166998,5.75,high,Xinhua News,International,An Ijaw militia kills an Itsekiri community leader in Warri.,1,1552577671,NGA,Battles,Armed clash
5007401,566,NIG336,336,03 March 1999,1999,exact date,Battles,Armed clash,Unidentified Armed Group (Nigeria),,political militias,Police Forces of Nigeria (1993-1999),,state forces,military vs political militia,Western Africa,Nigeria,Lagos,Lagos Island,,Lagos,6.4531002,3.3958001,high,Dow Jones International News,International,Five police are killed when a group of men attacked two police stations in Lagos.,5,1552577671,NGA,Battles,Armed clash
5007403,566,NIG335,335,03 March 1999,1999,within week,Battles,Armed clash,Unidentified Armed Group (Nigeria),,political militias,Police Forces of Nigeria (1993-1999),,state forces,military vs political militia,Western Africa,Nigeria,Lagos,Lagos Island,,Lagos,6.4531002,3.3958001,high,Associated Press,International,a mob set fire to one floor of a police barracks at Oyagbo following a presidential election,0,1552577671,NGA,Battles,Armed clash
5007408,566,NIG333,333,02 March 1999,1999,exact date,Explosions/Remote violence,Remote explosive/landmine/IED,Yoruba Ethnic Militia (Nigeria),,identity militias,Police Forces of Nigeria (1993-1999),,state forces,military vs communal militia,Western Africa,Nigeria,Lagos,Lagos Island,,Lagos,6.4531002,3.3958001,high,Dow Jones International News,International,One is killed and four others injured when Yoruba youths attacked and destroyed two police stations with gasoline bombs.,1,1552577671,NGA,Explosions/Remote violence,Remote explosive/landmine/IED
5007406,566,NIG334,334,02 March 1999,1999,exact date,Battles,Armed clash,OPC: Oodua Peoples Congress,,political militias,Police Forces of Nigeria (1993-1999),,state forces,military vs political militia,Western Africa,Nigeria,Lagos,Lagos Island,,Lagos,6.4531002,3.3958001,high,P.M News,Subnational,OPC members killed two police officers,2,1552577671,NGA,Battles,Armed clash
5007449,566,NIG332,332,01 March 1999,1999,exact date,Battles,Armed clash,OPC: Oodua Peoples Congress,,political militias,Police Forces of Nigeria (1993-1999),,state forces,military vs political militia,Western Africa,Nigeria,Ogun,Ifo,,Ifo,6.8144002,3.1958001,high,P.M News,Subnational,Oodua activists attacked a police station,0,1552577671,NGA,Battles,Armed clash
5007494,566,NIG331,331,27 February 1999,1999,exact date,Battles,Armed clash,OPC: Oodua Peoples Congress,,political militias,Police Forces of Nigeria (1993-1999),,state forces,military vs political militia,Western Africa,Nigeria,Lagos,Lagos Island,,Lagos,6.4531002,3.3958001,high,Reuters News,International,Four are killed when members of the OPC and police clash following a election.,4,1552577671,NGA,Battles,Armed clash
5007693,566,NIG329,329,12 February 1999,1999,exact date,Strategic developments,Other,Unidentified Armed Group (Nigeria),,political militias,,,0,sole political militia action,Western Africa,Nigeria,Rivers,Bonny,,Bonny,4.4521999,7.1680999,high,Reuters News,International,Non-violent activity: Militants on Bonny Island force the closure of a Shell flow station.,0,1552577671,NGA,Strategic developments,Other
5007725,566,NIG328,328,10 February 1999,1999,exact date,Battles,Armed clash,Unidentified Communal Militia (Nigeria),Pastoralists (Nigeria),identity militias,Unidentified Armed Group (Nigeria),,political militias,political militia vs communal militia,Western Africa,Nigeria,Lagos,Lagos Island,,Lagos,6.4531002,3.3958001,high,Reuters News,International,Five are dead following a clash between truck drivers and cattle herders which began with a minor disagreement.,5,1552577671,NGA,Battles,Armed clash
5007743,566,NIG326,326,09 February 1999,1999,exact date,Violence against civilians,Abduction/forced disappearance,Ijaw Ethnic Militia (Nigeria),,identity militias,Civilians (International),,civilians,communal militia vs civilians,Western Africa,Nigeria,Delta,Warri South,,Warri,5.5166998,5.75,medium,Associated Press Worldstream; P.M. News,International,A British and an Italian oil worker were kidnapped by Ijaw youths,0,1552577671,NGA,Violence against civilians,Abduction/forced disappearance
5007737,566,NIG327,327,09 February 1999,1999,exact date,Battles,Armed clash,Ijaw Ethnic Militia (Nigeria),,identity militias,Military Forces of Nigeria (1993-1999),,state forces,military vs communal militia,Western Africa,Nigeria,Lagos,Lagos Island,,Lagos,6.4531002,3.3958001,high,Reuters News,International,Three militants are killed by soldiers as they tried to vandalize an oil output station.,3,1552577671,NGA,Battles,Armed clash
5007840,566,NIG325,325,02 February 1999,1999,exact date,Explosions/Remote violence,Grenade,Unidentified Armed Group (Nigeria),,political militias,Civilians (Nigeria),PDP: Peoples Democratic Party,civilians,political militia vs civilians,Western Africa,Nigeria,Rivers,Port-Harcourt,,Port Harcourt,4.7774,7.0134001,high,P.M. News,Subnational,a petrol bomb exploded at the venue of the South-South convention of the Peoples Democratic Party (PDP),0,1552577671,NGA,Explosions/Remote violence,Grenade
5007885,566,NIG324,324,31 January 1999,1999,exact date,Battles,Armed clash,Ogulagha Communal Militia (Nigeria),,identity militias,Police Forces of Nigeria (1993-1999),,state forces,military vs communal militia,Western Africa,Nigeria,Bayelsa,Sagbama,,Niger Delta,4.8333001,6,medium,Reuters News,International,19 die in a clash between Ogolagha militants and Police when the militants arrived at an oil terminal demanding money.,19,1552577671,NGA,Battles,Armed clash
5007935,566,NIG323,323,29 January 1999,1999,exact date,Battles,Armed clash,Muslim Militia (Nigeria),Shiite Muslim Group (Nigeria),identity militias,Police Forces of Nigeria (1993-1999),,state forces,military vs communal militia,Western Africa,Nigeria,Kano,Kano Municipal,,Kano,11.9702,8.5044003,high,Reuters News,International,Police clash with Shiite Muslims in Kano after the alleged killing of their colleagues by security agents.,0,1552577671,NGA,Battles,Armed clash
5007973,566,NIG322,322,26 January 1999,1999,exact date,Riots,Violent demonstration,Rioters (Nigeria),Students (Nigeria),rioters,,,0,sole rioter action,Western Africa,Nigeria,Benue,Makurdi,,Makurdi,7.7410998,8.5121002,high,P.M. News,Subnational,students at the University of Agriculture Makurdi riot,0,1552577671,NGA,Riots,Violent demonstration
5008003,566,NIG321,321,24 January 1999,1999,exact date,Riots,Violent demonstration,Rioters (Nigeria),Students (Nigeria),rioters,,,0,sole rioter action,Western Africa,Nigeria,Benue,Makurdi,,Makurdi,7.7410998,8.5121002,high,P.M. News,Subnational,students at the University of Agriculture Makurdi riot,0,1552577671,NGA,Riots,Violent demonstration
5008049,566,NIG320,320,22 January 1999,1999,exact date,Violence against civilians,Attack,Police Forces of Nigeria (1993-1999),,state forces,Civilians (Nigeria),Muslim Brotherhood; Shiite Muslim Group (Nigeria),civilians,military vs civilians,Western Africa,Nigeria,Kaduna,Sabon-Gari,,Zaria,11.1132,7.7252002,high,Agence France Presse,International,Police shot dead a woman and injured at least three people as they broke up a procession of thousands of supporters of the Shiite Moslem Brotherhood,1,1552577671,NGA,Violence against civilians,Attack
5008138,566,NIG319,319,16 January 1999,1999,exact date,Battles,Armed clash,Area Boys Militia,,political militias,Military Forces of Nigeria (1993-1999),,state forces,military vs political militia,Western Africa,Nigeria,Lagos,Lagos Island,,Lagos,6.4531002,3.3958001,high,Reuters News,International,Police shoot and kill a members of the Area Boys gang in Lagos as the group protested the presence of the military.,1,1552577672,NGA,Battles,Armed clash
5008213,566,NIG318,318,13 January 1999,1999,exact date,Riots,Violent demonstration,Rioters (Nigeria),,rioters,Police Forces of Nigeria (1993-1999),,state forces,military vs rioters,Western Africa,Nigeria,Lagos,Lagos Island,,Lagos,6.4531002,3.3958001,high,Reuters News,International,Nigerian police fired shots and used teargas to break up a protest against the military government by several dozen students. 30 were arrested by police.,0,1552577672,NGA,Riots,Violent demonstration
5181321,566,NIG317,317,11 January 1999,1999,exact date,Protests,Peaceful protest,Protesters (Nigeria),Ijaw Ethnic Group (Nigeria),protesters,,,0,sole protester action,Western Africa,Nigeria,Rivers,Port-Harcourt,,Port Harcourt,4.7774,7.0134001,high,Reuters News; P.M.News,National-international,"Ijaw women staged a peaceful march to Government House, Port Harcourt protest the killings in Kaiama; the military occupation and shooting in Yenagoa",0,1557850486,NGA,Protests,Peaceful protest
5008249,566,NIG315,315,11 January 1999,1999,exact date,Riots,Violent demonstration,Rioters (Nigeria),,rioters,,,0,sole rioter action,Western Africa,Nigeria,Lagos,Lagos Island,,Lagos,6.4531002,3.3958001,high,Reuters News,International,Rioters took to the streets to demand a full reversal of Decembers fuel price increases.,0,1552577672,NGA,Riots,Violent demonstration
5008342,566,NIG314,314,06 January 1999,1999,exact date,Battles,Armed clash,Ijaw Ethnic Militia (Nigeria),,identity militias,Military Forces of Nigeria (1993-1999),,state forces,military vs communal militia,Western Africa,Nigeria,Bayelsa,Yenegoa,,Yenagoa,4.9246998,6.2642002,medium,The Guardian,National,10 more are killed when Ijaw militants renew their efforts against the oil producing presence in Bayelsa State. Bringing the total deaths to 30,10,1552577672,NGA,Battles,Armed clash
5008370,566,NIG313,313,05 January 1999,1999,exact date,Riots,Violent demonstration,Rioters (Nigeria),,rioters,Police Forces of Nigeria (1993-1999),,state forces,military vs rioters,Western Africa,Nigeria,Lagos,Lagos Island,,Lagos,6.4531002,3.3958001,high,Reuters News,International,Five are dead following a clash between rioters protesting a fuel price increase and police.,5,1552577672,NGA,Riots,Violent demonstration
5008388,566,NIG311,311,04 January 1999,1999,exact date,Riots,Violent demonstration,Rioters (Nigeria),,rioters,,,0,sole rioter action,Western Africa,Nigeria,Lagos,Lagos Island,,Lagos,6.4531002,3.3958001,high,PanAfrican News Agency,Regional,100s of youths took to the streets to protest the recent 127-percent increase in the price of petroleum products,5,1552577672,NGA,Riots,Violent demonstration
5008389,566,NIG312,312,04 January 1999,1999,exact date,Violence against civilians,Attack,Military Forces of Nigeria (1993-1999),,state forces,Civilians (Nigeria),Ijaw Ethnic Group (Nigeria),civilians,military vs civilians,Western Africa,Nigeria,Bayelsa,Yenegoa,,Yenagoa,4.9246998,6.2642002,medium,P.M. News; Human Rights Watch,Subnational-international,The Niger Delta Human and Environmental Rights Organisation (ND-HERO) has alleged human rights violations by police against Ijaw civilians; A HRW report also detailed abuses by soldiers against civilians reporting that at least 4 were killed and dozens missing,4,1552577672,NGA,Violence against civilians,Attack
5008451,566,NIG310,310,01 January 1999,1999,exact date,Battles,Armed clash,Ijaw Ethnic Militia (Nigeria),,identity militias,Military Forces of Nigeria (1993-1999),,state forces,military vs communal militia,Western Africa,Nigeria,Bayelsa,Yenegoa,,Yenagoa,4.9246998,6.2642002,medium,Reuters News,International,Ijaw militants kill 19 in Yenegoa when their ultimatum for oil companies to leave the area was not met.,19,1552577672,NGA,Battles,Armed clash
