data_id,iso,event_id_cnty,event_id_no_cnty,event_date,year,time_precision,event_type,sub_event_type,actor1,assoc_actor_1,inter1,actor2,assoc_actor_2,inter2,interaction,region,country,admin1,admin2,admin3,location,latitude,longitude,geo_precision,source,source_scale,notes,fatalities,timestamp,iso3,event_code,subevent_code
4970001,566,NIG2208,2208,29 December 2008,2008,within week,Violence against civilians,Attack,PDP: Peoples Democratic Party,ANPP: All Nigeria Peoples Party,political militias,Civilians (Nigeria),,civilians,political militia vs civilians,Western Africa,Nigeria,Benue,Gwer East,,Aliade,7.2964001,8.4870005,high,All Africa,Regional,Voters killed during election process.,0,1552577628,NGA,Violence against civilians,Attack
4970023,566,NIG2207,2207,27 December 2008,2008,exact date,Battles,Armed clash,Jukun Ethnic Militia (Nigeria),,identity militias,Kutep Communal Militia (Nigeria),,identity militias,communal militia vs communal militia,Western Africa,Nigeria,Taraba,Takum,,Takum,7.2666998,9.9833002,high,All Africa,Regional,Ethnic clashes between Jukuns and Kutep in Takum during cultural festival,0,1552577628,NGA,Battles,Armed clash
4970057,566,NIG2206,2206,25 December 2008,2008,exact date,Battles,Armed clash,MEND: Movement for the Emancipation of the Niger Delta,,rebel groups,Military Forces of Nigeria (1999-2015) Joint Task Force,,state forces,military vs rebels,Western Africa,Nigeria,Bayelsa,Southern Ijaw,,Tebidaba,4.5780001,5.9707999,high,All Africa,Regional,The JTF engages a group of MEND militants in Tebidaba to rid them from an oil flow station.,0,1552577628,NGA,Battles,Armed clash
4970085,566,NIG2204,2204,22 December 2008,2008,exact date,Battles,Armed clash,Unidentified Communal Militia (Nigeria),Farmers (Nigeria),identity militias,Unidentified Communal Militia (Nigeria),Pastoralists (Nigeria),identity militias,communal militia vs communal militia,Western Africa,Nigeria,Jigawa,Birni Kudu,,Birnin Kudu,11.4459,9.4983997,high,All Africa,Regional,At least two are killed as farmers and herdsmen clash in Jigawa State.,2,1552577628,NGA,Battles,Armed clash
4970094,566,NIG2203,2203,21 December 2008,2008,exact date,Violence against civilians,Attack,Unidentified Armed Group (Nigeria),,political militias,Civilians (Nigeria),,civilians,political militia vs civilians,Western Africa,Nigeria,Ogun,Abeokuta South,,Abeokuta,7.1500001,3.3499999,high,All Africa,Regional,Gunmen invade the home of Chief Alaba Lawson,0,1552577628,NGA,Violence against civilians,Attack
4970100,566,NIG2202,2202,20 December 2008,2008,exact date,Violence against civilians,Attack,Unidentified Armed Group (Nigeria),,political militias,Civilians (International),,civilians,political militia vs civilians,Western Africa,Nigeria,Akwa Ibom,Uyo,,Uyo,5.0332999,7.9266,medium,Associated Press Newswires,International,A Filipino is killed and two Russians are kidnapped in Akwa Ibom State.,1,1552577628,NGA,Violence against civilians,Attack
4970115,566,NIG2201,2201,19 December 2008,2008,exact date,Battles,Armed clash,Unidentified Armed Group (Nigeria),,political militias,Police Forces of Nigeria (1999-2015),,state forces,military vs political militia,Western Africa,Nigeria,Ondo,Akure South,,Akure,7.2526002,5.1931,high,Vanguard (Nigeria),National,Police in Akure kill nine armed robbers attempting to rob a bank.,9,1552577628,NGA,Battles,Armed clash
4970151,566,NIG2200,2200,16 December 2008,2008,exact date,Violence against civilians,Attack,Military Forces of Nigeria (1999-2015) Joint Task Force,,state forces,Civilians (Nigeria),,civilians,military vs civilians,Western Africa,Nigeria,Bayelsa,Yenegoa,,Zarama,5.0833001,6.4000001,high,Vanguard (Nigeria),National,The JTF kills a man unintentionally while trying to break up a clash between Akumoni and Ayamabele community that were fighting over a passage way for an oil company.,0,1552577628,NGA,Violence against civilians,Attack
4970172,566,NIG2198,2198,14 December 2008,2008,exact date,Violence against civilians,Attack,Unidentified Armed Group (Nigeria),,political militias,Civilians (Nigeria),,civilians,political militia vs civilians,Western Africa,Nigeria,Anambra,Awka South,,Awka,6.2101002,7.0741,high,Vanguard (Nigeria),National,Six students of Nnamdi Azikiwe University and a member of the National Youth Service Corps (NYSC) were found dead due the clash of cult groups in Awka,7,1552577628,NGA,Violence against civilians,Attack
4970173,566,NIG2199,2199,14 December 2008,2008,exact date,Violence against civilians,Attack,Unidentified Armed Group (Nigeria),,political militias,Civilians (Nigeria),,civilians,political militia vs civilians,Western Africa,Nigeria,Rivers,Port-Harcourt,,Port Harcourt,4.7774,7.0134001,high,Vanguard (Nigeria),National,Chief Wale Adegboye,0,1552577628,NGA,Violence against civilians,Attack
4970268,566,NIG2197,2197,06 December 2008,2008,exact date,Violence against civilians,Attack,Unidentified Armed Group (Nigeria),,political militias,Civilians (International),,civilians,political militia vs civilians,Western Africa,Nigeria,Akwa Ibom,Ikot Abasi,,Opobo,4.5647998,7.5478001,high,All Africa,Regional,Militants attack and kill oil tycoons father,1,1552577629,NGA,Violence against civilians,Attack
4970292,566,NIG2195,2195,05 December 2008,2008,exact date,Battles,Armed clash,Unidentified Armed Group (Nigeria),,political militias,Police Forces of Nigeria (1999-2015),,state forces,military vs political militia,Western Africa,Nigeria,Bayelsa,Yenegoa,,Yenagoa,4.9246998,6.2642002,low,Dow Jones International News,International,Unknown assailants kill two police in Bayelsa State,2,1552577629,NGA,Battles,Armed clash
4970270,566,NIG2196,2196,05 December 2008,2008,exact date,Battles,Armed clash,Unidentified Armed Group (Nigeria),,political militias,Unidentified Armed Group (Nigeria),,political militias,political militia vs political militia,Western Africa,Nigeria,Delta,Ughelli North,,Ughelli,5.4899001,6.0074,high,Vanguard (Nigeria),National,Members of two political parties clash,0,1552577629,NGA,Battles,Armed clash
4970307,566,NIG2194,2194,04 December 2008,2008,within week,Battles,Armed clash,Unidentified Armed Group (Nigeria),,political militias,Police Forces of Nigeria (1999-2015),,state forces,military vs political militia,Western Africa,Nigeria,Lagos,Lagos Island,,Lagos,6.4531002,3.3958001,high,Vanguard (Nigeria),National,"A policeman nabs members of a street gang in Lagos killing one.""",1,1552577629,NGA,Battles,Armed clash
4970317,566,NIG2193,2193,02 December 2008,2008,exact date,Violence against civilians,Attack,Unidentified Armed Group (Nigeria),,political militias,Civilians (Nigeria),,civilians,political militia vs civilians,Western Africa,Nigeria,Kogi,Lokoja,,Lokoja,7.8024001,6.743,low,Vanguard (Nigeria),National,Lecturer is shot and killed in Kogi State by unknown gunmen.,1,1552577629,NGA,Violence against civilians,Attack
4970351,566,NIG2192,2192,29 November 2008,2008,exact date,Riots,Violent demonstration,Military Forces of Nigeria (1999-2015),,state forces,Rioters (Nigeria),,rioters,military vs rioters,Western Africa,Nigeria,Plateau,Jos North,,Jos,9.9285002,8.8921003,high,Human Rights Watch,Other,"Following post election violence in Jos military forces attempt to restore order by using ""excessive force."" 130 dead. 761 dead over two days of violence. 563 people were arrested during or immediately after the violence.",130,1552577629,NGA,Riots,Violent demonstration
4970362,566,NIG2190,2190,28 November 2008,2008,exact date,Riots,Mob violence,Rioters (Nigeria),Muslim Group (Nigeria),rioters,Rioters (Nigeria),Christian Group (Nigeria),rioters,rioters vs rioters,Western Africa,Nigeria,Plateau,Jos North,,Jos,9.9285002,8.8921003,high,Reuters News,International,Riotious clashes along rival ethnic/religious lines following an election kill 631 and injure as many more in Jos. The melee began when Hausa-Fulani youth attacked Christian homes and businesses after it was believed the election had been stolen from them.,631,1552577629,NGA,Riots,Mob violence
4970361,566,NIG2189,2189,28 November 2008,2008,exact date,Battles,Armed clash,Unidentified Armed Group (Nigeria),,political militias,Police Forces of Nigeria (1999-2015),,state forces,military vs political militia,Western Africa,Nigeria,Oyo,Ibadan North West,,Ibadan,7.3878002,3.8964,high,Agence France Presse,International,Police and bank robbers are involved in a shoot-out in the city of Ibadan,0,1552577629,NGA,Battles,Armed clash
4970366,566,NIG2188,2188,27 November 2008,2008,exact date,Violence against civilians,Attack,Unidentified Armed Group (Nigeria),,political militias,Civilians (Nigeria),,civilians,political militia vs civilians,Western Africa,Nigeria,Edo,Oredo,,Benin City,6.3351002,5.6275001,high,All Africa,Regional,During an election a polling worker was killed by an unknown assailant.,1,1552577629,NGA,Violence against civilians,Attack
4970388,566,NIG2187,2187,26 November 2008,2008,exact date,Battles,Armed clash,Unidentified Armed Group (Nigeria),,political militias,Police Forces of Nigeria (1999-2015),,state forces,military vs political militia,Western Africa,Nigeria,Abia,Aba South,,Aba,5.1065998,7.3667002,high,Vanguard (Nigeria),National,Police in Aba kill three who they suspect as kidnappers during a renewed campaign to curb violence against civilians in the region.,3,1552577629,NGA,Battles,Armed clash
4970391,566,NIG2186,2186,25 November 2008,2008,exact date,Violence against civilians,Attack,Unidentified Armed Group (Nigeria),,political militias,Civilians (Nigeria),,civilians,political militia vs civilians,Western Africa,Nigeria,Benue,Makurdi,,Makurdi,7.7410998,8.5121002,medium,Vanguard (Nigeria),National,Unidentified gunmen break into the home of a Benue State businessman,0,1552577629,NGA,Violence against civilians,Attack
4970400,566,NIG2185,2185,24 November 2008,2008,exact date,Battles,Armed clash,Unidentified Armed Group (Nigeria),,political militias,Military Forces of Nigeria (1999-2015),,state forces,military vs political militia,Western Africa,Nigeria,Delta,Ughelli South,,Okwagbe,5.3618002,5.7918,high,All Africa,Regional,Nigerian Military battle gunmen in Okwagbe,0,1552577629,NGA,Battles,Armed clash
4970429,566,NIG2184,2184,21 November 2008,2008,exact date,Battles,Armed clash,Unidentified Armed Group (Nigeria),,political militias,Police Forces of Nigeria (1999-2015),,state forces,military vs political militia,Western Africa,Nigeria,Rivers,Port-Harcourt,,Port Harcourt,4.7774,7.0134001,high,All Africa,Regional,Militants kill two police in Port Harcourt during a shooting.,2,1552577629,NGA,Battles,Armed clash
4970427,566,NIG2183,2183,21 November 2008,2008,exact date,Battles,Armed clash,Unidentified Armed Group (Nigeria),,political militias,Military Forces of Nigeria (1999-2015),,state forces,military vs political militia,Western Africa,Nigeria,Bayelsa,Nembe,,Nembe,4.5394001,6.4003,medium,Agence France Presse,International,Gunmen attack a Shell flow station and naval boat,0,1552577629,NGA,Battles,Armed clash
4970439,566,NIG2181,2181,20 November 2008,2008,exact date,Battles,Armed clash,Unidentified Armed Group (Nigeria),,political militias,Military Forces of Nigeria (1999-2015),,state forces,military vs political militia,Western Africa,Nigeria,Bayelsa,Sagbama,,Niger Delta,4.8333001,6,medium,Agence France Presse,International,Nigerian army repels armed men from an oil export terminal in the delta.,0,1552577629,NGA,Battles,Armed clash
4970432,566,NIG2182,2182,20 November 2008,2008,exact date,Battles,Armed clash,Unidentified Armed Group (Nigeria),,political militias,Military Forces of Nigeria (1999-2015),,state forces,military vs political militia,Western Africa,Nigeria,Delta,Warri South,,Warri,5.5166998,5.75,high,All Africa,Regional,The Nigerian military repels an attack off an Chevron oil facility near Warri.,0,1552577629,NGA,Battles,Armed clash
4970443,566,NIG2180,2180,19 November 2008,2008,exact date,Violence against civilians,Attack,Unidentified Armed Group (Nigeria),,political militias,Civilians (Nigeria),,civilians,political militia vs civilians,Western Africa,Nigeria,Oyo,Ibadan North West,,Ibadan,7.3878002,3.8964,high,Vanguard (Nigeria),National,Two politicians were murdered in Oyo State by unknown gunmen following an election.,2,1552577629,NGA,Violence against civilians,Attack
4970473,566,NIG2179,2179,17 November 2008,2008,exact date,Battles,Armed clash,Unidentified Armed Group (Nigeria),,political militias,Police Forces of Nigeria (1999-2015),,state forces,military vs political militia,Western Africa,Nigeria,Imo,Owerri-Municipal,,Owerri,5.4833002,7.0303998,high,Vanguard (Nigeria),National,Imo State police kill two kidnappers who allegedly killed victims.,2,1552577629,NGA,Battles,Armed clash
4970487,566,NIG2178,2178,16 November 2008,2008,exact date,Battles,Armed clash,Unidentified Armed Group (Nigeria),,political militias,Police Forces of Nigeria (1999-2015),,state forces,military vs political militia,Western Africa,Nigeria,Rivers,Port-Harcourt,,Port Harcourt,4.7774,7.0134001,high,Vanguard (Nigeria),National,Unknown gunmen open fire on police at a checkpoint.,0,1552577629,NGA,Battles,Armed clash
4970500,566,NIG2177,2177,15 November 2008,2008,exact date,Strategic developments,Looting/property destruction,Unidentified Armed Group (Nigeria),,political militias,,,0,sole political militia action,Western Africa,Nigeria,Bayelsa,Sagbama,,Niger Delta,4.8333001,6,medium,Reuters News,International,Property destruction: Chevron oil pipeline is attacked in the Delta,0,1552577629,NGA,Strategic developments,Looting/property destruction
4970511,566,NIG2176,2176,13 November 2008,2008,exact date,Violence against civilians,Attack,Unidentified Armed Group (Nigeria),,political militias,Civilians (Nigeria),,civilians,political militia vs civilians,Western Africa,Nigeria,Kano,Kano Municipal,,Kano,11.9702,8.5044003,low,Vanguard (Nigeria),National,Mallam Buba Jilbril,0,1552577629,NGA,Violence against civilians,Attack
4970543,566,NIG2175,2175,11 November 2008,2008,exact date,Violence against civilians,Attack,Unidentified Armed Group (Nigeria),,political militias,Civilians (Nigeria),,civilians,political militia vs civilians,Western Africa,Nigeria,Rivers,Port-Harcourt,,Port Harcourt,4.7774,7.0134001,high,Vanguard (Nigeria),National,The Deputy General Manager of Integrated Logistics Services,0,1552577629,NGA,Violence against civilians,Attack
4970579,566,NIG2174,2174,09 November 2008,2008,within week,Strategic developments,Looting/property destruction,Unidentified Armed Group (Nigeria),,political militias,,,0,sole political militia action,Western Africa,Nigeria,Bayelsa,Yenegoa,,Yenagoa,4.9246998,6.2642002,low,The Oil Daily,Other,Property destruction: Armed Group launch attacks on the oil industry.,0,1552577629,NGA,Strategic developments,Looting/property destruction
4970608,566,NIG2173,2173,07 November 2008,2008,exact date,Violence against civilians,Abduction/forced disappearance,Unidentified Armed Group (Nigeria),,political militias,Civilians (International),,civilians,political militia vs civilians,Western Africa,Nigeria,Rivers,Port-Harcourt,,Port Harcourt,4.7774,7.0134001,high,Reuters News,International,Unknown gunmen kidnap two German nationals in Port Harcourt.,0,1552577629,NGA,Violence against civilians,Abduction/forced disappearance
4970662,566,NIG2172,2172,04 November 2008,2008,exact date,Strategic developments,Looting/property destruction,MEND: Movement for the Emancipation of the Niger Delta,,rebel groups,,,0,sole rebels action,Western Africa,Nigeria,Rivers,Bonny,,Bonny,4.4521999,7.1680999,medium,Reuters News,International,Property destruction: Members of MEND destroy part of an oil pipeline in Delta State.,0,1552577629,NGA,Strategic developments,Looting/property destruction
4970687,566,NIG2170,2170,01 November 2008,2008,exact date,Explosions/Remote violence,Remote explosive/landmine/IED,MEND: Movement for the Emancipation of the Niger Delta,,rebel groups,Civilians (Nigeria),,civilians,rebels vs civilians,Western Africa,Nigeria,Rivers,Bonny,,Bonny,4.4521999,7.1680999,high,Reuters News,International,Oil tanker bombed by MEND.,0,1552577629,NGA,Explosions/Remote violence,Remote explosive/landmine/IED
4970702,566,NIG2169,2169,30 October 2008,2008,exact date,Violence against civilians,Attack,Unidentified Armed Group (Nigeria),,political militias,Civilians (Nigeria),,civilians,political militia vs civilians,Western Africa,Nigeria,Lagos,Lagos Island,,Lagos,6.4531002,3.3958001,high,All Africa,Regional,Armed robbers on Thursday attacked Bisi Akande,0,1552577629,NGA,Violence against civilians,Attack
4970766,566,NIG2168,2168,25 October 2008,2008,exact date,Violence against civilians,Attack,Pirates (Nigeria),,political militias,Civilians (International),,civilians,political militia vs civilians,Western Africa,Nigeria,Bayelsa,Sagbama,,Niger Delta,4.8333001,6,medium,All Africa,Regional,Sea pirates overtake two oil vessels in the Delta region,0,1552577629,NGA,Violence against civilians,Attack
4970778,566,NIG2167,2167,24 October 2008,2008,exact date,Battles,Armed clash,MEND: Movement for the Emancipation of the Niger Delta,,rebel groups,Military Forces of Nigeria (1999-2015),,state forces,military vs rebels,Western Africa,Nigeria,Bayelsa,Sagbama,,Niger Delta,4.8333001,6,medium,Agence France Presse,International,Nigerian Military kill two militants in the delta region.,2,1552577629,NGA,Battles,Armed clash
4970797,566,NIG2166,2166,21 October 2008,2008,exact date,Battles,Armed clash,Unidentified Armed Group (Nigeria),,political militias,Police Forces of Nigeria (1999-2015),,state forces,military vs political militia,Western Africa,Nigeria,Abia,Umu-Nneochi,,Lokpanta,5.9896002,7.4617,high,Vanguard (Nigeria),National,The police in Lokpanta kill four known robbers.,4,1552577629,NGA,Battles,Armed clash
4970793,566,NIG2165,2165,21 October 2008,2008,within week,Battles,Armed clash,Iselegu Ethnic Militia (Nigeria),,identity militias,Ibabu Ethnic Militia (Nigeria),,identity militias,communal militia vs communal militia,Western Africa,Nigeria,Delta,Ndokwa East,,Aboh,5.5464001,6.5281,medium,All Africa,Regional,The Iselegu and Ibabu communities of Delta State clash in a land dispute,0,1552577629,NGA,Battles,Armed clash
4970801,566,NIG2164,2164,20 October 2008,2008,exact date,Violence against civilians,Attack,Unidentified Armed Group (Nigeria),,political militias,Civilians (Nigeria),,civilians,political militia vs civilians,Western Africa,Nigeria,Ogun,Ijebu North,,Ago,6.9362001,3.9219999,high,Vanguard (Nigeria),National,Cultists invade Olabisi Onabanjo University,0,1552577629,NGA,Violence against civilians,Attack
4970872,566,NIG2163,2163,15 October 2008,2008,exact date,Battles,Armed clash,Unidentified Armed Group (Nigeria),,political militias,Military Forces of Nigeria (1999-2015) Joint Task Force,,state forces,military vs political militia,Western Africa,Nigeria,Rivers,Bonny,,Bonny,4.4521999,7.1680999,medium,Vanguard (Nigeria),National,JTF members kill 15 members of a militant group following an attack.,15,1552577629,NGA,Battles,Armed clash
4970871,566,NIG2162,2162,15 October 2008,2008,exact date,Battles,Armed clash,Unidentified Armed Group (Nigeria),,political militias,Military Forces of Nigeria (1999-2015),,state forces,military vs political militia,Western Africa,Nigeria,Rivers,Bonny,,Bonny,4.4521999,7.1680999,high,Reuters News,International,Gunmen attack Naval members on an oil vessel off Bonny Island. No reported deaths. The Navy recover various arms following the attack.,0,1552577629,NGA,Battles,Armed clash
4970901,566,NIG2161,2161,13 October 2008,2008,exact date,Violence against civilians,Attack,Unidentified Armed Group (Nigeria),,political militias,Civilians (Nigeria),,civilians,political militia vs civilians,Western Africa,Nigeria,Nasarawa,Lafia,,Lafia,8.4833002,8.5166998,high,All Africa,Regional,A journalist for the Nasarawa State Broadcasting Service was killed by unknown assailants.,1,1552577629,NGA,Violence against civilians,Attack
4970918,566,NIG2160,2160,12 October 2008,2008,exact date,Battles,Armed clash,Unidentified Armed Group (Nigeria),,political militias,Police Forces of Nigeria (1999-2015),,state forces,military vs political militia,Western Africa,Nigeria,Rivers,Port-Harcourt,,Port Harcourt,4.7774,7.0134001,high,Vanguard (Nigeria),National,Police kill two militants in Port Harcourt,2,1552577629,NGA,Battles,Armed clash
4970939,566,NIG2159,2159,10 October 2008,2008,exact date,Violence against civilians,Attack,Unidentified Armed Group (Nigeria),,political militias,Civilians (Nigeria),,civilians,political militia vs civilians,Western Africa,Nigeria,Ogun,Abeokuta South,,Abeokuta,7.1500001,3.3499999,high,Vanguard (Nigeria),National,Violence in Ogun State kills 6.,6,1552577629,NGA,Violence against civilians,Attack
4970968,566,NIG2158,2158,09 October 2008,2008,exact date,Explosions/Remote violence,Remote explosive/landmine/IED,Military Forces of Nigeria (1999-2015),,state forces,Civilians (Nigeria),,civilians,military vs civilians,Western Africa,Nigeria,Kaduna,Kachia,,Kachia,9.8733997,7.9541001,high,All Africa,Regional,Two killed and five injured when an explosion detonates at a military firing range in Kaduna State.,2,1552577629,NGA,Explosions/Remote violence,Remote explosive/landmine/IED
4971004,566,NIG2157,2157,07 October 2008,2008,within week,Violence against civilians,Attack,Unidentified Armed Group (Nigeria),,political militias,Civilians (Nigeria),,civilians,political militia vs civilians,Western Africa,Nigeria,Lagos,Lagos Island,,Lagos,6.4531002,3.3958001,high,This Day (Nigeria),Subnational,Gunmen kill Ernst Agu,1,1552577629,NGA,Violence against civilians,Attack
4971003,566,NIG2156,2156,07 October 2008,2008,exact date,Battles,Armed clash,Unidentified Armed Group (Nigeria),,political militias,Unidentified Armed Group (Nigeria),,political militias,political militia vs political militia,Western Africa,Nigeria,Lagos,Alimosho,,Ayobo,6.5999999,3.2333,high,Vanguard (Nigeria),National,Two groups of civilians clash over land in Lagos State.,0,1552577629,NGA,Battles,Armed clash
4971028,566,NIG2155,2155,06 October 2008,2008,exact date,Battles,Armed clash,Unidentified Armed Group (Nigeria),,political militias,Military Forces of Nigeria (1999-2015),,state forces,military vs political militia,Western Africa,Nigeria,Bayelsa,Sagbama,,Niger Delta,4.8333001,6,medium,All Africa,Regional,Militants strike again following initial attack,0,1552577629,NGA,Battles,Armed clash
4971144,566,NIG2154,2154,28 September 2008,2008,exact date,Violence against civilians,Attack,Unidentified Armed Group (Nigeria),,political militias,Civilians (Nigeria),,civilians,political militia vs civilians,Western Africa,Nigeria,Benue,Makurdi,,Makurdi,7.7410998,8.5121002,high,All Africa,Regional,"A staff member of the Nigerian National Film and Video Censors Board (NFVCB) is shot and killed in Makurdi Benue State. """,1,1552577630,NGA,Violence against civilians,Attack
4971158,566,NIG2153,2153,27 September 2008,2008,within week,Violence against civilians,Attack,Unidentified Armed Group (Nigeria),,political militias,Civilians (Nigeria),,civilians,political militia vs civilians,Western Africa,Nigeria,Ogun,Abeokuta South,,Abeokuta,7.1500001,3.3499999,high,All Africa,Regional,Hoodlums attack three lawmakers in Ogun State. Those attacked include Olatokunbo Oshin (Ijebu North),0,1552577630,NGA,Violence against civilians,Attack
4971179,566,NIG2152,2152,25 September 2008,2008,within week,Battles,Government regains territory,MEND: Movement for the Emancipation of the Niger Delta,,rebel groups,Military Forces of Nigeria (1999-2015),,state forces,military vs rebels,Western Africa,Nigeria,Rivers,Port-Harcourt,,Port Harcourt,4.7774,7.0134001,low,International Oil Daily,Other,Army launches attack against MEND to rid them of the oil rich south.,0,1552577630,NGA,Battles,Government regains territory
5183373,566,NIG2151,2151,24 September 2008,2008,within week,Battles,Armed clash,Unidentified Armed Group (Nigeria),,political militias,Unidentified Armed Group (Nigeria),,political militias,political militia vs political militia,Western Africa,Nigeria,Yobe,Gujba,,Gujba,11.5032,11.9367,high,All Africa,Regional,Communal conflict among civilians kills two,2,1558387849,NGA,Battles,Armed clash
4971283,566,NIG2148,2148,17 September 2008,2008,exact date,Strategic developments,Looting/property destruction,MEND: Movement for the Emancipation of the Niger Delta,,rebel groups,,,0,sole rebels action,Western Africa,Nigeria,Rivers,Bonny,,Bonny,4.4521999,7.1680999,medium,News Wires,International,Property destruction: MEND sabotages Shell pipeline at Cawthorne Channel.,0,1552577630,NGA,Strategic developments,Looting/property destruction
4971299,566,NIG2147,2147,15 September 2008,2008,exact date,Violence against civilians,Attack,MEND: Movement for the Emancipation of the Niger Delta,,rebel groups,Civilians (Nigeria),,civilians,rebels vs civilians,Western Africa,Nigeria,Rivers,Port-Harcourt,,Port Harcourt,4.7774,7.0134001,low,Platts Commodity News,Other,MEND attacks a flow station in south,0,1552577630,NGA,Violence against civilians,Attack
4971323,566,NIG2145,2145,14 September 2008,2008,exact date,Strategic developments,Change to group/activity,MEND: Movement for the Emancipation of the Niger Delta,,rebel groups,Military Forces of Nigeria (1999-2015) Joint Task Force,,state forces,military vs rebels,Western Africa,Nigeria,Rivers,Port-Harcourt,,Port Harcourt,4.7774,7.0134001,high,All Africa,Regional,MEND declares oil war in Delta,0,1552577630,NGA,Strategic developments,Change to group/activity
4971332,566,NIG2144,2144,14 September 2008,2008,exact date,Battles,Armed clash,MEND: Movement for the Emancipation of the Niger Delta,,rebel groups,Military Forces of Nigeria (1999-2015) Joint Task Force,,state forces,military vs rebels,Western Africa,Nigeria,Bayelsa,Ogbia,,Ogbomama,4.6567001,6.2154002,high,All Africa,Regional,Nigerian security forces attack MEND at Ogboma.,0,1552577630,NGA,Battles,Armed clash
4971334,566,NIG2142,2142,14 September 2008,2008,exact date,Strategic developments,Change to group/activity,MEND: Movement for the Emancipation of the Niger Delta,,rebel groups,Military Forces of Nigeria (1999-2015),,state forces,military vs rebels,Western Africa,Nigeria,Rivers,Akuku Toru,,Kula,4.3417001,6.6440001,high,All Africa,Regional,MEND declares oil war in Delta,0,1552577630,NGA,Strategic developments,Change to group/activity
4971335,566,NIG2143,2143,14 September 2008,2008,exact date,Strategic developments,Change to group/activity,MEND: Movement for the Emancipation of the Niger Delta,,rebel groups,Military Forces of Nigeria (1999-2015) Joint Task Force,,state forces,military vs rebels,Western Africa,Nigeria,Bayelsa,Nembe,,Nembe,4.5394001,6.4003,high,All Africa,Regional,MEND declares oil war in Delta,0,1552577630,NGA,Strategic developments,Change to group/activity
4971336,566,NIG2146,2146,14 September 2008,2008,exact date,Strategic developments,Change to group/activity,MEND: Movement for the Emancipation of the Niger Delta,,rebel groups,Military Forces of Nigeria (1999-2015) Joint Task Force,,state forces,military vs rebels,Western Africa,Nigeria,Rivers,Akuku Toru,,Soku,4.6754999,6.6803002,high,All Africa,Regional,MEND declares oil war in Delta,0,1552577630,NGA,Strategic developments,Change to group/activity
4971344,566,NIG2139,2139,13 September 2008,2008,exact date,Violence against civilians,Attack,Military Forces of Nigeria (1999-2015) Joint Task Force,,state forces,Civilians (Nigeria),,civilians,military vs civilians,Western Africa,Nigeria,Rivers,Akuku Toru,,Kula,4.3417001,6.6440001,high,IRIN News,Other,Nigerian security forces attack villages in search of MEND militants; many civilians affected,0,1552577630,NGA,Violence against civilians,Attack
4971346,566,NIG2140,2140,13 September 2008,2008,exact date,Violence against civilians,Attack,Military Forces of Nigeria (1999-2015) Joint Task Force,,state forces,Civilians (Nigeria),,civilians,military vs civilians,Western Africa,Nigeria,Rivers,Akuku Toru,,Soku,4.6754999,6.6803002,high,IRIN News,Other,Nigerian security forces attack villages in search of MEND militants; many civilians affected,0,1552577630,NGA,Violence against civilians,Attack
4971347,566,NIG2141,2141,13 September 2008,2008,exact date,Violence against civilians,Attack,Military Forces of Nigeria (1999-2015) Joint Task Force,,state forces,Civilians (Nigeria),,civilians,military vs civilians,Western Africa,Nigeria,Bayelsa,Yenegoa,,Tombia,5.0001998,6.2652001,high,IRIN News,Other,Nigerian security forces attack villages in search of MEND militants; many civilians affected,0,1552577630,NGA,Violence against civilians,Attack
4971345,566,NIG2138,2138,13 September 2008,2008,within week,Battles,Armed clash,MEND: Movement for the Emancipation of the Niger Delta,,rebel groups,Unidentified Armed Group (Nigeria),,political militias,rebels vs political militia,Western Africa,Nigeria,Bayelsa,Sagbama,,Niger Delta,4.8333001,6,medium,Xinhua News,International,Residents and MEND members clash in the Delta,0,1552577630,NGA,Battles,Armed clash
4971340,566,NIG2137,2137,13 September 2008,2008,exact date,Battles,Armed clash,Military Forces of Nigeria (1999-2015),,state forces,Unidentified Armed Group (Nigeria),,political militias,military vs political militia,Western Africa,Nigeria,Bayelsa,Sagbama,,Niger Delta,4.8333001,6,medium,Agence France Presse,International,The Army repels a militant attack off a Chevron oil Derek.,0,1552577630,NGA,Battles,Armed clash
4971382,566,NIG2136,2136,10 September 2008,2008,within week,Violence against civilians,Attack,Unidentified Armed Group (Nigeria),,political militias,Civilians (Nigeria),,civilians,political militia vs civilians,Western Africa,Nigeria,Imo,Obowo,,Umuariam,5.5558,7.3452001,high,Vanguard (Nigeria),National,"FORMER Imo State Commissioner for health, Dr. Goderick Chilezie Anosike, narrowly escaped death when yet-to-be identified armed actors stormed his Umuariam, Obowo Local Government area country home and shot him at close range.",0,1552577630,NGA,Violence against civilians,Attack
4971390,566,NIG2134,2134,09 September 2008,2008,exact date,Battles,Armed clash,Unidentified Armed Group (Nigeria),,political militias,Police Forces of Nigeria (1999-2015),,state forces,military vs political militia,Western Africa,Nigeria,Ebonyi,Ebonyi,,Abakaliki,6.3162999,8.1169004,high,Vanguard (Nigeria),National,A police officer was shot dead by armed men Akwa Ibom State.,1,1552577630,NGA,Battles,Armed clash
4971398,566,NIG2133,2133,09 September 2008,2008,exact date,Battles,Non-state actor overtakes territory,Unidentified Armed Group (Nigeria),,political militias,Police Forces of Nigeria (1999-2015),,state forces,military vs political militia,Western Africa,Nigeria,Bayelsa,Brass,,Sengana,4.3225002,5.9828,high,All Africa,Regional,Militants overran Conoil platform in Sangana; overpower Mobile Police Unit (MOPOL).,0,1552577630,NGA,Battles,Non-state actor overtakes territory
4971391,566,NIG2135,2135,09 September 2008,2008,exact date,Battles,Armed clash,AC: Action Congress,,political militias,Unidentified Armed Group (Nigeria),,political militias,political militia vs political militia,Western Africa,Nigeria,Lagos,Apapa,,Apapa,6.4456,3.3592,high,This Day (Nigeria),Subnational,Members of Action Congress and opposition group clash in Lagos State over a chairmanship candidate.,0,1552577630,NGA,Battles,Armed clash
4971481,566,NIG2132,2132,05 September 2008,2008,within week,Battles,Armed clash,Unidentified Armed Group (Nigeria),,political militias,Unidentified Armed Group (Nigeria),,political militias,political militia vs political militia,Western Africa,Nigeria,Ebonyi,Ishielu,,Ezillo,6.4277,7.7926002,high,Vanguard (Nigeria),National,Bystanders in Ezillo suffer the effects of two rival groups clashing.,0,1552577630,NGA,Battles,Armed clash
4971541,566,NIG2128,2128,30 August 2008,2008,exact date,Battles,Armed clash,MEND: Movement for the Emancipation of the Niger Delta,,rebel groups,Military Forces of Nigeria (1999-2015),,state forces,military vs rebels,Western Africa,Nigeria,Bayelsa,Yenegoa,,Yenagoa,4.9246998,6.2642002,high,Al Jazeera,International,MEND launches series of attacks on Nigerian army in Delta,0,1552577630,NGA,Battles,Armed clash
4971539,566,NIG2127,2127,30 August 2008,2008,exact date,Battles,Armed clash,MEND: Movement for the Emancipation of the Niger Delta,,rebel groups,Military Forces of Nigeria (1999-2015),,state forces,military vs rebels,Western Africa,Nigeria,Rivers,Port-Harcourt,,Port Harcourt,4.7774,7.0134001,high,Al Jazeera,International,MEND launches series of attacks on Nigerian army in Delta,0,1552577630,NGA,Battles,Armed clash
4971538,566,NIG2129,2129,30 August 2008,2008,within week,Battles,Armed clash,MEND: Movement for the Emancipation of the Niger Delta,,rebel groups,Military Forces of Nigeria (1999-2015),,state forces,military vs rebels,Western Africa,Nigeria,Delta,Oshimili South,,Asaba,6.2006001,6.7339001,low,Global Insight Daily Analysis,International,MEND kills up to 29 soldiers in a series of three coordinated attacks.,9,1552577630,NGA,Battles,Armed clash
4971542,566,NIG2131,2131,30 August 2008,2008,within week,Battles,Armed clash,MEND: Movement for the Emancipation of the Niger Delta,,rebel groups,Military Forces of Nigeria (1999-2015),,state forces,military vs rebels,Western Africa,Nigeria,Bayelsa,Yenegoa,,Yenagoa,4.9246998,6.2642002,low,Global Insight Daily Analysis,International,MEND kills up to 29 soldiers in a series of three coordinated attacks.,9,1552577630,NGA,Battles,Armed clash
4971537,566,NIG2126,2126,30 August 2008,2008,exact date,Battles,Armed clash,MEND: Movement for the Emancipation of the Niger Delta,,rebel groups,Military Forces of Nigeria (1999-2015),,state forces,military vs rebels,Western Africa,Nigeria,Delta,Oshimili South,,Asaba,6.2006001,6.7339001,high,Al Jazeera,International,MEND launches series of attacks on Nigerian army in Delta,0,1552577630,NGA,Battles,Armed clash
4971540,566,NIG2130,2130,30 August 2008,2008,within week,Battles,Armed clash,MEND: Movement for the Emancipation of the Niger Delta,,rebel groups,Military Forces of Nigeria (1999-2015),,state forces,military vs rebels,Western Africa,Nigeria,Rivers,Port-Harcourt,,Port Harcourt,4.7774,7.0134001,low,Global Insight Daily Analysis,International,MEND kills up to 29 soldiers in a series of three coordinated attacks.,10,1552577630,NGA,Battles,Armed clash
4971567,566,NIG2125,2125,28 August 2008,2008,exact date,Battles,Armed clash,Maiduguri Communal Militia (Nigeria),Police Forces of Nigeria (1999-2015); Vigilante Group (Nigeria),identity militias,Unidentified Armed Group (Nigeria),,political militias,political militia vs communal militia,Western Africa,Nigeria,Borno,Maiduguri,,Maiduguri,11.8464,13.1603,medium,Africa News,Regional,Six armed bandits were hacked down in Borno State as a vigilante group came to the rescue of a district police officer (DPO) who was attacked on the highway.,6,1552577630,NGA,Battles,Armed clash
4971586,566,NIG2124,2124,26 August 2008,2008,exact date,Violence against civilians,Attack,Unidentified Armed Group (Nigeria),,political militias,Civilians (Nigeria),,civilians,political militia vs civilians,Western Africa,Nigeria,Imo,Owerri-Municipal,,Owerri,5.4833002,7.0303998,high,All Africa,Regional,Okechukwu Iwuagwu,0,1552577630,NGA,Violence against civilians,Attack
5183374,566,NIG2122,2122,25 August 2008,2008,exact date,Violence against civilians,Attack,Unidentified Armed Group (Nigeria),,political militias,Civilians (Nigeria),,civilians,political militia vs civilians,Western Africa,Nigeria,Yobe,Jakusko,,Jakusko,12.3691,10.7731,high,All Africa,Regional,A man machetes seven to death in Yobe state for lack of payment of salary.,7,1558387849,NGA,Violence against civilians,Attack
4971602,566,NIG2123,2123,25 August 2008,2008,exact date,Violence against civilians,Attack,Unidentified Armed Group (Nigeria),,political militias,Civilians (Nigeria),,civilians,political militia vs civilians,Western Africa,Nigeria,Lagos,Lagos Island,,Lagos,6.4531002,3.3958001,high,All Africa,Regional,Armed group kills two students and five others during an attack on them.,7,1552577630,NGA,Violence against civilians,Attack
4971609,566,NIG2121,2121,24 August 2008,2008,exact date,Violence against civilians,Attack,Military Forces of Nigeria (1999-2015) Joint Task Force,,state forces,Civilians (Nigeria),,civilians,military vs civilians,Western Africa,Nigeria,Bayelsa,Yenegoa,,Yenagoa,4.9246998,6.2642002,high,Vanguard (Nigeria),National,Soldiers in search of militants opened fire on a civilian boat,0,1552577630,NGA,Violence against civilians,Attack
4971655,566,NIG2120,2120,20 August 2008,2008,exact date,Violence against civilians,Attack,Unidentified Armed Group (Nigeria),,political militias,Civilians (Nigeria),,civilians,political militia vs civilians,Western Africa,Nigeria,Osun,Osogbo,,Oshogbo,7.7666998,4.5667,high,Vanguard (Nigeria),National,Hoodlums attack the Ooni of Ife,0,1552577630,NGA,Violence against civilians,Attack
4971671,566,NIG2119,2119,20 August 2008,2008,exact date,Violence against civilians,Attack,Military Forces of Nigeria (1999-2015) Joint Task Force,,state forces,Civilians (Nigeria),MEND: Movement for the Emancipation of the Niger Delta,civilians,military vs civilians,Western Africa,Nigeria,Rivers,Port-Harcourt,,Port Harcourt,4.7774,7.0134001,high,Agence France Presse,International,MEND accuses JTF of extra-judicial killings,0,1552577630,NGA,Violence against civilians,Attack
4971677,566,NIG2117,2117,19 August 2008,2008,exact date,Battles,Armed clash,Unidentified Armed Group (Nigeria),,political militias,Unidentified Armed Group (Nigeria),,political militias,political militia vs political militia,Western Africa,Nigeria,Bayelsa,Sagbama,,Niger Delta,4.8333001,6,medium,Reuters News,International,Two groups of armed men battle over control of oil production in the area of Sama.,0,1552577630,NGA,Battles,Armed clash
4971694,566,NIG2116,2116,19 August 2008,2008,exact date,Violence against civilians,Attack,Unidentified Armed Group (Nigeria),,political militias,Civilians (Nigeria),,civilians,political militia vs civilians,Western Africa,Nigeria,Lagos,Lagos Island,,Lagos,6.4531002,3.3958001,high,Agence France Presse,International,Paul Ogundeji,0,1552577630,NGA,Violence against civilians,Attack
4971693,566,NIG2118,2118,19 August 2008,2008,exact date,Battles,Armed clash,Unidentified Armed Group (Nigeria),,political militias,Police Forces of Nigeria (1999-2015),,state forces,military vs political militia,Western Africa,Nigeria,Ekiti,Ekiti West,,Aramoko-Ekiti,7.7093,5.0447001,high,This Day (Nigeria),Subnational,An armed group raids a police station to free their incarcerated comrades. Three police are injured.,0,1552577630,NGA,Battles,Armed clash
4971699,566,NIG2115,2115,18 August 2008,2008,within week,Battles,Armed clash,Udu Ethnic Militia (Nigeria),,identity militias,Uvwie Ethnic Militia (Nigeria),,identity militias,communal militia vs communal militia,Western Africa,Nigeria,Delta,Warri South,,Warri,5.5166998,5.75,high,All Africa,Regional,Three have been stabbed in Warri for fighting between to ethnic groups of the area.,0,1552577630,NGA,Battles,Armed clash
4971737,566,NIG2111,2111,15 August 2008,2008,exact date,Battles,Armed clash,Unidentified Armed Group (Nigeria),,political militias,Military Forces of Nigeria (1999-2015) Joint Task Force,,state forces,military vs political militia,Western Africa,Nigeria,Rivers,Port-Harcourt,,Port Harcourt,4.7774,7.0134001,high,Associated Press,International,Unidentified gunmen attacked Nigerian military convoy in Niger Delta,0,1552577630,NGA,Battles,Armed clash
4971736,566,NIG2112,2112,15 August 2008,2008,exact date,Battles,Armed clash,Unidentified Armed Group (Nigeria),,political militias,Military Forces of Nigeria (1999-2015),,state forces,military vs political militia,Western Africa,Nigeria,Bayelsa,Sagbama,,Niger Delta,4.8333001,6,medium,Associated Press Newswires,International,Gunman attack a Navy boat. Navy retaliates,0,1552577630,NGA,Battles,Armed clash
4971812,566,NIG2109,2109,08 August 2008,2008,exact date,Battles,Armed clash,MEND: Movement for the Emancipation of the Niger Delta,,rebel groups,Military Forces of Nigeria (1999-2015),,state forces,military vs rebels,Western Africa,Nigeria,Rivers,Bonny,,Bonny,4.4521999,7.1680999,high,Reuters News,International,MEND wounds two soldiers on Bonny Island.,0,1552577630,NGA,Battles,Armed clash
4971813,566,NIG2110,2110,08 August 2008,2008,exact date,Battles,Armed clash,Unidentified Armed Group (Nigeria),,political militias,Military Forces of Nigeria (1999-2015),,state forces,military vs political militia,Western Africa,Nigeria,Rivers,Bonny,,Bonny,4.4521999,7.1680999,medium,All Africa,Regional,Nigerian Navy kills four militants outside of Port Harcourt.,4,1552577630,NGA,Battles,Armed clash
5170670,566,NIG2108,2108,07 August 2008,2008,exact date,Battles,Armed clash,Police Forces of Nigeria (1999-2015),,state forces,Military Forces of Nigeria (1999-2015),,state forces,military vs military,Western Africa,Nigeria,Adamawa,Yola North,,Yola,9.1999998,12.4833,high,All Africa,Regional,Police and the Civil Defense Corps (NSCDC) clash in Adamawa State over jurisdiction of traffic signals.,0,1557782382,NGA,Battles,Armed clash
4971827,566,NIG2107,2107,06 August 2008,2008,exact date,Battles,Armed clash,Unidentified Armed Group (Nigeria),,political militias,Military Forces of Nigeria (1999-2015),,state forces,military vs political militia,Western Africa,Nigeria,Bayelsa,Sagbama,,Niger Delta,4.8333001,6,medium,Agence France Presse,International,Armed group killed one,1,1552577630,NGA,Battles,Armed clash
4971868,566,NIG2106,2106,04 August 2008,2008,within week,Violence against civilians,Attack,Unidentified Armed Group (Nigeria),,political militias,Civilians (International),,civilians,political militia vs civilians,Western Africa,Nigeria,Ondo,Akure South,,Akure,7.2526002,5.1931,high,Vanguard (Nigeria),National,Five gunmen kill an Industrialist in Akure.,1,1552577630,NGA,Violence against civilians,Attack
4971888,566,NIG2104,2104,02 August 2008,2008,exact date,Riots,Violent demonstration,Rioters (Nigeria),Muslim Group (Nigeria),rioters,Civilians (Nigeria),Christian Group (Nigeria),civilians,rioters vs civilians,Western Africa,Nigeria,Kano,Kano Municipal,,Kano,11.9702,8.5044003,high,Agence France Presse,International,Muslim students riot against Christians following the publishing of a cartoon of Mohammed.,0,1552577630,NGA,Riots,Violent demonstration
4971895,566,NIG2103,2103,01 August 2008,2008,exact date,Riots,Violent demonstration,Rioters (Nigeria),,rioters,,,0,sole rioter action,Western Africa,Nigeria,Lagos,Lagos Island,,Lagos,6.4531002,3.3958001,high,All Africa,Regional,Many shops burnt and citizens injured as youths retaliate against the assassination of a Union Leader.,0,1552577630,NGA,Riots,Violent demonstration
4971910,566,NIG2102,2102,31 July 2008,2008,within week,Battles,Armed clash,Unidentified Armed Group (Nigeria),,political militias,Unidentified Armed Group (Nigeria),,political militias,political militia vs political militia,Western Africa,Nigeria,Cross River,Yala,,Gabu,6.8558998,8.7568998,high,Vanguard (Nigeria),National,Community leader clash over mining rights in Gabu,0,1552577630,NGA,Battles,Armed clash
4971924,566,NIG2101,2101,30 July 2008,2008,exact date,Battles,Armed clash,Unidentified Armed Group (Nigeria),,political militias,Military Forces of Nigeria (1999-2015),,state forces,military vs political militia,Western Africa,Nigeria,Rivers,Degema,,Abonnema,4.7316999,6.7722001,high,Agence France Presse,International,A soldier was killed and another injured when they attempted to breakup a dispute between two militant groups.,1,1552577630,NGA,Battles,Armed clash
4971931,566,NIG2100,2100,29 July 2008,2008,exact date,Battles,Armed clash,NURTW: National Union of Road Transport Workers,,political militias,NURTW: National Union of Road Transport Workers,,political militias,political militia vs political militia,Western Africa,Nigeria,Ogun,Obafemi-Owode,,Okeigbala,7,3.5833001,low,All Africa,Regional,Rival members of a Union clash in Ogun State,0,1552577630,NGA,Battles,Armed clash
4971942,566,NIG2099,2099,28 July 2008,2008,exact date,Strategic developments,Looting/property destruction,MEND: Movement for the Emancipation of the Niger Delta,,rebel groups,,,0,sole rebels action,Western Africa,Nigeria,Bayelsa,Nembe,,Nembe,4.5394001,6.4003,high,Dow Jones Chinese Financial Wire,International,Property destruction: Shell shuts down an oil facility in Bayelsa State after a militant attack,0,1552577631,NGA,Strategic developments,Looting/property destruction
4972035,566,NIG2098,2098,18 July 2008,2008,within week,Battles,Armed clash,Unidentified Armed Group (Nigeria),,political militias,Military Forces of Nigeria (1999-2015) Joint Task Force,,state forces,military vs political militia,Western Africa,Nigeria,Bayelsa,Nembe,,Nembe,4.5394001,6.4003,medium,Afrique en Ligne,Regional,"-1-civilian""",1,1552577631,NGA,Battles,Armed clash
4972048,566,NIG2097,2097,17 July 2008,2008,exact date,Battles,Armed clash,Unidentified Armed Group (Nigeria),,political militias,Military Forces of Nigeria (1999-2015),,state forces,military vs political militia,Western Africa,Nigeria,Bayelsa,Sagbama,,Niger Delta,4.8333001,6,medium,The New York Times,International,Militants attack security forces in the Niger Delta,0,1552577631,NGA,Battles,Armed clash
4972055,566,NIG2095,2095,16 July 2008,2008,exact date,Battles,Armed clash,Unidentified Armed Group (Nigeria),,political militias,Military Forces of Nigeria (1999-2015) Joint Task Force,,state forces,military vs political militia,Western Africa,Nigeria,Rivers,Port-Harcourt,,Port Harcourt,4.7774,7.0134001,high,http://news.xinhuanet.com/english/2008-07/19/conte,International,JTF clashes with unknown perpetrators in Port Harcourt.,0,1552577631,NGA,Battles,Armed clash
4972050,566,NIG2096,2096,16 July 2008,2008,exact date,Battles,Armed clash,Unidentified Armed Group (Nigeria),,political militias,Military Forces of Nigeria (1999-2015),,state forces,military vs political militia,Western Africa,Nigeria,Rivers,Bonny,,Bonny,4.4521999,7.1680999,high,All Africa,Regional,Militants and Military battle in Bonny.,0,1552577631,NGA,Battles,Armed clash
4972121,566,NIG2094,2094,11 July 2008,2008,exact date,Battles,Armed clash,Military Forces of Nigeria (1999-2015),,state forces,Unidentified Armed Group (Nigeria),,political militias,military vs political militia,Western Africa,Nigeria,Bayelsa,Nembe,,Nembe,4.5394001,6.4003,high,Agence France Presse,International,The Nigerian Navy involves itself with a battle between two rival gangs in Nembe,0,1552577631,NGA,Battles,Armed clash
4972135,566,NIG2093,2093,09 July 2008,2008,exact date,Violence against civilians,Attack,Unidentified Armed Group (Nigeria),,political militias,Civilians (Nigeria),,civilians,political militia vs civilians,Western Africa,Nigeria,Bayelsa,Ogbia,,Ogbia,4.7740998,6.3269,medium,All Africa,Regional,Militants kill an oil worker and kidnap another in Ogbia area of Bayelsa State.,1,1552577631,NGA,Violence against civilians,Attack
4972146,566,NIG2092,2092,09 July 2008,2008,within week,Violence against civilians,Attack,Unidentified Armed Group (Nigeria),,political militias,Civilians (Nigeria),,civilians,political militia vs civilians,Western Africa,Nigeria,Katsina,Funtua,,Funtua,11.5233,7.3081002,high,All Africa,Regional,Armed men attack a gas station in Funtua,0,1552577631,NGA,Violence against civilians,Attack
4972145,566,NIG2091,2091,09 July 2008,2008,exact date,Battles,Armed clash,Unidentified Armed Group (Nigeria),,political militias,Military Forces of Nigeria (1999-2015),,state forces,military vs political militia,Western Africa,Nigeria,Rivers,Bonny,,Bonny,4.4521999,7.1680999,high,Agence France Presse,International,Militants hijack a vessel on Bonny Island,0,1552577631,NGA,Battles,Armed clash
4972164,566,NIG2090,2090,07 July 2008,2008,exact date,Violence against civilians,Attack,MEND: Movement for the Emancipation of the Niger Delta,,rebel groups,Civilians (Nigeria),,civilians,rebels vs civilians,Western Africa,Nigeria,Rivers,Port-Harcourt,,Port Harcourt,4.7774,7.0134001,high,Daily Trust (Abuja),Subnational,MEND attacks civilians in Port Harcourt.,0,1552577631,NGA,Violence against civilians,Attack
4972165,566,NIG2089,2089,07 July 2008,2008,within week,Battles,Armed clash,Unidentified Armed Group (Nigeria),,political militias,Unidentified Armed Group (Nigeria),,political militias,political militia vs political militia,Western Africa,Nigeria,Bayelsa,Yenegoa,,Yenagoa,4.9246998,6.2642002,low,All Africa,Regional,Militant Leader Prince Igodo is killed in militant clash in Bayelsa State.,1,1552577631,NGA,Battles,Armed clash
4972243,566,NIG2088,2088,03 July 2008,2008,within week,Battles,Armed clash,Unidentified Armed Group (Nigeria),,political militias,Police Forces of Nigeria (1999-2015),,state forces,military vs political militia,Western Africa,Nigeria,Lagos,Ikorodu,,Majidun Creek,6.6052999,3.4761,high,This Day (Nigeria),Subnational,Militants and Police trade gunfire.,0,1552577631,NGA,Battles,Armed clash
4972271,566,NIG2087,2087,30 June 2008,2008,exact date,Violence against civilians,Attack,Unidentified Armed Group (Nigeria),,political militias,Civilians (Nigeria),,civilians,political militia vs civilians,Western Africa,Nigeria,Benue,Makurdi,,Makurdi,7.7410998,8.5121002,high,Vanguard (Nigeria),National,"An armed gang attacked and killed David Yongo a History professor at Benue State University in his home. """,1,1552577631,NGA,Violence against civilians,Attack
4972285,566,NIG2086,2086,29 June 2008,2008,exact date,Violence against civilians,Attack,Unidentified Armed Group (Nigeria),,political militias,Civilians (Nigeria),,civilians,political militia vs civilians,Western Africa,Nigeria,Rivers,Akuku Toru,,Oloma,4.3937998,6.7237,high,All Africa,Regional,Militants attack a houseboat owned and inhabited by employees of the Shell Oil Company.,0,1552577631,NGA,Violence against civilians,Attack
4972295,566,NIG2085,2085,28 June 2008,2008,exact date,Violence against civilians,Attack,Unidentified Armed Group (Nigeria),,political militias,Civilians (Nigeria),,civilians,political militia vs civilians,Western Africa,Nigeria,Rivers,Bonny,,Bonny,4.4521999,7.1680999,high,Agence France Presse,International,Militants attack civilians on Bonny Island,0,1552577631,NGA,Violence against civilians,Attack
4972414,566,NIG2084,2084,22 June 2008,2008,within week,Battles,Armed clash,Unidentified Armed Group (Nigeria),,political militias,MEND: Movement for the Emancipation of the Niger Delta,,rebel groups,rebels vs political militia,Western Africa,Nigeria,Bayelsa,Yenegoa,,Yenagoa,4.9246998,6.2642002,low,Agence France Presse,International,Clashes between two rival militant gangs are ongoing.,0,1552577631,NGA,Battles,Armed clash
4972455,566,NIG2082,2082,19 June 2008,2008,exact date,Violence against civilians,Attack,MEND: Movement for the Emancipation of the Niger Delta,,rebel groups,Civilians (Nigeria),,civilians,rebels vs civilians,Western Africa,Nigeria,Delta,Warri South,,Warri,5.5166998,5.75,medium,Africa Research Bulletin,Regional,Members of MEND attack the Bonoga oil platform,0,1552577631,NGA,Violence against civilians,Attack
4972454,566,NIG2083,2083,19 June 2008,2008,exact date,Battles,Armed clash,MEND: Movement for the Emancipation of the Niger Delta,,rebel groups,Military Forces of Nigeria (1999-2015) Joint Task Force,,state forces,military vs rebels,Western Africa,Nigeria,Bayelsa,Sagbama,,Niger Delta,4.8333001,6,medium,All Africa,Regional,MEND rebels attack offshore oil facility in Niger Delta.,0,1552577631,NGA,Battles,Armed clash
4972499,566,NIG2081,2081,18 June 2008,2008,exact date,Battles,Armed clash,Police Forces of Nigeria (1999-2015),,state forces,Military Forces of Nigeria (2015-) Security and Civil Defence Corps,,state forces,military vs military,Western Africa,Nigeria,Borno,Maiduguri,,Maiduguri,11.8464,13.1603,high,Daily Trust,National,"Some policemen and members of the Nigeria Civil Defence Corps in Maiduguri, Borno State yesterday engaged in a fight following which many sustained injuries.",0,1552577631,NGA,Battles,Armed clash
4972574,566,NIG2080,2080,15 June 2008,2008,exact date,Violence against civilians,Attack,Unidentified Armed Group (Nigeria),,political militias,Civilians (Nigeria),,civilians,political militia vs civilians,Western Africa,Nigeria,Akwa Ibom,Eket,,Eket,4.6412001,7.9208999,high,Vanguard (Nigeria),National,Unidentified gunmen kill a oil worker in Eket.,1,1552577631,NGA,Violence against civilians,Attack
4972651,566,NIG2078,2078,11 June 2008,2008,exact date,Violence against civilians,Attack,Unidentified Armed Group (Nigeria),,political militias,Civilians (Nigeria),,civilians,political militia vs civilians,Western Africa,Nigeria,Bayelsa,Ekeremor,,Clough Creek,4.8150001,5.6090999,high,Reuters News,International,Gunmen in boats attack the military as well as civilians in Clough Creek,0,1552577631,NGA,Violence against civilians,Attack
4972638,566,NIG2076,2076,11 June 2008,2008,exact date,Battles,Armed clash,Unidentified Armed Group (Nigeria),,political militias,Military Forces of Nigeria (1999-2015),,state forces,military vs political militia,Western Africa,Nigeria,Bayelsa,Sagbama,,Niger Delta,4.8333001,6,medium,AFX Asia,International,Gunmen in a boat attack Naval personnel on an oil facility,0,1552577631,NGA,Battles,Armed clash
4972636,566,NIG2079,2079,11 June 2008,2008,exact date,Battles,Armed clash,Unidentified Armed Group (Nigeria),,political militias,Police Forces of Nigeria (1999-2015),,state forces,military vs political militia,Western Africa,Nigeria,Delta,Oshimili South,,Asaba,6.2006001,6.7339001,high,Vanguard (Nigeria),National,Police kill three armed robbers in Asaba.,0,1552577631,NGA,Battles,Armed clash
4972637,566,NIG2077,2077,11 June 2008,2008,exact date,Battles,Armed clash,Unidentified Armed Group (Nigeria),,political militias,Military Forces of Nigeria (1999-2015),,state forces,military vs political militia,Western Africa,Nigeria,Bayelsa,Ekeremor,,Clough Creek,4.8150001,5.6090999,high,Reuters News,International,Gunmen in boats attack the military as well as civilians in Clough Creek,0,1552577631,NGA,Battles,Armed clash
4972752,566,NIG2075,2075,04 June 2008,2008,exact date,Violence against civilians,Attack,Unidentified Armed Group (Nigeria),,political militias,Civilians (Nigeria),,civilians,political militia vs civilians,Western Africa,Nigeria,Rivers,Port-Harcourt,,Port Harcourt,4.7774,7.0134001,high,Agence France Presse,International,Gunmen kill two and kidnap a toddler in Port Harcourt.,2,1552577631,NGA,Violence against civilians,Attack
5118725,566,NIG2074,2074,02 June 2008,2008,exact date,Violence against civilians,Attack,Unidentified Armed Group (Nigeria),,political militias,Civilians (Nigeria),,civilians,political militia vs civilians,Western Africa,Nigeria,Rivers,Port-Harcourt,,Port Harcourt,4.7774,7.0134001,high,Dow Jones International News,International,Militants kill a Port Harcourt Policeman and kidnap his wife.,1,1554749631,NGA,Violence against civilians,Attack
4972778,566,NIG2073,2073,02 June 2008,2008,exact date,Battles,Armed clash,Unidentified Armed Group (Nigeria),,political militias,Police Forces of Nigeria (1999-2015),,state forces,military vs political militia,Western Africa,Nigeria,Rivers,Port-Harcourt,,Port Harcourt,4.7774,7.0134001,high,Dow Jones International News,International,Militants kill a Port Harcourt Policeman and kidnap his wife.,0,1552577632,NGA,Battles,Armed clash
4972941,566,NIG2072,2072,22 May 2008,2008,exact date,Battles,Armed clash,MEND: Movement for the Emancipation of the Niger Delta,,rebel groups,Military Forces of Nigeria (1999-2015),,state forces,military vs rebels,Western Africa,Nigeria,Rivers,Port-Harcourt,,Port Harcourt,4.7774,7.0134001,low,Dow Jones International News,International,MEND attacks an oil station,0,1552577632,NGA,Battles,Armed clash
4972971,566,NIG2070,2070,21 May 2008,2008,within week,Violence against civilians,Attack,MEND: Movement for the Emancipation of the Niger Delta,,rebel groups,Civilians (International),,civilians,rebels vs civilians,Western Africa,Nigeria,Bayelsa,Sagbama,,Niger Delta,4.8333001,6,medium,AFX Asia,International,MEND attacks oil facility,0,1552577632,NGA,Violence against civilians,Attack
4972960,566,NIG2071,2071,21 May 2008,2008,exact date,Battles,Armed clash,Unidentified Armed Group (Nigeria),,political militias,Military Forces of Nigeria (1999-2015),,state forces,military vs political militia,Western Africa,Nigeria,Oyo,Akinyele,,Ori Eni,7.5363998,3.9353001,high,Press Association National Newswire,National,As the Nigerian Navy attempted to rescue a kidnapped British oil worker the worker was killed in the firefight.,1,1552577632,NGA,Battles,Armed clash
4973134,566,NIG2069,2069,14 May 2008,2008,exact date,Violence against civilians,Attack,Unidentified Armed Group (Nigeria),,political militias,Civilians (Nigeria),,civilians,political militia vs civilians,Western Africa,Nigeria,Edo,Esan North East,,Uromi,6.6999998,6.3333001,high,Vanguard (Nigeria),National,The factional chairman of the PDP narrowly escapes death from the hand of armed youths.,0,1552577632,NGA,Violence against civilians,Attack
4973140,566,NIG2068,2068,13 May 2008,2008,exact date,Battles,Armed clash,Unidentified Armed Group (Nigeria),,political militias,Police Forces of Nigeria (1999-2015),,state forces,military vs political militia,Western Africa,Nigeria,Bayelsa,Yenegoa,,Yenagoa,4.9246998,6.2642002,low,Agence France Presse,International,Gunmen dressed as military kill two police in Bayelsa State.,2,1552577632,NGA,Battles,Armed clash
4973207,566,NIG2066,2066,09 May 2008,2008,within week,Violence against civilians,Attack,Unidentified Armed Group (Nigeria),,political militias,Civilians (Nigeria),,civilians,political militia vs civilians,Western Africa,Nigeria,Rivers,Bonny,,Bonny,4.4521999,7.1680999,medium,Lloyds List,International,Militants attack a seafarer in the River Sombrero,0,1552577632,NGA,Violence against civilians,Attack
4973208,566,NIG2067,2067,09 May 2008,2008,exact date,Battles,Armed clash,Unidentified Armed Group (Nigeria),,political militias,Military Forces of Nigeria (1999-2015) Joint Task Force,,state forces,military vs political militia,Western Africa,Nigeria,Bayelsa,Nembe,,Nembe,4.5394001,6.4003,high,All Africa,Regional,Militants exchange gunfire with JTF in Nembe.,0,1552577632,NGA,Battles,Armed clash
4973211,566,NIG2065,2065,08 May 2008,2008,within week,Violence against civilians,Attack,Unidentified Armed Group (Nigeria),,political militias,Civilians (Nigeria),,civilians,political militia vs civilians,Western Africa,Nigeria,Anambra,Orumba South,,Enugu Umunze,5.9640002,7.2368999,high,Vanguard (Nigeria),National,Militants attack Mr. Joseph Mbachu,0,1552577632,NGA,Violence against civilians,Attack
4973227,566,NIG2063,2063,07 May 2008,2008,exact date,Violence against civilians,Attack,Unidentified Armed Group (Nigeria),,political militias,Civilians (Nigeria),,civilians,political militia vs civilians,Western Africa,Nigeria,Anambra,Idemili North,,Nkpor,6.1515999,6.8446002,high,Vanguard (Nigeria),National,Five members of a civilian group have been killed over a land dispute.,5,1552577632,NGA,Violence against civilians,Attack
4973228,566,NIG2064,2064,07 May 2008,2008,exact date,Violence against civilians,Attack,Unidentified Armed Group (Nigeria),,political militias,Civilians (Nigeria),,civilians,political militia vs civilians,Western Africa,Nigeria,Bayelsa,Yenegoa,,Yenagoa,4.9246998,6.2642002,high,Vanguard (Nigeria),National,A cult group burn two children and their grandmother to death in Yenagoa.,3,1552577632,NGA,Violence against civilians,Attack
4973310,566,NIG2062,2062,01 May 2008,2008,exact date,Protests,Peaceful protest,Protesters (Nigeria),,protesters,,,0,sole protester action,Western Africa,Nigeria,Borno,Maiduguri,,Maiduguri,11.8464,13.1603,high,Daily Trust,National,"Workers in Borno State demonstrated yesterday and displayed placards peacefully in protest against the state government over their plight related to payment of salaries, leave transport grants, and promotions, among many other issues.",0,1552577632,NGA,Protests,Peaceful protest
4973311,566,NIG2060,2060,01 May 2008,2008,within week,Violence against civilians,Attack,Police Forces of Nigeria (1999-2015),,state forces,Civilians (Nigeria),,civilians,military vs civilians,Western Africa,Nigeria,Ondo,Akoko North West,,Oke Agbe,7.6448002,5.7614999,medium,All Africa,Regional,Police kill 2 students protesting police extortion.,2,1552577632,NGA,Violence against civilians,Attack
4973323,566,NIG2061,2061,01 May 2008,2008,exact date,Violence against civilians,Attack,Unidentified Armed Group (Nigeria),,political militias,Civilians (Nigeria),,civilians,political militia vs civilians,Western Africa,Nigeria,Lagos,Lagos Island,,Lagos,6.4531002,3.3958001,high,All Africa,Regional,Union leader shot dead by assassins.,1,1552577632,NGA,Violence against civilians,Attack
4973360,566,NIG2059,2059,28 April 2008,2008,within week,Battles,Armed clash,Unidentified Armed Group (Nigeria),,political militias,Police Forces of Nigeria (1999-2015),,state forces,military vs political militia,Western Africa,Nigeria,Rivers,Bonny,,Bonny,4.4521999,7.1680999,high,Cape Times,Regional,Gunmen storm a police station on Bonny Island,0,1552577632,NGA,Battles,Armed clash
4973372,566,NIG2058,2058,27 April 2008,2008,exact date,Riots,Violent demonstration,Rioters (Nigeria),,rioters,Civilians (Nigeria),,civilians,rioters vs civilians,Western Africa,Nigeria,Borno,Chibok,,Chibok,10.8658,12.847,high,Daily Trust,National,Violence erupted in some parts of Borno State yesterday soon after the ruling All Nigeria Peoples Party (ANPP) in Borno State was declared winner in 26 out of the 27 chairmanship positions contested in last Saturdays council polls. One person was said to have been killed during the violence. There was violence in Chibok local government area following the tearing of results sheets for three out of 11 wards and setting ablaze of a collation center.,1,1552577632,NGA,Riots,Violent demonstration
5183375,566,NIG2057,2057,26 April 2008,2008,exact date,Riots,Mob violence,Rioters (Nigeria),,rioters,Rioters (Nigeria),,rioters,rioters vs rioters,Western Africa,Nigeria,Adamawa,Michika,,Michika,10.6159,13.3849,high,Vanguard (Nigeria),National,At least one killed in heavy turnout election scuffle.,1,1558387849,NGA,Riots,Mob violence
4973402,566,NIG2056,2056,24 April 2008,2008,exact date,Battles,Armed clash,Unidentified Armed Group (Nigeria),,political militias,Police Forces of Nigeria (1999-2015),,state forces,military vs political militia,Western Africa,Nigeria,Rivers,Bonny,,Bonny,4.4521999,7.1680999,high,Agence France Presse,International,Unidentified Gunmen kill five police on Bonny Island.,5,1552577632,NGA,Battles,Armed clash
4973482,566,NIG2055,2055,18 April 2008,2008,exact date,Strategic developments,Other,MEND: Movement for the Emancipation of the Niger Delta,,rebel groups,,,0,sole rebels action,Western Africa,Nigeria,Delta,Oshimili South,,Asaba,6.2006001,6.7339001,low,Reuters News,International,Non-violent activity: MEND rebels destroy a Royal Dutch Pipeline; shut down production.,0,1552577632,NGA,Strategic developments,Other
4973485,566,NIG2053,2053,17 April 2008,2008,exact date,Battles,Armed clash,ANPP: All Nigeria Peoples Party,,political militias,ANPP: All Nigeria Peoples Party,,political militias,political militia vs political militia,Western Africa,Nigeria,Bauchi,Toro,,Toro,10.0545,9.0604,high,All Africa,Regional,Two groups of ANPP supporters clash,0,1552577632,NGA,Battles,Armed clash
4973494,566,NIG2052,2052,17 April 2008,2008,exact date,Battles,Armed clash,ANPP: All Nigeria Peoples Party,,political militias,Police Forces of Nigeria (1999-2015),,state forces,military vs political militia,Western Africa,Nigeria,Bauchi,Toro,,Toro,10.0545,9.0604,high,All Africa,Regional,Two groups of ANPP supporters clash,0,1552577632,NGA,Battles,Armed clash
4973498,566,NIG2054,2054,17 April 2008,2008,exact date,Riots,Mob violence,Rioters (Nigeria),ANPP: All Nigeria Peoples Party,rioters,Rioters (Nigeria),ANPP: All Nigeria Peoples Party,rioters,rioters vs rioters,Western Africa,Nigeria,Bauchi,Toro,,Toro,10.055,9.0604,high,All Africa,Regional,Two groups of ANPP supporters clash,0,1552577632,NGA,Riots,Mob violence
4973575,566,NIG2051,2051,12 April 2008,2008,exact date,Battles,Armed clash,Fulani Ethnic Militia (Nigeria),Pastoralists (Nigeria),identity militias,Unidentified Ethnic Militia (Nigeria),,identity militias,communal militia vs communal militia,Western Africa,Nigeria,Katsina,Katsina,,Katsina,12.9894,7.6005998,medium,All Africa,Regional,Four were killed as farmers and herdsmen clash over land in Katsina State.,4,1552577632,NGA,Battles,Armed clash
4973582,566,NIG2050,2050,12 April 2008,2008,exact date,Violence against civilians,Attack,Unidentified Armed Group (Nigeria),,political militias,Civilians (International),,civilians,political militia vs civilians,Western Africa,Nigeria,Bayelsa,Sagbama,,Niger Delta,4.8333001,6,high,Reuters News,International,Militants attack an oil facility in the Niger Delta and kidnap a Russian,0,1552577632,NGA,Violence against civilians,Attack
4973588,566,NIG2049,2049,11 April 2008,2008,exact date,Violence against civilians,Attack,Unidentified Armed Group (Nigeria),,political militias,Civilians (Nigeria),,civilians,political militia vs civilians,Western Africa,Nigeria,Lagos,Lagos Island,,Lagos,6.4531002,3.3958001,medium,Vanguard (Nigeria),National,Mr. Bede Uwazie was shot dead by robbers in his shop in Lagos State.,1,1552577632,NGA,Violence against civilians,Attack
4973591,566,NIG2048,2048,10 April 2008,2008,exact date,Violence against civilians,Abduction/forced disappearance,Unidentified Armed Group (Nigeria),,political militias,Civilians (International),,civilians,political militia vs civilians,Western Africa,Nigeria,Rivers,Port-Harcourt,,Port Harcourt,4.7774,7.0134001,high,Reuters News,International,Militants ouside Port Harcourt kidnap six Filipino workers on an oil service vessel.,0,1552577632,NGA,Violence against civilians,Abduction/forced disappearance
4973611,566,NIG2047,2047,09 April 2008,2008,exact date,Violence against civilians,Attack,Unidentified Armed Group (Nigeria),,political militias,Civilians (Nigeria),Government of Nigeria (2015-),civilians,political militia vs civilians,Western Africa,Nigeria,Niger,Chanchaga,,Minna,9.6139002,6.5569,low,All Africa,Regional,Youths attack a lawmakers boat,0,1552577632,NGA,Violence against civilians,Attack
4973642,566,NIG2046,2046,07 April 2008,2008,exact date,Battles,Armed clash,MEND: Movement for the Emancipation of the Niger Delta,,rebel groups,Military Forces of Nigeria (1999-2015),,state forces,military vs rebels,Western Africa,Nigeria,Kaduna,Kachia,,Kachia,9.8733997,7.9541001,high,The Punch,National,Nigerias military stages demonstration of firepower,0,1552577632,NGA,Battles,Armed clash
4973671,566,NIG2044,2044,05 April 2008,2008,within week,Battles,Armed clash,Unidentified Armed Group (Nigeria),,political militias,Police Forces of Nigeria (1999-2015),,state forces,military vs political militia,Western Africa,Nigeria,Cross River,Biase,,Edu,5.7463002,7.9415998,high,All Africa,Regional,bystanders in Ezillo suffer the effects of two rival groups clashing.,0,1552577633,NGA,Battles,Armed clash
4973717,566,NIG2043,2043,03 April 2008,2008,exact date,Violence against civilians,Attack,Unidentified Armed Group (Nigeria),,political militias,Civilians (International),,civilians,political militia vs civilians,Western Africa,Nigeria,Bayelsa,Sagbama,,Niger Delta,4.8333001,6,medium,Reuters News,International,A German worker is kidnapped in the Niger Delta by militants. Three Nigerians killed.,3,1552577633,NGA,Violence against civilians,Attack
4973766,566,NIG2042,2042,30 March 2008,2008,exact date,Violence against civilians,Attack,Unidentified Armed Group (Nigeria),,political militias,Civilians (International),,civilians,political militia vs civilians,Western Africa,Nigeria,Ondo,Akure South,,Akure,7.2526002,5.1931,high,Vanguard (Nigeria),National,In Akute,0,1552577633,NGA,Violence against civilians,Attack
4973806,566,NIG2041,2041,25 March 2008,2008,exact date,Violence against civilians,Attack,Unidentified Armed Group (Nigeria),,political militias,Civilians (International),,civilians,political militia vs civilians,Western Africa,Nigeria,Lagos,Lagos Island,,Lagos,6.4531002,3.3958001,medium,Agence France Presse,International,Gunmen attack a car carrying a Briton and an American,0,1552577633,NGA,Violence against civilians,Attack
4973842,566,NIG2039,2039,19 March 2008,2008,exact date,Battles,Armed clash,Unidentified Armed Group (Nigeria),,political militias,Military Forces of Nigeria (1999-2015),,state forces,military vs political militia,Western Africa,Nigeria,Rivers,Bonny,,Bonny,4.4521999,7.1680999,high,Reuters News,International,Gunmen kill a Nigerian Sailor near Bonny Island in the Nigerian Delta.,1,1552577633,NGA,Battles,Armed clash
4973864,566,NIG2038,2038,17 March 2008,2008,exact date,Violence against civilians,Attack,Unidentified Armed Group (Nigeria),,political militias,Civilians (International),,civilians,political militia vs civilians,Western Africa,Nigeria,Ogun,Obafemi-Owode,,Okeigbala,7,3.5833001,medium,The Sentinel,National,A British oil worker was shot dead in Ogun State.,1,1552577633,NGA,Violence against civilians,Attack
4973944,566,NIG2037,2037,12 March 2008,2008,exact date,Violence against civilians,Attack,Unidentified Armed Group (Nigeria),,political militias,Civilians (Nigeria),,civilians,political militia vs civilians,Western Africa,Nigeria,Akwa Ibom,Uyo,,Uyo,5.0332999,7.9266,medium,Reuters News,International,Gunmen attack an ExxonMobil station in Eket,0,1552577633,NGA,Violence against civilians,Attack
4973945,566,NIG2036,2036,12 March 2008,2008,exact date,Battles,Armed clash,Military Forces of Nigeria (1999-2015),,state forces,Unidentified Armed Group (Nigeria),,political militias,military vs political militia,Western Africa,Nigeria,Rivers,Port-Harcourt,,Port Harcourt,4.7774,7.0134001,high,Agence France Presse,International,One cultist is killed as the military raided a community in the oil region.,1,1552577633,NGA,Battles,Armed clash
4974001,566,NIG2033,2033,09 March 2008,2008,exact date,Battles,Armed clash,Unidentified Armed Group (Nigeria),,political militias,Military Forces of Nigeria (1999-2015),,state forces,military vs political militia,Western Africa,Nigeria,Bayelsa,Nembe,,Nembe,4.5394001,6.4003,high,All Africa,Regional,The JTF and unidentified militiants become involved in a firefight that lasts four hours. No reported deaths.,0,1552577633,NGA,Battles,Armed clash
4974033,566,NIG2032,2032,07 March 2008,2008,within week,Battles,Armed clash,Ezza Ethnic Militia (Nigeria),,identity militias,Ezillo Ethnic Militia (Nigeria),,identity militias,communal militia vs communal militia,Western Africa,Nigeria,Ebonyi,Ebonyi,,Abakaliki,6.3162999,8.1169004,high,All Africa,Regional,Ezza people and Ezilo aborigines clash in Abakiliki over economic reasons.,0,1552577633,NGA,Battles,Armed clash
4974057,566,NIG2031,2031,06 March 2008,2008,exact date,Violence against civilians,Attack,Unidentified Armed Group (Nigeria),,political militias,Civilians (Nigeria),,civilians,political militia vs civilians,Western Africa,Nigeria,Rivers,Port-Harcourt,,Port Harcourt,4.7774,7.0134001,high,Vanguard (Nigeria),National,Armed group kills three,3,1552577633,NGA,Violence against civilians,Attack
4974079,566,NIG2030,2030,05 March 2008,2008,exact date,Strategic developments,Other,MEND: Movement for the Emancipation of the Niger Delta,,rebel groups,,,0,sole rebels action,Western Africa,Nigeria,Bayelsa,Yenegoa,,Yenagoa,4.9246998,6.2642002,low,Reuters News,International,Non-violent activity: MEND disrupts oil supply in a flow station attack in Bayelsa State.,0,1552577633,NGA,Strategic developments,Other
4974104,566,NIG2028,2028,02 March 2008,2008,exact date,Violence against civilians,Attack,Muslim Militia (Nigeria),,identity militias,Civilians (Nigeria),,civilians,communal militia vs civilians,Western Africa,Nigeria,Bauchi,Bauchi,,Bauchi,10.3134,9.8432999,medium,Trend News Agency,International,Religious violence sparks and group is accused of desecrating the Koran.,0,1552577633,NGA,Violence against civilians,Attack
5183376,566,NIG2027,2027,02 March 2008,2008,exact date,Riots,Violent demonstration,Rioters (Nigeria),,rioters,,,0,sole rioter action,Western Africa,Nigeria,Bauchi,Bauchi,,Bauchi,10.3134,9.8432999,medium,Trend News Agency,International,Religious violence sparks and group is accused of desecrating the Koran.,0,1558387849,NGA,Riots,Violent demonstration
4974111,566,NIG2029,2029,02 March 2008,2008,exact date,Battles,Armed clash,MEND: Movement for the Emancipation of the Niger Delta,,rebel groups,Military Forces of Nigeria (1999-2015),,state forces,military vs rebels,Western Africa,Nigeria,Bayelsa,Nembe,,Nembe,4.5394001,6.4003,medium,All Africa,Regional,Militants kill three Naval Officers while attacking a oil facility.,3,1552577633,NGA,Battles,Armed clash
4974105,566,NIG2026,2026,02 March 2008,2008,exact date,Battles,Armed clash,Military Forces of Nigeria (1999-2015),,state forces,Unidentified Armed Group (Nigeria),,political militias,military vs political militia,Western Africa,Nigeria,Bayelsa,Yenegoa,,Yenagoa,4.9246998,6.2642002,low,Reuters News,International,Soldiers and Militants engage in a gun battle near an oil pipeline.,0,1552577633,NGA,Battles,Armed clash
4974150,566,NIG2024,2024,27 February 2008,2008,exact date,Violence against civilians,Attack,Police Forces of Nigeria (1999-2015),,state forces,Civilians (Nigeria),,civilians,military vs civilians,Western Africa,Nigeria,Kogi,Lokoja,,Lokoja,7.8024001,6.743,low,All Africa,Regional,Police kill 20 rioters in a seeming reprisal attack over a former riot.,20,1552577633,NGA,Violence against civilians,Attack
4974151,566,NIG2023,2023,27 February 2008,2008,exact date,Battles,Armed clash,Unidentified Armed Group (Nigeria),,political militias,Military Forces of Nigeria (1999-2015),,state forces,military vs political militia,Western Africa,Nigeria,Rivers,Port-Harcourt,,Port Harcourt,4.7774,7.0134001,low,All Africa,Regional,Sea pirates kill a member of the Nigerian Navy in Rivers State.,1,1552577633,NGA,Battles,Armed clash
4974191,566,NIG2022,2022,24 February 2008,2008,within month,Violence against civilians,Attack,Unidentified Armed Group (Nigeria),,political militias,Civilians (Nigeria),,civilians,political militia vs civilians,Western Africa,Nigeria,Rivers,Port-Harcourt,,Port Harcourt,4.7774,7.0134001,high,Vanguard (Nigeria),National,Militants kill a hostage despite paying ransom.,1,1552577633,NGA,Violence against civilians,Attack
4974214,566,NIG2021,2021,22 February 2008,2008,exact date,Violence against civilians,Attack,Unidentified Armed Group (Nigeria),,political militias,Civilians (Nigeria),,civilians,political militia vs civilians,Western Africa,Nigeria,Akwa Ibom,Eket,,Eket,4.6412001,7.9208999,high,Vanguard (Nigeria),National,Gunmen kill unionist.,1,1552577633,NGA,Violence against civilians,Attack
4974244,566,NIG2020,2020,19 February 2008,2008,exact date,Battles,Armed clash,MEND: Movement for the Emancipation of the Niger Delta,,rebel groups,Unidentified Armed Group (Nigeria),,political militias,rebels vs political militia,Western Africa,Nigeria,Plateau,Jos North,,Jos,9.9285002,8.8921003,high,Platts Oilgram News,Other,MEND leader assassinated,1,1552577633,NGA,Battles,Armed clash
4974250,566,NIG2018,2018,18 February 2008,2008,exact date,Battles,Government regains territory,Military Forces of Nigeria (1999-2015) Joint Task Force,,state forces,MEND: Movement for the Emancipation of the Niger Delta,,rebel groups,military vs rebels,Western Africa,Nigeria,Delta,Burutu,,Forcados River,5.3862,5.3207998,high,Agence France Presse,International,MEND exchanges fire with Nigerian security forces while attacking oil facility.,0,1552577633,NGA,Battles,Government regains territory
4974262,566,NIG2019,2019,18 February 2008,2008,exact date,Violence against civilians,Abduction/forced disappearance,MEND: Movement for the Emancipation of the Niger Delta,,rebel groups,Civilians (International),,civilians,rebels vs civilians,Western Africa,Nigeria,Delta,Burutu,,Forcados River,5.3862,5.3207998,high,Agence France Presse,International,MEND kidnaps 9 expatriates from oil facility.,0,1552577633,NGA,Violence against civilians,Abduction/forced disappearance
4974319,566,NIG2017,2017,12 February 2008,2008,exact date,Violence against civilians,Attack,Police Forces of Nigeria (1999-2015),,state forces,Civilians (Nigeria),,civilians,military vs civilians,Western Africa,Nigeria,Ondo,Idanre,,Idanre,7.1127,5.1159,high,Vanguard (Nigeria),National,Five bystanders are killed when Police open fire on a mob protesters in Idanre.,5,1552577633,NGA,Violence against civilians,Attack
4974347,566,NIG2016,2016,10 February 2008,2008,exact date,Strategic developments,Other,MEND: Movement for the Emancipation of the Niger Delta,,rebel groups,,,0,sole rebels action,Western Africa,Nigeria,Delta,Warri South,,Warri,5.5166998,5.75,high,Platts Oilgram News,Other,Non-violent activity: MEND disrupts oil supply in a flow station outside of Warri.,0,1552577633,NGA,Strategic developments,Other
4974357,566,NIG2015,2015,08 February 2008,2008,exact date,Violence against civilians,Attack,Military Forces of Nigeria (1999-2015),,state forces,Civilians (Nigeria),Agege Ethnic Group (Nigeria),civilians,military vs civilians,Western Africa,Nigeria,Lagos,Agege,,Agege,6.6142998,3.3243999,high,Africa Research Bulletin,Regional,Military Forces of Nigeria raid the village of Agege in an attempt to recover stolen equipment. In the process,4,1552577633,NGA,Violence against civilians,Attack
4974358,566,NIG2014,2014,08 February 2008,2008,exact date,Battles,Armed clash,Unidentified Armed Group (Nigeria),,political militias,Unidentified Armed Group (Nigeria),,political militias,political militia vs political militia,Western Africa,Nigeria,Rivers,Port-Harcourt,,Port Harcourt,4.7774,7.0134001,high,Reuters News,International,"A turf war develops between two militant groups killing at least four. """,4,1552577633,NGA,Battles,Armed clash
4974372,566,NIG2013,2013,07 February 2008,2008,exact date,Battles,Armed clash,Unidentified Armed Group (Nigeria),,political militias,Unidentified Armed Group (Nigeria),,political militias,political militia vs political militia,Western Africa,Nigeria,Ebonyi,Ishielu,,Ezillo,6.4277,7.7926002,high,Vanguard (Nigeria),National,Residents in Ebonyi State clash,0,1552577633,NGA,Battles,Armed clash
4974430,566,NIG2012,2012,04 February 2008,2008,within week,Battles,Armed clash,Fulani Ethnic Militia (Nigeria),Pastoralists (Nigeria),identity militias,Unidentified Ethnic Militia (Nigeria),,identity militias,communal militia vs communal militia,Western Africa,Nigeria,Anambra,Awka South,,Awka,6.2101002,7.0741,low,Vanguard (Nigeria),National,Farmers and Herdsmen clash over farmland,0,1552577633,NGA,Battles,Armed clash
4974543,566,NIG2011,2011,27 January 2008,2008,exact date,Violence against civilians,Attack,Unidentified Armed Group (Nigeria),,political militias,Civilians (Nigeria),,civilians,political militia vs civilians,Western Africa,Nigeria,Federal Capital Territory,Abuja Municipal,,Abuja,9.0832996,7.5332999,high,All Africa,Regional,Councilman is shot dead by militants.,1,1552577633,NGA,Violence against civilians,Attack
4974692,566,NIG2010,2010,20 January 2008,2008,exact date,Battles,Armed clash,Unidentified Armed Group (Nigeria),,political militias,Military Forces of Nigeria (1999-2015),,state forces,military vs political militia,Western Africa,Nigeria,Rivers,Bonny,,Andoni River,4.4166999,7.3499999,medium,This Day (Nigeria),Subnational,Militants attack a naval patrol boat,0,1552577634,NGA,Battles,Armed clash
4974790,566,NIG2009,2009,15 January 2008,2008,exact date,Battles,Armed clash,Unidentified Armed Group (Nigeria),,political militias,Unidentified Armed Group (Nigeria),,political militias,political militia vs political militia,Western Africa,Nigeria,Anambra,Orumba North,,Nanka,6.0605998,7.0875001,high,All Africa,Regional,Villagers fight over a plot of land in Anambra State,0,1552577634,NGA,Battles,Armed clash
4974812,566,NIG2008,2008,14 January 2008,2008,within week,Riots,Violent demonstration,Rioters (Nigeria),,rioters,,,0,sole rioter action,Western Africa,Nigeria,Kaduna,Kaduna North,,Kaduna,10.5222,7.4383001,low,All Africa,Regional,Residents of two Kaduna neighbourhoods riot over a lack of power provided by the local electric company.,0,1552577634,NGA,Riots,Violent demonstration
4974827,566,NIG2007,2007,14 January 2008,2008,exact date,Violence against civilians,Attack,MEND: Movement for the Emancipation of the Niger Delta,,rebel groups,Civilians (Nigeria),,civilians,rebels vs civilians,Western Africa,Nigeria,Rivers,Port-Harcourt,,Port Harcourt,4.7774,7.0134001,high,Dow Jones International News,International,After militants attack a Military convoy one civilian is killed and two are injured.,1,1552577634,NGA,Violence against civilians,Attack
4974843,566,NIG2005,2005,12 January 2008,2008,exact date,Riots,Mob violence,Rioters (Nigeria),,rioters,Civilians (Nigeria),Muslim Group (Nigeria),civilians,rioters vs civilians,Western Africa,Nigeria,Plateau,Jos North,,Jos,9.9285002,8.8921003,high,Agence France Presse,International,200 youths storm a Jos Mosque as a local politician tries to encourage peace among rioters.,0,1552577634,NGA,Riots,Mob violence
4974856,566,NIG2004,2004,11 January 2008,2008,exact date,Violence against civilians,Attack,Unidentified Armed Group (Nigeria),,political militias,Civilians (Nigeria),,civilians,political militia vs civilians,Western Africa,Nigeria,Abia,Obi Ngwa,,Abala,5.1666999,7.4000001,medium,Vanguard (Nigeria),National,The ruler of Abala Community,0,1552577634,NGA,Violence against civilians,Attack
4974899,566,NIG2003,2003,08 January 2008,2008,exact date,Riots,Mob violence,Rioters (Nigeria),,rioters,Civilians (Nigeria),Labour Group (Nigeria),civilians,rioters vs civilians,Western Africa,Nigeria,Federal Capital Territory,Abuja Municipal,,Abuja,9.0832996,7.5332999,high,Reuters News,International,A mob of civilians attack a group of construction workers,0,1552577634,NGA,Riots,Mob violence
4974895,566,NIG2002,2002,08 January 2008,2008,exact date,Battles,Armed clash,Unidentified Armed Group (Nigeria),,political militias,Unidentified Armed Group (Nigeria),,political militias,political militia vs political militia,Western Africa,Nigeria,Rivers,Degema,,Abonnema,4.7316999,6.7722001,high,Reuters News,International,Groups clash over land in Abonnema,0,1552577634,NGA,Battles,Armed clash
4975016,566,NIG2000,2000,01 January 2008,2008,exact date,Violence against civilians,Attack,Unidentified Armed Group (Nigeria),,political militias,Civilians (Nigeria),,civilians,political militia vs civilians,Western Africa,Nigeria,Rivers,Bonny,,Bonny,4.4521999,7.1680999,medium,All Africa,Regional,Pirates kill one in one in the Bonny River of Rivers State.,1,1552577634,NGA,Violence against civilians,Attack
4975001,566,NIG2001,2001,01 January 2008,2008,exact date,Battles,Armed clash,Military Forces of Nigeria (1999-2015),,state forces,Unidentified Armed Group (Nigeria),,political militias,military vs political militia,Western Africa,Nigeria,Rivers,Port-Harcourt,,Port Harcourt,4.7774,7.0134001,high,Platts Commodity News,Other,Nigerian troops attempt to repel militants who seized police station and hotel.,0,1552577634,NGA,Battles,Armed clash
4975017,566,NIG1998,1998,01 January 2008,2008,exact date,Battles,Armed clash,Unidentified Armed Group (Nigeria),,political militias,Police Forces of Nigeria (1999-2015),,state forces,military vs political militia,Western Africa,Nigeria,Rivers,Port-Harcourt,,Port Harcourt,4.7774,7.0134001,high,Reuters News,International,Militants attack two police stations,0,1552577634,NGA,Battles,Armed clash
