data_id,iso,event_id_cnty,event_id_no_cnty,event_date,year,time_precision,event_type,sub_event_type,actor1,assoc_actor_1,inter1,actor2,assoc_actor_2,inter2,interaction,region,country,admin1,admin2,admin3,location,latitude,longitude,geo_precision,source,source_scale,notes,fatalities,timestamp,iso3,event_code,subevent_code
4999440,566,NIG692,692,29 December 2000,2000,exact date,Battles,Armed clash,Unidentified Armed Group (Nigeria),,political militias,Police Forces of Nigeria (1999-2015),,state forces,military vs political militia,Western Africa,Nigeria,Borno,Maiduguri,,Maiduguri,11.8464,13.1603,low,Reuters News,International,A total of eleven are killed when police confront cattle thieves in Borno State.,11,1552577662,NGA,Battles,Armed clash
4999493,566,NIG691,691,22 December 2000,2000,exact date,Riots,Violent demonstration,Rioters (Nigeria),,rioters,,,0,sole rioter action,Western Africa,Nigeria,Rivers,Port-Harcourt,,Port Harcourt,4.7774,7.0134001,high,Reuters News,International,Hundreds of university students protesting over bursary payments rampaged through the streets Port Harcourt,0,1552577662,NGA,Riots,Violent demonstration
4999666,566,NIG690,690,05 December 2000,2000,exact date,Strategic developments,Looting/property destruction,Ijaw Ethnic Militia (Nigeria),,identity militias,,,0,sole communal militia action,Western Africa,Nigeria,Bayelsa,Brass,,Brass,4.3151002,6.2417998,medium,Reuters News,International,Property destruction: Attacks by Ijaw militants force the closure of a Chevron oil facility in the Niger Delta.,0,1552577662,NGA,Strategic developments,Looting/property destruction
4999671,566,NIG689,689,05 December 2000,2000,exact date,Riots,Violent demonstration,Rioters (Nigeria),,rioters,,,0,sole rioter action,Western Africa,Nigeria,Benue,Gboko,,Gboko,7.3179002,8.9951,high,Reuters News,International,People of the town of Gboko riot in protest of the sale of the states controlling stake of a local cement factory.,0,1552577662,NGA,Riots,Violent demonstration
4999688,566,NIG688,688,04 December 2000,2000,exact date,Violence against civilians,Attack,Unidentified Armed Group (Nigeria),,political militias,Civilians (Nigeria),,civilians,political militia vs civilians,Western Africa,Nigeria,Lagos,Badagry,,Badagry,6.4166999,2.8833001,high,All Africa,Regional,A group of robbers in Badagry attack two luxury busses before continuing into Lagos city.,0,1552577662,NGA,Violence against civilians,Attack
4999772,566,NIG687,687,25 November 2000,2000,exact date,Violence against civilians,Attack,Lagos Communal Militia (Nigeria),Vigilante Group (Nigeria),identity militias,Civilians (Nigeria),,civilians,communal militia vs civilians,Western Africa,Nigeria,Lagos,Lagos Island,,Lagos,6.4531002,3.3958001,high,Reuters News,International,A mob-like group of armed men clubbed to death two suspected armed robbers in Lagos.,2,1552577662,NGA,Violence against civilians,Attack
5183408,566,NIG686,686,24 November 2000,2000,within month,Violence against civilians,Attack,Unidentified Armed Group (Chad),,political militias,Civilians (Nigeria),,civilians,political militia vs civilians,Western Africa,Nigeria,Borno,Askira/Uba,,Askira,10.647,12.911,medium,Reuters News,International,Three are dead after a two week-long siege in Borno State by Chadian rebels.,3,1558387849,NGA,Violence against civilians,Attack
4999831,566,NIG685,685,20 November 2000,2000,exact date,Battles,Armed clash,Unidentified Armed Group (Nigeria),,political militias,Police Forces of Nigeria (1999-2015),,state forces,military vs political militia,Western Africa,Nigeria,Lagos,Lagos Island,,Lagos,6.4531002,3.3958001,high,All Africa,Regional,Four high-ranking police chiefs were shot and killed by armed men in Lagos.,4,1552577662,NGA,Battles,Armed clash
4999839,566,NIG684,684,19 November 2000,2000,exact date,Battles,Armed clash,Kanberi Ethnic Militia (Nigeria),,identity militias,Hausa Ethnic Militia (Nigeria),,identity militias,communal militia vs communal militia,Western Africa,Nigeria,Niger,Magama,,Salka,10.3135,4.9727998,high,Agence France Presse,International,Nine are killed when two communities clash over the sale of liquor in Niger State.,9,1552577662,NGA,Battles,Armed clash
4999870,566,NIG683,683,16 November 2000,2000,exact date,Riots,Mob violence,Rioters (Nigeria),Unidentified Cult Group (Nigeria),rioters,Rioters (Nigeria),Unidentified Cult Group (Nigeria),rioters,rioters vs rioters,Western Africa,Nigeria,Lagos,Lagos Island,,Lagos,6.4531002,3.3958001,high,Xinhua News,International,Two members of a cult group die following a clash with a Lagos State University student group in an effort to rid them from the campus.,2,1552577662,NGA,Riots,Mob violence
4999908,566,NIG682,682,14 November 2000,2000,exact date,Protests,Peaceful protest,Protesters (Nigeria),Muslim Group (Nigeria),protesters,,,0,sole protester action,Western Africa,Nigeria,Kano,Kano Municipal,,Kano,11.9702,8.5044003,high,Agence France Presse,International,A group of 4,0,1552577662,NGA,Protests,Peaceful protest
4999931,566,NIG681,681,11 November 2000,2000,exact date,Battles,Armed clash,MOSOP: Movement for the Survival of the Ogoni People,,political militias,Mutiny of MOSOP: Movement for the Survival of the Ogoni People,,political militias,political militia vs political militia,Western Africa,Nigeria,Ogun,Obafemi-Owode,,Okeigbala,7,3.5833001,low,Reuters News,International,Rival factions of the MOSOP clash following a memorial church service of a compatriot because some members were excluded in the event.,0,1552577662,NGA,Battles,Armed clash
4999944,566,NIG679,679,10 November 2000,2000,exact date,Protests,Excessive force against protesters,Protesters (Nigeria),,protesters,Police Forces of Nigeria (1999-2015),,state forces,military vs protesters,Western Africa,Nigeria,Lagos,Lagos Island,,Lagos,6.4531002,3.3958001,high,Reuters News,International,A protester demonstrating against the killing of Nigerians in Libya died after being shot by police.,1,1552577662,NGA,Protests,Excessive force against protesters
4999952,566,NIG680,680,10 November 2000,2000,exact date,Battles,Armed clash,OPC: Oodua Peoples Congress,,political militias,Mutiny of OPC: Oodua Peoples Congress,,political militias,political militia vs political militia,Western Africa,Nigeria,Kwara,Ifelodun,,Iyana,8.8167,4.9333,high,All Africa,Regional,Three are killed when rival factions of the OPC became violent over leadership positions.,3,1552577662,NGA,Battles,Armed clash
5021532,566,NIG678,678,04 November 2000,2000,exact date,Violence against civilians,Attack,Muslim Militia (Nigeria),,identity militias,Civilians (Nigeria),Christian Group (Nigeria),civilians,communal militia vs civilians,Western Africa,Nigeria,Kaduna,Kaduna North,,Abakpa,10.5491,7.4162002,high,All Africa,Regional,A group of Muslim youths torch a Christian church as well as a private residence in Abakpa.,0,1553544833,NGA,Violence against civilians,Attack
5000021,566,NIG677,677,04 November 2000,2000,exact date,Battles,Armed clash,Ogoni Ethnic Militia (Nigeria),,identity militias,Police Forces of Nigeria (1999-2015),,state forces,military vs communal militia,Western Africa,Nigeria,Ogun,Obafemi-Owode,,Okeigbala,7,3.5833001,medium,Reuters News,International,One police officer had died and 16 others wounded as the Ogoni Communal Militia attacks police over alleged exploitation of their lands recourses.,1,1552577662,NGA,Battles,Armed clash
5000049,566,NIG676,676,02 November 2000,2000,within week,Violence against civilians,Attack,Police Forces of Nigeria (1999-2015),,state forces,Civilians (Nigeria),,civilians,military vs civilians,Western Africa,Nigeria,Lagos,Lagos Island,,Lagos,6.4531002,3.3958001,high,Reuters News,International,Police have killed 18 suspected robbers in Lagos over the matter of two days of shootouts.,18,1552577662,NGA,Violence against civilians,Attack
5000057,566,NIG675,675,01 November 2000,2000,exact date,Violence against civilians,Attack,Unidentified Armed Group (Nigeria),,political militias,Civilians (International),,civilians,political militia vs civilians,Western Africa,Nigeria,Federal Capital Territory,Abuja Municipal,,Abuja,9.0832996,7.5332999,high,Reuters News,International,A press member from Benin covering its embassy in Abuja was killed by robbers.,1,1552577662,NGA,Violence against civilians,Attack
5000075,566,NIG674,674,31 October 2000,2000,exact date,Battles,Armed clash,Unidentified Armed Group (Nigeria),,political militias,Police Forces of Nigeria (1999-2015),,state forces,military vs political militia,Western Africa,Nigeria,Lagos,Lagos Island,,Lagos,6.4531002,3.3958001,high,All Africa,Regional,"An unknown group ambushes a group of police killing four.""",4,1552577663,NGA,Battles,Armed clash
5000134,566,NIG673,673,26 October 2000,2000,exact date,Riots,Violent demonstration,Rioters (Nigeria),NLC: Nigeria Labour Congress,rioters,,,0,sole rioter action,Western Africa,Nigeria,Borno,Maiduguri,,Maiduguri,11.8464,13.1603,low,All Africa,Regional,The house of assembly in Nigerias northern state of Borno has been set ablaze by the states workers protesting the non-payment of their salaries and the arrest of their leaders.,0,1552577663,NGA,Riots,Violent demonstration
5000222,566,NIG671,671,22 October 2000,2000,exact date,Violence against civilians,Attack,Police Forces of Cameroon (1982-),,external/other forces,Civilians (Nigeria),,civilians,other actor vs civilians,Western Africa,Nigeria,Cross River,Akamkpa,,Akankpa,5.3127999,8.3554001,medium,Agence France Presse,International,One dead and property stolen as Cameroon Police cross the border for unknown reasons at Cross River State.,1,1552577663,NGA,Violence against civilians,Attack
5000262,566,NIG670,670,18 October 2000,2000,exact date,Riots,Mob violence,Rioters (Nigeria),OPC: Oodua Peoples Congress,rioters,Rioters (Nigeria),Pastoralists (Nigeria); Fulani Ethnic Group (Nigeria),rioters,rioters vs rioters,Western Africa,Nigeria,Lagos,Lagos Island,,Lagos,6.4531002,3.3958001,high,The Guardian,National,A gang known as the Area Boys exploit tension between the OPC and Fulanis to start a riot in order to loot a neighborhood.,0,1552577663,NGA,Riots,Mob violence
5000252,566,NIG669,669,18 October 2000,2000,exact date,Battles,Armed clash,OPC: Oodua Peoples Congress,,political militias,Fulani Ethnic Militia (Nigeria),Pastoralists (Nigeria),identity militias,political militia vs communal militia,Western Africa,Nigeria,Lagos,Lagos Island,,Lagos,6.4531002,3.3958001,high,Reuters News,International,Lagos violence restarts as members of the OPC battle a Fulani Militia.,0,1552577663,NGA,Battles,Armed clash
5000281,566,NIG668,668,16 October 2000,2000,exact date,Battles,Armed clash,OPC: Oodua Peoples Congress,,political militias,Hausa Ethnic Militia (Nigeria),,identity militias,political militia vs communal militia,Western Africa,Nigeria,Lagos,Lagos Island,,Lagos,6.4531002,3.3958001,high,All Africa,Regional,Eight are dead when the OPC and Hausa traders clash in Lagos after the Hausas were suspected to be robbers.,8,1552577663,NGA,Battles,Armed clash
5000273,566,NIG667,667,16 October 2000,2000,exact date,Battles,Armed clash,OPC: Oodua Peoples Congress,,political militias,Police Forces of Nigeria (1999-2015),,state forces,military vs political militia,Western Africa,Nigeria,Kwara,Ilorin East,,Illorin,8.5,4.5500002,high,All Africa,Regional,Ten are dead when police and members og the OPC clash after the OPC attempt a coup d-tat in Ilorin and install a Yoruba leader.,10,1552577663,NGA,Battles,Armed clash
5000309,566,NIG666,666,14 October 2000,2000,exact date,Battles,Armed clash,Yoruba Ethnic Militia (Nigeria),Christian Group (Nigeria),identity militias,Hausa Ethnic Militia (Nigeria),Muslim Group (Nigeria),identity militias,communal militia vs communal militia,Western Africa,Nigeria,Lagos,Lagos Island,,Lagos,6.4531002,3.3958001,high,Dow Jones International News,International,100 die when religious violence between Muslims and Christian spark in Lagos.,100,1552577663,NGA,Battles,Armed clash
5000334,566,NIG665,665,11 October 2000,2000,exact date,Protests,Excessive force against protesters,Police Forces of Nigeria (1999-2015),,state forces,Protesters (Nigeria),,protesters,military vs protesters,Western Africa,Nigeria,Lagos,Lagos Island,,Lagos,6.4531002,3.3958001,high,Reuters,International,"One is killed due to gunshot wounds from police during a anti-Libya protest in Lagos, Nigeria. The protest focuses on the reported killing of Nigerians by officials of Libya while in that country.",1,1552577663,NGA,Protests,Excessive force against protesters
5000363,566,NIG663,663,10 October 2000,2000,exact date,Riots,Violent demonstration,Rioters (Nigeria),,rioters,,,0,sole rioter action,Western Africa,Nigeria,Lagos,Lagos Island,,Lagos,6.4531002,3.3958001,high,All Africa,Regional,Okon Ufot,0,1552577663,NGA,Riots,Violent demonstration
5000350,566,NIG662,662,10 October 2000,2000,exact date,Battles,Armed clash,OPC: Oodua Peoples Congress,,political militias,Unidentified Armed Group (Nigeria),,political militias,political militia vs political militia,Western Africa,Nigeria,Lagos,Lagos Island,,Lagos,6.4531002,3.3958001,high,All Africa,Regional,At least two persons were killed while many of others sustained injuries when members of the dreaded (OPC) Oodua Peoples Congress and armed bandits engaged themselves in a shoot-out.,2,1552577663,NGA,Battles,Armed clash
5000391,566,NIG661,661,07 October 2000,2000,exact date,Battles,Armed clash,Police Forces of Nigeria (1999-2015) Customs Clearing Agents,,state forces,Police Forces of Nigeria (1999-2015),,state forces,military vs military,Western Africa,Nigeria,Lagos,Ikeja,,Ikeja,6.5942001,3.3375001,high,All Africa,Regional,Two are dead following a clash spurred by a conflict of interest between customs agents and police at an airport in Lagos State.,2,1552577663,NGA,Battles,Armed clash
5000398,566,NIG660,660,06 October 2000,2000,exact date,Violence against civilians,Attack,Police Forces of Nigeria (1999-2015),,state forces,Civilians (Nigeria),,civilians,military vs civilians,Western Africa,Nigeria,Lagos,Lagos Island,,Lagos,6.4531002,3.3958001,high,Reuters News,International,Nigerian police shot dead two people during riots against sharp fuel price increases in the commercial capital Lagos.,2,1552577663,NGA,Violence against civilians,Attack
5000476,566,NIG659,659,01 October 2000,2000,exact date,Battles,Armed clash,Unidentified Armed Group (Nigeria),,political militias,Police Forces of Nigeria (1999-2015),,state forces,military vs political militia,Western Africa,Nigeria,Lagos,Shomolu,,Bariga,6.5349998,3.3947001,high,All Africa,Regional,Two are killed as armed men attacked a police officer outside of Lagos.,2,1552577663,NGA,Battles,Armed clash
5000458,566,NIG658,658,01 October 2000,2000,exact date,Battles,Armed clash,Yoruba Ethnic Militia (Nigeria),,identity militias,Police Forces of Nigeria (1999-2015),,state forces,military vs communal militia,Western Africa,Nigeria,Lagos,Lagos Island,,Lagos,6.4531002,3.3958001,high,Reuters News,International,Four are dead following a clash between Yoruba Militants and Police in the area. This comes as a reaction to the arrest of an OPC member which the Yorubas supported.,4,1552577663,NGA,Battles,Armed clash
5000524,566,NIG657,657,28 September 2000,2000,exact date,Battles,Armed clash,OPC: Oodua Peoples Congress,,political militias,Police Forces of Nigeria (1999-2015),,state forces,military vs political militia,Western Africa,Nigeria,Lagos,Agege,,Agege,6.6142998,3.3243999,high,All Africa,Regional,Four members of the OPC were shot dead by police after they engaged them for revenge over a previous arrest for illegal firearms.,4,1552577663,NGA,Battles,Armed clash
5000646,566,NIG655,655,16 September 2000,2000,exact date,Battles,Armed clash,Igbo Ethnic Militia (Nigeria),,identity militias,Fulani Ethnic Militia (Nigeria),Pastoralists (Nigeria),identity militias,communal militia vs communal militia,Western Africa,Nigeria,Sokoto,Sokoto North,,Sokoto,13.048,5.2143002,high,Reuters News,International,An ethnic clash leaves one dead as Ibo youths sought revenge for the heavy presence of police.,1,1552577663,NGA,Battles,Armed clash
5000681,566,NIG654,654,14 September 2000,2000,exact date,Battles,Armed clash,PDP: Peoples Democratic Party,,political militias,Mutiny of PDP: Peoples Democractic Party,,political militias,political militia vs political militia,Western Africa,Nigeria,Ekiti,Ado Ekiti,,Ado-Ekiti,7.6209998,5.2214999,high,Reuters News,International,At least five people died and several were wounded when rival groups in Nigerias ruling party clashed over leadership in the party.,5,1552577663,NGA,Battles,Armed clash
5000701,566,NIG653,653,12 September 2000,2000,exact date,Violence against civilians,Attack,Unidentified Armed Group (Nigeria),,political militias,Civilians (Nigeria),,civilians,political militia vs civilians,Western Africa,Nigeria,Lagos,Lagos Island,,Lagos,6.4531002,3.3958001,high,Reuters News,International,Former Nigerian presidential candidate and businessman Layi Balogun was killed by gunmen who burst into his Lagos home.,1,1552577663,NGA,Violence against civilians,Attack
5000884,566,NIG652,652,29 August 2000,2000,exact date,Riots,Violent demonstration,Police Forces of Nigeria (1999-2015),,state forces,Rioters (Nigeria),,rioters,military vs rioters,Western Africa,Nigeria,Federal Capital Territory,Abuja Municipal,,Abuja,9.0832996,7.5332999,high,Agence France Presse,International,Four protesters die in clash with police as they voice their displeasure of a bus crash earlier in the city.,4,1552577663,NGA,Riots,Violent demonstration
5000904,566,NIG651,651,27 August 2000,2000,exact date,Battles,Armed clash,MASSOB: Movement for the Actualization of a Sovereign State of Biafra,,rebel groups,Police Forces of Nigeria (1999-2015),,state forces,military vs rebels,Western Africa,Nigeria,Lagos,Lagos Island,,Lagos,6.4531002,3.3958001,high,Agence France Presse,International,Five are killed as members of the MASSOB militia and police clash as the police attempt to halt a public protest of those seeking a succession form Nigeria.,5,1552577663,NGA,Battles,Armed clash
5000949,566,NIG650,650,19 August 2000,2000,exact date,Battles,Armed clash,OPC: Oodua Peoples Congress,,political militias,Police Forces of Nigeria (1999-2015),,state forces,military vs political militia,Western Africa,Nigeria,Lagos,Lagos Island,,Lagos,6.4531002,3.3958001,high,Agence France Presse,International,Police kill four suspected robbers who were members of the OPC militia in Lagos.,4,1552577663,NGA,Battles,Armed clash
5000966,566,NIG649,649,17 August 2000,2000,within month,Violence against civilians,Attack,Unidentified Armed Group (Nigeria),,political militias,Civilians (Nigeria),,civilians,political militia vs civilians,Western Africa,Nigeria,Enugu,Enugu North,,Enugu,6.4425998,7.5022001,high,Agence France Presse,International,Sometime last month,0,1552577663,NGA,Violence against civilians,Attack
5001042,566,NIG647,647,08 August 2000,2000,exact date,Violence against civilians,Attack,Police Forces of Nigeria (1999-2015),,state forces,Civilians (Nigeria),,civilians,military vs civilians,Western Africa,Nigeria,Anambra,Awka South,,Awka,6.2101002,7.0741,high,Dow Jones International News,International,One protester of President Olusegun Obasanjo convoy in shot and killed in Awka by police.,1,1552577664,NGA,Violence against civilians,Attack
5001049,566,NIG645,645,07 August 2000,2000,exact date,Battles,Armed clash,Yoruba Ethnic Militia (Nigeria),OPC: Oodua Peoples Congress,identity militias,Unidentified Armed Group (Nigeria),,political militias,political militia vs communal militia,Western Africa,Nigeria,Lagos,Lagos Island,,Lagos,6.4531002,3.3958001,high,Reuters News,International,Several were injured when Yoruba Militiamen,0,1552577664,NGA,Battles,Armed clash
5001050,566,NIG646,646,07 August 2000,2000,exact date,Battles,Armed clash,Unidentified Armed Group (Nigeria),,political militias,Police Forces of Nigeria (1999-2015),,state forces,military vs political militia,Western Africa,Nigeria,Delta,Ughelli North,,Ughelli,5.4899001,6.0074,high,All Africa,Regional,Thirty are killed when a gangs of youths attacked police forces.,30,1552577664,NGA,Battles,Armed clash
5001048,566,NIG644,644,07 August 2000,2000,exact date,Battles,Armed clash,Evwreni Ethnic Militia (Nigeria),,identity militias,Police Forces of Nigeria (1999-2015),,state forces,military vs communal militia,Western Africa,Nigeria,Delta,Ughelli North,,Evwreni,5.4006,6.0661998,high,Reuters News,International,32 are dead in a clash between the Evwreni community and police over the sharing of the oil wealth of the area.,32,1552577664,NGA,Battles,Armed clash
5001060,566,NIG643,643,06 August 2000,2000,exact date,Riots,Violent demonstration,Rioters (Nigeria),,rioters,,,0,sole rioter action,Western Africa,Nigeria,Lagos,Lagos Island,,Lagos,6.4531002,3.3958001,high,Associated Press,International,Protesting youths angry over fuel prices barricaded roads and attacked commuter buses,0,1552577664,NGA,Riots,Violent demonstration
5001073,566,NIG641,641,03 August 2000,2000,exact date,Battles,Armed clash,Muslim Militia (Nigeria),,identity militias,Christian Militia (Nigeria),,identity militias,communal militia vs communal militia,Western Africa,Nigeria,Federal Capital Territory,Abuja Municipal,,Abuja,9.0832996,7.5332999,high,Reuters News,International,Five are dead as Muslims and Christians clash in Abuja.,5,1552577664,NGA,Battles,Armed clash
5001078,566,NIG642,642,03 August 2000,2000,exact date,Battles,Armed clash,Muslim Militia (Nigeria),,identity militias,Christian Militia (Nigeria),,identity militias,communal militia vs communal militia,Western Africa,Nigeria,Lagos,Lagos Island,,Lagos,6.4531002,3.3958001,high,Reuters News,International,Twenty die in a renewed Christian/Muslim clash.,20,1552577664,NGA,Battles,Armed clash
5001086,566,NIG640,640,02 August 2000,2000,exact date,Violence against civilians,Attack,Unidentified Armed Group (Nigeria),,political militias,Civilians (International),,civilians,political militia vs civilians,Western Africa,Nigeria,Abia,Ukwa West,,Ogwe,5.0132999,7.2585001,high,Reuters News,International,A fuel thief lit the contents of his loot on fire,0,1552577664,NGA,Violence against civilians,Attack
5001104,566,NIG639,639,01 August 2000,2000,exact date,Battles,Armed clash,Okrika Communal Militia (Nigeria),,identity militias,Eleme Ethnic Militia (Nigeria),,identity militias,communal militia vs communal militia,Western Africa,Nigeria,Rivers,Eleme,,Onne,4.7244,7.1525998,high,Reuters News,International,Ethnic groups clashed on Saturday at the southeastern oil industry port of Onne and at least one person was killed.,1,1552577664,NGA,Battles,Armed clash
5001246,566,NIG638,638,21 July 2000,2000,exact date,Violence against civilians,Abduction/forced disappearance,Unidentified Armed Group (Nigeria),,political militias,Civilians (International),,civilians,political militia vs civilians,Western Africa,Nigeria,Bayelsa,Sagbama,,Niger Delta,4.8333001,6,medium,Reuters News,International,Militant youths in Nigerias volatile Niger Delta have kidnapped two Chinese oil workers.,0,1552577664,NGA,Violence against civilians,Abduction/forced disappearance
5001263,566,NIG637,637,19 July 2000,2000,exact date,Riots,Mob violence,Rioters (Nigeria),,rioters,Police Forces of Nigeria (1999-2015),,state forces,military vs rioters,Western Africa,Nigeria,Benue,Gboko,,Gboko,7.3179002,8.9951,high,Agence France Presse,International,"A """"wild mob"""" of motorcycle taxi operators in central Nigeria killed a policeman and burned down a barracks after two of their colleagues were arrested.",1,1552577664,NGA,Riots,Mob violence
5001281,566,NIG636,636,17 July 2000,2000,exact date,Battles,Armed clash,Yoruba Ethnic Militia (Nigeria),,identity militias,Police Forces of Nigeria (1999-2015),,state forces,military vs communal militia,Western Africa,Nigeria,Lagos,Lagos Island,,Lagos,6.4531002,3.3958001,high,Reuters News,International,Police shoot and kill two as the Yoruba battles renew.,2,1552577664,NGA,Battles,Armed clash
5001297,566,NIG635,635,15 July 2000,2000,exact date,Battles,Armed clash,Yoruba Ethnic Militia (Nigeria),,identity militias,Police Forces of Nigeria (1999-2015),,state forces,military vs communal militia,Western Africa,Nigeria,Lagos,Lagos Island,,Lagos,6.4531002,3.3958001,high,Reuters News,International,20 are dead when the Yoruba militia attacked police forces in Lagos.,20,1552577664,NGA,Battles,Armed clash
5001350,566,NIG634,634,11 July 2000,2000,exact date,Violence against civilians,Attack,Unidentified Armed Group (Nigeria),,political militias,Civilians (International),,civilians,political militia vs civilians,Western Africa,Nigeria,Lagos,Lagos Island,,Lagos,6.4531002,3.3958001,high,Reuters News,International,Gunmen shot and killed an Indian chief executive of a Nigerian bank. The motive is unclear to police.,1,1552577664,NGA,Violence against civilians,Attack
5001360,566,NIG633,633,10 July 2000,2000,exact date,Violence against civilians,Attack,OPC: Oodua Peoples Congress,,political militias,Civilians (Nigeria),,civilians,political militia vs civilians,Western Africa,Nigeria,Lagos,Lagos Island,,Lagos,6.4531002,3.3958001,high,Agence France Presse,International,Members of the vigilante group OPC lynched seven suspected robbers in Lagos.,0,1552577664,NGA,Violence against civilians,Attack
5001365,566,NIG632,632,09 July 2000,2000,exact date,Battles,Armed clash,Muslim Militia (Nigeria),,identity militias,Christian Militia (Nigeria),,identity militias,communal militia vs communal militia,Western Africa,Nigeria,Cross River,Boki,,Bamba,6.2901001,9.1141996,high,Agence France Presse,International,Ten are killed in a clash between Muslims and Christians over the introduction of Islamic law to the State.,10,1552577664,NGA,Battles,Armed clash
5001438,566,NIG631,631,01 July 2000,2000,exact date,Battles,Armed clash,OPC: Oodua Peoples Congress,,political militias,OPC: Oodua Peoples Congress,,political militias,political militia vs political militia,Western Africa,Nigeria,Lagos,Lagos Island,,Lagos,6.4531002,3.3958001,high,All Africa,Regional,Six OPC members are dead as well as several houses torched as the group fights within itself.,6,1552577664,NGA,Battles,Armed clash
5001481,566,NIG630,630,26 June 2000,2000,exact date,Battles,Armed clash,Ife Ethnic Militia (Nigeria),,identity militias,Modakeke Ethnic Militia (Nigeria),,identity militias,communal militia vs communal militia,Western Africa,Nigeria,Ogun,Ijebu Ode,,Ogbogbo,6.8487,3.9600999,high,All Africa,Regional,Two were killed in Osun State when the communities of Ife and Modakeke renewed clashes.,2,1552577664,NGA,Battles,Armed clash
5001533,566,NIG629,629,22 June 2000,2000,exact date,Violence against civilians,Attack,Unidentified Armed Group (Nigeria),,political militias,Civilians (Nigeria),,civilians,political militia vs civilians,Western Africa,Nigeria,Anambra,Onitsha North,,Onitsha,6.1454,6.7884998,high,Xinhua News,International,15 are killed when armed robbers attempt to take a bus full of civilians.,15,1552577664,NGA,Violence against civilians,Attack
5001604,566,NIG628,628,20 June 2000,2000,within week,Violence against civilians,Attack,Military Forces of Nigeria (1999-2015),,state forces,Civilians (Nigeria),,civilians,military vs civilians,Western Africa,Nigeria,Delta,Warri South,,Warri,5.5166998,5.75,high,Reuters News,International,Students protesting power cuts to their university clash with military forces leaving three dead and 200 injured.,3,1552577664,NGA,Violence against civilians,Attack
5001849,566,NIG625,625,05 June 2000,2000,exact date,Violence against civilians,Attack,Police Forces of Nigeria (1999-2015),,state forces,Civilians (Nigeria),,civilians,military vs civilians,Western Africa,Nigeria,Oyo,Ibadan North West,,Ibadan,7.3878002,3.8964,high,Agence France Presse,International,Police kill five on a bus who refuse to pay a highway toll.,5,1552577664,NGA,Violence against civilians,Attack
5001867,566,NIG627,627,05 June 2000,2000,exact date,Violence against civilians,Attack,Unidentified Armed Group (Nigeria),,political militias,Civilians (Nigeria),Government of Nigeria (2015-),civilians,political militia vs civilians,Western Africa,Nigeria,Oyo,Ibadan North West,,Ibadan,7.3878002,3.8964,high,BBC Monitoring Africa,National,Two members of the Oyo State House of Assembly were attacked by men suspected to be councilors who were protesting the alleged move by the state Assembly to reduce their tenure to two years.,0,1552577664,NGA,Violence against civilians,Attack
5001859,566,NIG626,626,05 June 2000,2000,exact date,Battles,Armed clash,Unidentified Armed Group (Nigeria),,political militias,Unidentified Armed Group (Nigeria),,political militias,political militia vs political militia,Western Africa,Nigeria,Ondo,Owo,,Owo,7.1961999,5.5868001,high,Panafrican News Agency,Regional,A clash over succession of the towns leadership and ownership of a traditional stool leads to 15 fatalities.,15,1552577664,NGA,Battles,Armed clash
5001879,566,NIG624,624,04 June 2000,2000,exact date,Battles,Armed clash,Ibibio Ethnic Militia (Nigeria),,identity militias,Efik Ethnic Militia (Nigeria),,identity militias,communal militia vs communal militia,Western Africa,Nigeria,Cross River,Calabar-Municipal,,Calabar,4.9667001,8.3332996,medium,Panafrican News Agency,Regional,A border dispute between the communities on the Cross River and Akwa Ibom border leads to bloodshed.,100,1552577664,NGA,Battles,Armed clash
5001894,566,NIG623,623,03 June 2000,2000,exact date,Battles,Armed clash,Ibibio Ethnic Militia (Nigeria),,identity militias,Efik Ethnic Militia (Nigeria),,identity militias,communal militia vs communal militia,Western Africa,Nigeria,Cross River,Calabar-Municipal,,Calabar,4.9667001,8.3332996,medium,Panafrican News Agency,Regional,A border dispute between the communities on the Cross River and Akwa Ibom border leads to bloodshed.,100,1552577664,NGA,Battles,Armed clash
5001933,566,NIG622,622,01 June 2000,2000,exact date,Violence against civilians,Attack,Yoruba Ethnic Militia (Nigeria),,identity militias,Civilians (Nigeria),,civilians,communal militia vs civilians,Western Africa,Nigeria,Lagos,Lagos Island,,Lagos,6.4531002,3.3958001,high,Reuters News,International,At least 15 people were killed when a Nigerian ethnic Yoruba militia hacked and burned to death alleged criminals in the commercial capital Lagos.,15,1552577665,NGA,Violence against civilians,Attack
5001987,566,NIG621,621,28 May 2000,2000,exact date,Battles,Armed clash,Ife Ethnic Militia (Nigeria),,identity militias,Modakeke Ethnic Militia (Nigeria),,identity militias,communal militia vs communal militia,Western Africa,Nigeria,Osun,Irewole,,Modakeke,7.3832998,4.2666998,high,Agence France Press; BBC News,International,At least 10 people were killed and dozens seriously injured in renewed fighting between residents of Ife and Modakeke,3,1552577665,NGA,Battles,Armed clash
5001986,566,NIG620,620,28 May 2000,2000,exact date,Battles,Armed clash,Ife Ethnic Militia (Nigeria),,identity militias,Modakeke Ethnic Militia (Nigeria),,identity militias,communal militia vs communal militia,Western Africa,Nigeria,Osun,Ife East,,Ife-Ife,7.4667001,4.5667,high,Agence France Press; BBC News,International,At least 10 people were killed and dozens seriously injured in renewed fighting between residents of Ife and Modakeke,2,1552577665,NGA,Battles,Armed clash
5002005,566,NIG619,619,27 May 2000,2000,exact date,Violence against civilians,Attack,Muslim Militia (Nigeria),,identity militias,Civilians (Nigeria),Christian Group (Nigeria),civilians,communal militia vs civilians,Western Africa,Nigeria,Kaduna,Kaduna North,,Kaduna,10.5222,7.4383001,high,All Africa,Regional,A Muslim group had killed a Catholic priest,1,1552577665,NGA,Violence against civilians,Attack
5002001,566,NIG618,618,27 May 2000,2000,exact date,Battles,Armed clash,Ife Ethnic Militia (Nigeria),,identity militias,Modakeke Ethnic Militia (Nigeria),,identity militias,communal militia vs communal militia,Western Africa,Nigeria,Osun,Irewole,,Modakeke,7.3832998,4.2666998,high,Agence France Press; BBC News,International,At least 10 people were killed and dozens seriously injured in renewed fighting between residents of Ife and Modakeke,3,1552577665,NGA,Battles,Armed clash
5002000,566,NIG617,617,27 May 2000,2000,exact date,Battles,Armed clash,Ife Ethnic Militia (Nigeria),,identity militias,Modakeke Ethnic Militia (Nigeria),,identity militias,communal militia vs communal militia,Western Africa,Nigeria,Osun,Ife East,,Ife-Ife,7.4667001,4.5667,high,Agence France Press; BBC News,International,At least 10 people were killed and dozens seriously injured in renewed fighting between residents of Ife and Modakeke,2,1552577665,NGA,Battles,Armed clash
5002041,566,NIG616,616,24 May 2000,2000,exact date,Strategic developments,Arrests,Police Forces of Nigeria (1999-2015),,state forces,Civilians (Nigeria),,civilians,military vs civilians,Western Africa,Nigeria,Kaduna,Kaduna North,,Kaduna,10.5222,7.4383001,high,Agence France Presse,International,Arrests: Police arrest over 180 people accused of taking part in the riots.,0,1552577665,NGA,Strategic developments,Arrests
5002040,566,NIG615,615,24 May 2000,2000,exact date,Battles,Armed clash,Muslim Militia (Nigeria),,identity militias,Christian Militia (Nigeria),,identity militias,communal militia vs communal militia,Western Africa,Nigeria,Kaduna,Kaduna North,,Kaduna,10.5222,7.4383001,high,Agence France Presse,International,300 are killed in clashes in Kaduna between Christian and Muslim militias. The violence started in the citys Narayi district when the Christians found the dead body of a co-religionist and decided to seek revenge.,100,1552577665,NGA,Battles,Armed clash
5002053,566,NIG613,613,23 May 2000,2000,exact date,Violence against civilians,Attack,Unidentified Armed Group (Nigeria),,political militias,Civilians (Nigeria),,civilians,political militia vs civilians,Western Africa,Nigeria,Ondo,Akure South,,Akure,7.2526002,5.1931,high,Agence France Presse,International,Unknown men murder a 14 year-old girl in Akure in a ritualistic fashion.,1,1552577665,NGA,Violence against civilians,Attack
5002052,566,NIG612,612,23 May 2000,2000,exact date,Battles,Armed clash,Muslim Militia (Nigeria),,identity militias,Christian Militia (Nigeria),,identity militias,communal militia vs communal militia,Western Africa,Nigeria,Kaduna,Kaduna North,,Kaduna,10.5222,7.4383001,high,Agence France Presse,International,300 are killed in clashes in Kaduna between Christian and Muslim militias. The violence started in the citys Narayi district when the Christians found the dead body of a co-religionist and decided to seek revenge.,100,1552577665,NGA,Battles,Armed clash
5002051,566,NIG614,614,23 May 2000,2000,exact date,Battles,Armed clash,MASSOB: Movement for the Actualization of a Sovereign State of Biafra,,rebel groups,Police Forces of Nigeria (1999-2015),,state forces,military vs rebels,Western Africa,Nigeria,Abia,Aba South,,Aba,5.1065998,7.3667002,high,Reuters News,International,Two are dead when members of the Movement for the Actualization of the Sovereign State of Biafra (MASSOB) clash with police in Aba.,2,1552577665,NGA,Battles,Armed clash
5002061,566,NIG610,610,22 May 2000,2000,exact date,Battles,Armed clash,Muslim Militia (Nigeria),,identity militias,Christian Militia (Nigeria),,identity militias,communal militia vs communal militia,Western Africa,Nigeria,Kaduna,Kaduna North,,Kaduna,10.5222,7.4383001,high,Agence France Presse,International,300 are killed in clashes in Kaduna between Christian and Muslim militias. The violence started in the citys Narayi district when the Christians found the dead body of a co-religionist and decided to seek revenge.,100,1552577665,NGA,Battles,Armed clash
5002090,566,NIG609,609,19 May 2000,2000,exact date,Battles,Armed clash,Fulani Ethnic Militia (Nigeria),Pastoralists (Nigeria),identity militias,Saki Communal Militia (Nigeria),,identity militias,communal militia vs communal militia,Western Africa,Nigeria,Oyo,Saki West,,Saki,8.6667004,3.3833001,high,Reuters News,International,Twelve are killed as the Fulani and Saki militias battle over the killing of farmer by cattle dealers.,12,1552577665,NGA,Battles,Armed clash
5002095,566,NIG608,608,18 May 2000,2000,exact date,Violence against civilians,Attack,Ibibio Ethnic Militia (Nigeria),,identity militias,Civilians (Nigeria),Efik Ethnic Group (Nigeria),civilians,communal militia vs civilians,Western Africa,Nigeria,Akwa Ibom,Itu,,Mbiabo Edere,5.1690998,8.0530996,high,This Day (Lagos); Post Express,Subnational,The Ibibio attack an Efik settlement due to a boundary dispute between Cross River state and Akwa Ibom state.,28,1552577665,NGA,Violence against civilians,Attack
5002110,566,NIG607,607,17 May 2000,2000,exact date,Violence against civilians,Attack,Ibibio Ethnic Militia (Nigeria),,identity militias,Civilians (Nigeria),Efik Ethnic Group (Nigeria),civilians,communal militia vs civilians,Western Africa,Nigeria,Akwa Ibom,Itu,,Mbiabo Edere,5.1690998,8.0530996,high,This Day (Lagos); Post Express,Subnational,The Ibibio attack an Efik settlement due to a boundary dispute between Cross River state and Akwa Ibom state.,27,1552577665,NGA,Violence against civilians,Attack
5002142,566,NIG606,606,16 May 2000,2000,exact date,Riots,Mob violence,Rioters (Nigeria),Muslim Group (Nigeria),rioters,Civilians (Nigeria),Christian Group (Nigeria),civilians,rioters vs civilians,Western Africa,Nigeria,Kaduna,Kaduna North,,Kaduna,10.5222,7.4383001,high,Agence France Press; BBC News,International,Muslim youth burn down a church in Kaduna.,0,1552577665,NGA,Riots,Mob violence
5002178,566,NIG605,605,15 May 2000,2000,exact date,Violence against civilians,Attack,Ibibio Ethnic Militia (Nigeria),,identity militias,Civilians (Nigeria),Efik Ethnic Group (Nigeria),civilians,communal militia vs civilians,Western Africa,Nigeria,Cross River,Akpabuyo,,Ikot Offiong,4.9331002,8.4215002,high,This Day (Lagos); Post Express,Subnational,The Ibibio attack an Efik settlement due to a boundary dispute between Cross River state and Akwa Ibom state.,17,1552577665,NGA,Violence against civilians,Attack
5002179,566,NIG604,604,15 May 2000,2000,within week,Violence against civilians,Attack,Unidentified Armed Group (Nigeria),,political militias,Civilians (Nigeria),MASSOB: Movement for the Actualization of a Sovereign State of Biafra,civilians,political militia vs civilians,Western Africa,Nigeria,Lagos,Lagos Island,,Lagos,6.4531002,3.3958001,high,All Africa,Regional,Coordinator of the Movement for the Actualization for the Sovereign State of Biafra (MASSOB),0,1552577665,NGA,Violence against civilians,Attack
5002209,566,NIG603,603,14 May 2000,2000,exact date,Violence against civilians,Attack,Ibibio Ethnic Militia (Nigeria),,identity militias,Civilians (Nigeria),Efik Ethnic Group (Nigeria),civilians,communal militia vs civilians,Western Africa,Nigeria,Cross River,Akpabuyo,,Ikot Offiong,4.9331002,8.4215002,high,This Day (Lagos); Post Express,Subnational,The Ibibio attack an Efik settlement due to a boundary dispute between Cross River state and Akwa Ibom state.,18,1552577665,NGA,Violence against civilians,Attack
5002210,566,NIG602,602,13 May 2000,2000,exact date,Riots,Mob violence,Rioters (Nigeria),,rioters,Police Forces of Nigeria (1999-2015),,state forces,military vs rioters,Western Africa,Nigeria,Kaduna,Kaduna North,,Kaduna,10.5222,7.4383001,high,Agence France Presse,International,A violent mob kills a police officer suspects of robbing from civilians in Kaduna.,1,1552577665,NGA,Riots,Mob violence
5002217,566,NIG601,601,13 May 2000,2000,within week,Battles,Armed clash,Unidentified Armed Group (Nigeria),,political militias,Police Forces of Nigeria (1999-2015),,state forces,military vs political militia,Western Africa,Nigeria,Lagos,Lagos Island,,Lagos,6.4531002,3.3958001,high,Agence France Presse,International,Unknown armed men kill a high ranking police officer in Lagos before they were arrested under suspicion of the act.,1,1552577665,NGA,Battles,Armed clash
5002245,566,NIG599,599,10 May 2000,2000,exact date,Violence against civilians,Attack,Unidentified Armed Group (Nigeria),,political militias,Civilians (Nigeria),,civilians,political militia vs civilians,Western Africa,Nigeria,Bauchi,Bauchi,,Bauchi,10.3134,9.8432999,high,Agence France Presse,International,"Abatti Saleh son of Abuja High Court Chief Judge Dahiru Saleh was shot dead by a gang of armed men as he drove along the Jamare-Kiyima road.""",1,1552577665,NGA,Violence against civilians,Attack
5002288,566,NIG598,598,07 May 2000,2000,exact date,Riots,Violent demonstration,Rioters (Nigeria),,rioters,,,0,sole rioter action,Western Africa,Nigeria,Lagos,Lagos Island,,Lagos,6.4531002,3.3958001,high,Reuters News,International,A trade union worker dead while fighting police over a recent union strike.,1,1552577665,NGA,Riots,Violent demonstration
5002293,566,NIG595,595,06 May 2000,2000,exact date,Strategic developments,Arrests,PDP: Peoples Democratic Party,,political militias,Police Forces of Nigeria (1999-2015),,state forces,military vs political militia,Western Africa,Nigeria,Federal Capital Territory,Abuja Municipal,,Abuja,9.0832996,7.5332999,high,Agence France Presse,International,Abuja police said Monday they had arrested 120 supporters of Senate President Chuba Okadigbo over a demonstration deemed illegal because those involved had not obtained a permit.,0,1552577665,NGA,Strategic developments,Arrests
5002296,566,NIG596,596,06 May 2000,2000,within week,Violence against civilians,Attack,Military Forces of Nigeria (1999-2015),,state forces,Civilians (Nigeria),,civilians,military vs civilians,Western Africa,Nigeria,Bayelsa,Brass,,Twonkubu,4.3263998,6.2497001,high,Agence France Presse,International,The five were shot dead by naval personnel guarding an oil terminal belonging to the Nigerian arm of Italys oil giant Agip at Twon-Brass.,5,1552577665,NGA,Violence against civilians,Attack
5002298,566,NIG597,597,06 May 2000,2000,exact date,Riots,Mob violence,Rioters (Nigeria),Owo Communal Group (Nigeria),rioters,Rioters (Nigeria),Owo Communal Group (Nigeria),rioters,rioters vs rioters,Western Africa,Nigeria,Ondo,Owo,,Owo,7.1961999,5.5868001,high,Reuters News,International,15 are killed in a communal clash in Owo in a struggle between factions laying rival claims to the traditional post of headman of the town.,15,1552577665,NGA,Riots,Mob violence
5002314,566,NIG594,594,04 May 2000,2000,exact date,Battles,Armed clash,Ile-Ife Communal Militia (Nigeria),,identity militias,Modakeke Ethnic Militia (Nigeria),,identity militias,communal militia vs communal militia,Western Africa,Nigeria,Osun,Ife East,,Ife-Ife,7.4667001,4.5667,medium,Xinhua News,International,Five have been killed following communal violence between the towns of Ile-Ife and Modakeke.,5,1552577665,NGA,Battles,Armed clash
5002374,566,NIG593,593,01 May 2000,2000,exact date,Violence against civilians,Attack,Unidentified Armed Group (Nigeria),,political militias,Civilians (Nigeria),,civilians,political militia vs civilians,Western Africa,Nigeria,Oyo,Ibadan North West,,Ibadan,7.3878002,3.8964,medium,All Africa,Regional,Ten are dead when armed men attacked a bus traveling on the Lagos-Ibadan Expressway.,10,1552577665,NGA,Violence against civilians,Attack
5002375,566,NIG592,592,01 May 2000,2000,exact date,Violence against civilians,Attack,Yoruba Ethnic Militia (Nigeria),,identity militias,Civilians (Nigeria),,civilians,communal militia vs civilians,Western Africa,Nigeria,Lagos,Lagos Island,,Lagos,6.4531002,3.3958001,high,Reuters News,International,Yoruba separatists kill four civilians on the heels of a clash with police.,4,1552577665,NGA,Violence against civilians,Attack
5002483,566,NIG591,591,17 April 2000,2000,exact date,Strategic developments,Other,Ibeno Communal Militia (Nigeria),,identity militias,,,0,sole communal militia action,Western Africa,Nigeria,Akwa Ibom,Ibeno,,Ibeno,4.5686998,7.9786,high,All Africa,Regional,Non-violent activity: The Ibeno militia seized three Exxon Mobil vessels in protest over the alleged monetary neglect of the people of the area.,0,1552577665,NGA,Strategic developments,Other
5002512,566,NIG590,590,15 April 2000,2000,exact date,Battles,Armed clash,Udu Ethnic Militia (Nigeria),,identity militias,Uvwie Ethnic Militia (Nigeria),,identity militias,communal militia vs communal militia,Western Africa,Nigeria,Delta,Warri South,,Warri,5.5166998,5.75,high,All Africa,Regional,Two die in a dispute over the Delta State town of Enerhen,2,1552577665,NGA,Battles,Armed clash
5002536,566,NIG589,589,13 April 2000,2000,exact date,Battles,Armed clash,Ilogo Communal Militia (Nigeria),,identity militias,Araromi Communal Militia (Nigeria),,identity militias,communal militia vs communal militia,Western Africa,Nigeria,Lagos,Badagry,,Badagry,6.4166999,2.8833001,high,All Africa,Regional,A communal clash over land usage in Lagos State leaves two dead.,2,1552577665,NGA,Battles,Armed clash
5002535,566,NIG588,588,13 April 2000,2000,exact date,Battles,Armed clash,Saro-Wiwa Militia,,political militias,Ogoni Ethnic Militia (Nigeria),,identity militias,political militia vs communal militia,Western Africa,Nigeria,Bayelsa,Sagbama,,Niger Delta,4.8333001,6,medium,Lloyds Information Casualty Report,International,Violence kills five in a battle between rival factions over oil usage in the area.,5,1552577665,NGA,Battles,Armed clash
5002552,566,NIG586,586,11 April 2000,2000,exact date,Riots,Violent demonstration,Rioters (Nigeria),Muslim Group (Nigeria),rioters,,,0,sole rioter action,Western Africa,Nigeria,Kaduna,Kaduna North,,Kaduna,10.5222,7.4383001,high,Post Express,National,Muslim youths riot after police shoot dead a Muslim without identification,0,1552577665,NGA,Riots,Violent demonstration
5002553,566,NIG587,587,11 April 2000,2000,exact date,Violence against civilians,Attack,Police Forces of Nigeria (1999-2015),,state forces,Civilians (Nigeria),Muslim Group (Nigeria),civilians,military vs civilians,Western Africa,Nigeria,Kaduna,Kaduna North,,Kaduna,10.5222,7.4383001,high,Post Express,National,Police shoot dead a Muslim youth after he runs when asked for identification.,1,1552577665,NGA,Violence against civilians,Attack
5002565,566,NIG585,585,10 April 2000,2000,exact date,Riots,Mob violence,Rioters (Nigeria),,rioters,Police Forces of Nigeria (1999-2015),,state forces,military vs rioters,Western Africa,Nigeria,Lagos,Lagos Island,,Lagos,6.4531002,3.3958001,high,All Africa,Regional,A mob set ablaze two policemen in protest against the shooting of a commuter in Lagos.,2,1552577665,NGA,Riots,Mob violence
5002616,566,NIG584,584,05 April 2000,2000,exact date,Battles,Armed clash,Ife Ethnic Militia (Nigeria),,identity militias,Modakeke Ethnic Militia (Nigeria),,identity militias,communal militia vs communal militia,Western Africa,Nigeria,Osun,Ife East,,Ife-Ife,7.4667001,4.5667,medium,Agence France Presse,International,25 dead and 50 wounded in a renewed clash between the people of Ife and Modakeke over land ownership rights.,25,1552577665,NGA,Battles,Armed clash
5002629,566,NIG582,582,04 April 2000,2000,within week,Violence against civilians,Abduction/forced disappearance,Unidentified Armed Group (Nigeria),,political militias,Civilians (Nigeria),,civilians,political militia vs civilians,Western Africa,Nigeria,Bayelsa,Sagbama,,Niger Delta,4.8333001,6,medium,Reuters News,International,An armed group kidnaps and holds two oil workers in the Niger Delta.,0,1552577665,NGA,Violence against civilians,Abduction/forced disappearance
5002630,566,NIG583,583,04 April 2000,2000,exact date,Battles,Armed clash,Ijaw Ethnic Militia (Nigeria),,identity militias,Itsekiri Ethnic Militia (Nigeria),,identity militias,communal militia vs communal militia,Western Africa,Nigeria,Delta,Warri South,,Warri,5.5166998,5.75,high,All Africa,Regional,Two are dead following hostilities between the Ijaw and Itsekiri people.,2,1552577665,NGA,Battles,Armed clash
5002645,566,NIG581,581,03 April 2000,2000,exact date,Battles,Armed clash,Ife Ethnic Militia (Nigeria),,identity militias,Modakeke Ethnic Militia (Nigeria),,identity militias,communal militia vs communal militia,Western Africa,Nigeria,Osun,Irewole,,Modakeke,7.3832998,4.2666998,high,All Africa,Regional,Ten are dead following fighting in Osun State between the communities of Ife and Modakeke.,0,1552577665,NGA,Battles,Armed clash
5002665,566,NIG580,580,01 April 2000,2000,exact date,Battles,Armed clash,Yoruba Ethnic Militia (Nigeria),,identity militias,Police Forces of Nigeria (1999-2015),,state forces,military vs communal militia,Western Africa,Nigeria,Lagos,Lagos Island,,Lagos,6.4531002,3.3958001,high,Reuters News,International,Five police were injured when Yoruba separatists attacked them.,0,1552577665,NGA,Battles,Armed clash
5002690,566,NIG579,579,30 March 2000,2000,exact date,Riots,Mob violence,Rioters (Nigeria),,rioters,Iheagwa Ethnic Militia (Nigeria),,identity militias,communal militia vs rioters,Western Africa,Nigeria,Imo,Owerri-Municipal,,Owerri,5.4833002,7.0303998,high,All Africa,Regional,Students of the Federal University of Technology (FUTO),0,1552577665,NGA,Riots,Mob violence
5183409,566,NIG578,578,29 March 2000,2000,exact date,Battles,Armed clash,Muslim Militia (Nigeria),,identity militias,Christian Militia (Nigeria),,identity militias,communal militia vs communal militia,Western Africa,Nigeria,Borno,Damboa,,Damboa,11.156,12.7576,high,Agence France Press; BBC News,International,"15 people die in clashes between Muslims and Christians over a piece of land is bought by Christians to build a church, in breach of a prior agreement.",7,1558387849,NGA,Battles,Armed clash
5183410,566,NIG577,577,28 March 2000,2000,exact date,Battles,Armed clash,Muslim Militia (Nigeria),,identity militias,Christian Militia (Nigeria),,identity militias,communal militia vs communal militia,Western Africa,Nigeria,Borno,Damboa,,Damboa,11.156,12.7576,high,Agence France Press; BBC News,International,"15 people die in clashes between Muslims and Christians over a piece of land is bought by Christians to build a church, in breach of a prior agreement.",8,1558387849,NGA,Battles,Armed clash
5183411,566,NIG574,574,27 March 2000,2000,exact date,Riots,Violent demonstration,Rioters (Nigeria),Christian Group (Nigeria),rioters,Rioters (Nigeria),Muslim Group (Nigeria),rioters,rioters vs rioters,Western Africa,Nigeria,Borno,Damboa,,Damboa,11.156,12.7576,high,Agence France Presse,International,"Eight houses were destroyed in rioting in the Damboa area of Borno State on Monday, between Christian and Muslim youths.",0,1558387849,NGA,Riots,Violent demonstration
5002722,566,NIG575,575,27 March 2000,2000,exact date,Riots,Mob violence,Rioters (Nigeria),,rioters,Police Forces of Nigeria (1999-2015),,state forces,military vs rioters,Western Africa,Nigeria,Borno,Maiduguri,,Maiduguri,11.8464,13.1603,high,The Guardian,National,"Following clashes between Muslim and Christian militias, riot police dispersed to the area, but were overpowered and their barracks ransacked by rioters, leaving many injured.",0,1552577665,NGA,Riots,Mob violence
5002730,566,NIG576,576,27 March 2000,2000,within week,Battles,Armed clash,Muslim Militia (Nigeria),,identity militias,Christian Militia (Nigeria),,identity militias,communal militia vs communal militia,Western Africa,Nigeria,Borno,Maiduguri,,Maiduguri,11.8464,13.1603,high,Associated Press; The Guardian (Nigeria),National-international,"Around 20 people total (estimated 5 in Maiduguri, and 15 in Damboa) killed in inter-religious clashes in Borno State.",5,1552577665,NGA,Battles,Armed clash
5002739,566,NIG573,573,26 March 2000,2000,exact date,Violence against civilians,Attack,Unidentified Armed Group (Nigeria),,political militias,Civilians (Nigeria),,civilians,political militia vs civilians,Western Africa,Nigeria,Bayelsa,Sagbama,,Niger Delta,4.8333001,6,medium,Reuters News,International,Ethnic militants attack a small boat in the Niger Delta injuring 10 passengers.,0,1552577665,NGA,Violence against civilians,Attack
5002743,566,NIG572,572,26 March 2000,2000,exact date,Violence against civilians,Attack,Unidentified Armed Group (Nigeria),,political militias,Civilians (Nigeria),,civilians,political militia vs civilians,Western Africa,Nigeria,Bayelsa,Sagbama,,Niger Delta,4.8333001,6,medium,Reuters News,International,Ethnic militants attack a military escort ship in the Niger Delta injuring 5 sailors.,0,1552577665,NGA,Violence against civilians,Attack
5002788,566,NIG571,571,20 March 2000,2000,exact date,Violence against civilians,Attack,Police Forces of Nigeria (1999-2015),,state forces,Civilians (Nigeria),,civilians,military vs civilians,Western Africa,Nigeria,Kaduna,Kaduna North,,Kaduna,10.5222,7.4383001,high,Reuters News,International,Four were killed when police in Kaduna State opened fire on a towns residents in an effort to restore a fragile peace.,4,1552577665,NGA,Violence against civilians,Attack
5002791,566,NIG570,570,20 March 2000,2000,exact date,Protests,Excessive force against protesters,Police Forces of Nigeria (1999-2015),,state forces,Protesters (Nigeria),Muslim Group (Nigeria),protesters,military vs protesters,Western Africa,Nigeria,Kaduna,Kaduna North,,Kaduna,10.5222,7.4383001,high,Agence France Press; BBC News,International,A group of policemen are surrounded by a group of Muslims when trying to arrest some Muslim men suspected of providing weapons during the riots. The police shoot dead two of the men.,2,1552577665,NGA,Protests,Excessive force against protesters
5002810,566,NIG569,569,16 March 2000,2000,exact date,Battles,Armed clash,Ife Ethnic Militia (Nigeria),,identity militias,Modakeke Ethnic Militia (Nigeria),,identity militias,communal militia vs communal militia,Western Africa,Nigeria,Osun,Irewole,,Modakeke,7.3832998,4.2666998,high,Reuters News,International,Religious clashes take the lives of 15 in the town of Modakeke.,15,1552577666,NGA,Battles,Armed clash
5002806,566,NIG568,568,16 March 2000,2000,exact date,Battles,Armed clash,Ife Ethnic Militia (Nigeria),,identity militias,Modakeke Ethnic Militia (Nigeria),,identity militias,communal militia vs communal militia,Western Africa,Nigeria,Osun,Ife East,,Ife-Ife,7.4667001,4.5667,high,Reuters News,International,Religious clashes take the lives of 15 in the town of Ife.,15,1552577666,NGA,Battles,Armed clash
5002842,566,NIG567,567,13 March 2000,2000,exact date,Battles,Armed clash,Yoruba Ethnic Militia (Nigeria),,identity militias,Hausa Ethnic Militia (Nigeria),,identity militias,communal militia vs communal militia,Western Africa,Nigeria,Lagos,Lagos Island,,Lagos,6.4531002,3.3958001,medium,All Africa,Regional,15 dead at a border town as the local militia becomes violent.,15,1552577666,NGA,Battles,Armed clash
5002855,566,NIG566,566,12 March 2000,2000,exact date,Riots,Mob violence,Rioters (Nigeria),Muslim Group (Nigeria),rioters,Civilians (Nigeria),Christian Group (Nigeria),civilians,rioters vs civilians,Western Africa,Nigeria,Sokoto,Shagari,,Gidanmandi,12.3787,5.2098999,high,Agence France Press; BBC News,International,A church was burnt down by a group suspected to be Muslims in a northern Nigerian town on Sunday after police guards manning the building left.,0,1552577666,NGA,Riots,Mob violence
5002846,566,NIG565,565,12 March 2000,2000,exact date,Battles,Armed clash,Ife Ethnic Militia (Nigeria),,identity militias,Modakeke Ethnic Militia (Nigeria),,identity militias,communal militia vs communal militia,Western Africa,Nigeria,Osun,Irewole,,Modakeke,7.3832998,4.2666998,high,Agence France Press; BBC News,International,20 more people are killed in clashes between the Ife and the Modakeke in Osun state.,3,1552577666,NGA,Battles,Armed clash
5002845,566,NIG564,564,12 March 2000,2000,exact date,Battles,Armed clash,Ife Ethnic Militia (Nigeria),,identity militias,Modakeke Ethnic Militia (Nigeria),,identity militias,communal militia vs communal militia,Western Africa,Nigeria,Osun,Ife East,,Ife-Ife,7.4667001,4.5667,high,Agence France Press; BBC News,International,20 more people are killed in clashes between the Ife and the Modakeke in Osun state.,4,1552577666,NGA,Battles,Armed clash
5002858,566,NIG563,563,11 March 2000,2000,exact date,Battles,Armed clash,Ife Ethnic Militia (Nigeria),,identity militias,Modakeke Ethnic Militia (Nigeria),,identity militias,communal militia vs communal militia,Western Africa,Nigeria,Osun,Irewole,,Modakeke,7.3832998,4.2666998,high,Agence France Press; BBC News,International,20 more people are killed in clashes between the Ife and the Modakeke in Osun state.,4,1552577666,NGA,Battles,Armed clash
5002857,566,NIG562,562,11 March 2000,2000,exact date,Battles,Armed clash,Ife Ethnic Militia (Nigeria),,identity militias,Modakeke Ethnic Militia (Nigeria),,identity militias,communal militia vs communal militia,Western Africa,Nigeria,Osun,Ife East,,Ife-Ife,7.4667001,4.5667,high,Agence France Press; BBC News,International,20 more people are killed in clashes between the Ife and the Modakeke in Osun state.,3,1552577666,NGA,Battles,Armed clash
5002865,566,NIG561,561,10 March 2000,2000,exact date,Battles,Armed clash,Ife Ethnic Militia (Nigeria),,identity militias,Modakeke Ethnic Militia (Nigeria),,identity militias,communal militia vs communal militia,Western Africa,Nigeria,Osun,Irewole,,Modakeke,7.3832998,4.2666998,high,Agence France Press; BBC News,International,20 more people are killed in clashes between the Ife and the Modakeke in Osun state.,3,1552577666,NGA,Battles,Armed clash
5002864,566,NIG560,560,10 March 2000,2000,exact date,Battles,Armed clash,Ife Ethnic Militia (Nigeria),,identity militias,Modakeke Ethnic Militia (Nigeria),,identity militias,communal militia vs communal militia,Western Africa,Nigeria,Osun,Ife East,,Ife-Ife,7.4667001,4.5667,high,Agence France Press; BBC News,International,20 more people are killed in clashes between the Ife and the Modakeke in Osun state.,3,1552577666,NGA,Battles,Armed clash
5002881,566,NIG559,559,08 March 2000,2000,within week,Strategic developments,Arrests,Police Forces of Nigeria (1999-2015),,state forces,Police Forces of Nigeria (1999-2015),,state forces,military vs military,Western Africa,Nigeria,Kaduna,Kaduna North,,Kaduna,10.5222,7.4383001,high,Agence France Presse,International,Arrests: Police arrest over 33 policemen accused of taking part in the riots.,0,1552577666,NGA,Strategic developments,Arrests
5002887,566,NIG557,557,07 March 2000,2000,exact date,Battles,Armed clash,Ife Ethnic Militia (Nigeria),,identity militias,Modakeke Ethnic Militia (Nigeria),,identity militias,communal militia vs communal militia,Western Africa,Nigeria,Osun,Irewole,,Modakeke,7.3832998,4.2666998,high,Agence France Press; BBC News,International,between 30 and 35 are killed in clashes over land rights between Friday the 3rd and Tuesday the 7th in Ife and Modakeke.,3,1552577666,NGA,Battles,Armed clash
5002886,566,NIG556,556,07 March 2000,2000,exact date,Battles,Armed clash,Ife Ethnic Militia (Nigeria),,identity militias,Modakeke Ethnic Militia (Nigeria),,identity militias,communal militia vs communal militia,Western Africa,Nigeria,Osun,Ife East,,Ife-Ife,7.4667001,4.5667,high,Agence France Press; BBC News,International,between 30 and 35 are killed in clashes over land rights between Friday the 3rd and Tuesday the 7th in Ife and Modakeke.,3,1552577666,NGA,Battles,Armed clash
5002888,566,NIG558,558,07 March 2000,2000,exact date,Riots,Violent demonstration,Police Forces of Nigeria (1999-2015),,state forces,Rioters (Nigeria),Muslim Group (Nigeria),rioters,military vs rioters,Western Africa,Nigeria,Sokoto,Sokoto North,,Sokoto,13.048,5.2143002,high,Agence France Press; BBC News,International,Three people were reportedly shot by police and two churches burned down in the city of Sokoto in clashes around the university campus during a demonstration by Muslim students.,3,1552577666,NGA,Riots,Violent demonstration
5002891,566,NIG554,554,06 March 2000,2000,exact date,Battles,Armed clash,Ife Ethnic Militia (Nigeria),,identity militias,Modakeke Ethnic Militia (Nigeria),,identity militias,communal militia vs communal militia,Western Africa,Nigeria,Osun,Ife East,,Ife-Ife,7.4667001,4.5667,high,Agence France Press; BBC News,International,35 are killed in clashes over land rights between Friday the 3rd and Tuesday the 7th in Ife and Modakeke.,3,1552577666,NGA,Battles,Armed clash
5002892,566,NIG555,555,06 March 2000,2000,exact date,Battles,Armed clash,Ife Ethnic Militia (Nigeria),,identity militias,Modakeke Ethnic Militia (Nigeria),,identity militias,communal militia vs communal militia,Western Africa,Nigeria,Osun,Irewole,,Modakeke,7.3832998,4.2666998,high,Agence France Press; BBC News,International,35 are killed in clashes over land rights between Friday the 3rd and Tuesday the 7th in Ife and Modakeke.,3,1552577666,NGA,Battles,Armed clash
5002902,566,NIG553,553,05 March 2000,2000,exact date,Battles,Armed clash,Ife Ethnic Militia (Nigeria),,identity militias,Modakeke Ethnic Militia (Nigeria),,identity militias,communal militia vs communal militia,Western Africa,Nigeria,Osun,Irewole,,Modakeke,7.3832998,4.2666998,high,Agence France Press; BBC News,International,35 are killed in clashes over land rights between Friday the 3rd and Tuesday the 7th in Ife and Modakeke.,3,1552577666,NGA,Battles,Armed clash
5002901,566,NIG552,552,05 March 2000,2000,exact date,Battles,Armed clash,Ife Ethnic Militia (Nigeria),,identity militias,Modakeke Ethnic Militia (Nigeria),,identity militias,communal militia vs communal militia,Western Africa,Nigeria,Osun,Ife East,,Ife-Ife,7.4667001,4.5667,high,Agence France Press; BBC News,International,35 are killed in clashes over land rights between Friday the 3rd and Tuesday the 7th in Ife and Modakeke.,3,1552577666,NGA,Battles,Armed clash
5002907,566,NIG550,550,04 March 2000,2000,exact date,Battles,Armed clash,Ife Ethnic Militia (Nigeria),,identity militias,Modakeke Ethnic Militia (Nigeria),,identity militias,communal militia vs communal militia,Western Africa,Nigeria,Osun,Ife East,,Ife-Ife,7.4667001,4.5667,high,Agence France Press; BBC News,International,35 are killed in clashes over land rights between Friday the 3rd and Tuesday the 7th in Ife and Modakeke.,3,1552577666,NGA,Battles,Armed clash
5002908,566,NIG551,551,04 March 2000,2000,exact date,Battles,Armed clash,Ife Ethnic Militia (Nigeria),,identity militias,Modakeke Ethnic Militia (Nigeria),,identity militias,communal militia vs communal militia,Western Africa,Nigeria,Osun,Irewole,,Modakeke,7.3832998,4.2666998,high,Agence France Press; BBC News,International,35 are killed in clashes over land rights between Friday the 3rd and Tuesday the 7th in Ife and Modakeke.,3,1552577666,NGA,Battles,Armed clash
5002916,566,NIG549,549,03 March 2000,2000,exact date,Battles,Armed clash,Ife Ethnic Militia (Nigeria),,identity militias,Modakeke Ethnic Militia (Nigeria),,identity militias,communal militia vs communal militia,Western Africa,Nigeria,Osun,Irewole,,Modakeke,7.3832998,4.2666998,high,Agence France Press; BBC News,International,35 are killed in clashes over land rights between Friday the 3rd and Tuesday the 7th in Ife and Modakeke.,3,1552577666,NGA,Battles,Armed clash
5002915,566,NIG548,548,03 March 2000,2000,exact date,Battles,Armed clash,Ife Ethnic Militia (Nigeria),,identity militias,Modakeke Ethnic Militia (Nigeria),,identity militias,communal militia vs communal militia,Western Africa,Nigeria,Osun,Ife East,,Ife-Ife,7.4667001,4.5667,high,Agence France Press; BBC News,International,35 are killed in clashes over land rights between Friday the 3rd and Tuesday the 7th in Ife and Modakeke.,3,1552577666,NGA,Battles,Armed clash
5002921,566,NIG547,547,01 March 2000,2000,exact date,Riots,Violent demonstration,Police Forces of Nigeria (1999-2015),,state forces,Rioters (Nigeria),Bakassi Boys Militia,rioters,military vs rioters,Western Africa,Nigeria,Imo,Owerri-Municipal,,Owerri,5.4833002,7.0303998,high,The Guardian (Lagos),Subnational,Riots erupt after rumours circulate that bodies belonging to Igbos killed in the Kaduna violence have been brought into the city. Igbos riot and smash property but the police disperse the riot.,0,1552577666,NGA,Riots,Violent demonstration
5002940,566,NIG543,543,29 February 2000,2000,exact date,Battles,Armed clash,Muslim Militia (Nigeria),,identity militias,Christian Militia (Nigeria),,identity militias,communal militia vs communal militia,Western Africa,Nigeria,Abia,Aba South,,Aba,5.1065998,7.3667002,high,Agence France Press; BBC News,International,450 are reported dead after Ibos and Hausas clash in the southern town of Aba. Many of the Ibos involved were refugees from the violence in Kaduna.,225,1552577666,NGA,Battles,Armed clash
5002946,566,NIG545,545,29 February 2000,2000,exact date,Violence against civilians,Attack,Christian Militia (Nigeria),,identity militias,Civilians (Nigeria),Muslim Group (Nigeria),civilians,communal militia vs civilians,Western Africa,Nigeria,Akwa Ibom,Uyo,,Uyo,5.0332999,7.9266,high,All Africa,Regional,Reprisal violence of the Kaduna State killing spreads to Uyo,0,1552577666,NGA,Violence against civilians,Attack
5002941,566,NIG544,544,29 February 2000,2000,exact date,Battles,Armed clash,Police Forces of Nigeria (1999-2015),,state forces,Igbo Ethnic Militia (Nigeria),,identity militias,military vs communal militia,Western Africa,Nigeria,Abia,Umuahia North,,Umuahia,5.5263,7.4896002,high,Agence France Press; BBC News,International,Police prevent a group of Igbos from entering a police station where Hausas are seeking shelter. Two Igbos are shot dead.,2,1552577666,NGA,Battles,Armed clash
5002951,566,NIG541,541,28 February 2000,2000,exact date,Battles,Armed clash,Hausa Ethnic Militia (Nigeria),Muslim Group (Nigeria),identity militias,Igbo Ethnic Militia (Nigeria),Christian Group (Nigeria),identity militias,communal militia vs communal militia,Western Africa,Nigeria,Abia,Aba South,,Aba,5.1065998,7.3667002,high,Agence France Press; BBC News,International,450 are reported dead after Igbos and Hausas clash in the southern town of Aba. Many of the Ibos involved were refugees from the violence in Kaduna.,225,1552577666,NGA,Battles,Armed clash
5002947,566,NIG542,542,28 February 2000,2000,exact date,Battles,Armed clash,Hausa Ethnic Militia (Nigeria),Muslim Group (Nigeria),identity militias,Igbo Ethnic Militia (Nigeria),Christian Group (Nigeria),identity militias,communal militia vs communal militia,Western Africa,Nigeria,Imo,Owerri-Municipal,,Owerri,5.4833002,7.0303998,high,Agence France Press; BBC News,International,Two die in clashes between northerners and southerners in Owerri.,2,1552577666,NGA,Battles,Armed clash
5002978,566,NIG539,539,24 February 2000,2000,within week,Strategic developments,Arrests,Police Forces of Nigeria (1999-2015),,state forces,Civilians (Nigeria),Rioters (Nigeria),civilians,military vs civilians,Western Africa,Nigeria,Kaduna,Kaduna North,,Kaduna,10.5222,7.4383001,high,Agence France Press; BBC News,International,Arrests: Police arrest 300 suspected to taking part in the Kaduna religious violence.,0,1552577666,NGA,Strategic developments,Arrests
5002986,566,NIG537,537,23 February 2000,2000,exact date,Battles,Armed clash,Muslim Militia (Nigeria),,identity militias,Christian Militia (Nigeria),,identity militias,communal militia vs communal militia,Western Africa,Nigeria,Kaduna,Kachia,,Kachia,9.8733997,7.9541001,medium,Government of Nigeria; Human Rights Watch,Other,"Clashes between Christian and Muslim militias over the imposition of Sharia law in Kaduna state took place in Kaduna and spiralled to the neighbouring towns of Kachia and Walijo over 21-23 February. A Nigerian Commission of Inquiry reported a year later that at least 1,295 people were killed in the February violence, while many others were buried unidentified or declared missing. Entire city blocks on each side of the religious divide were destroyed, and 300 people arrested in connection with the violence by police.",215,1552577666,NGA,Battles,Armed clash
5002981,566,NIG538,538,23 February 2000,2000,exact date,Battles,Armed clash,Muslim Militia (Nigeria),,identity militias,Christian Militia (Nigeria),,identity militias,communal militia vs communal militia,Western Africa,Nigeria,Kaduna,Kaduna North,,Kaduna,10.5222,7.4383001,high,Government of Nigeria; Human Rights Watch,Other,"Clashes between Christian and Muslim militias over the imposition of Sharia law in Kaduna state took place in Kaduna and spiralled to the neighbouring towns of Kachia and Walijo over 21-23 February. A Nigerian Commission of Inquiry reported a year later that at least 1,295 people were killed in the February violence, while many others were buried unidentified or declared missing. Entire city blocks on each side of the religious divide were destroyed, and 300 people arrested in connection with the violence by police.",216,1552577666,NGA,Battles,Armed clash
5002996,566,NIG534,534,22 February 2000,2000,exact date,Strategic developments,Change to group/activity,Military Forces of Nigeria (1999-2015),,state forces,,,0,sole military action,Western Africa,Nigeria,Kaduna,Kaduna North,,Kaduna,10.5222,7.4383001,high,Xinhua News,International,Security Measures: Troops are moved into Kaduna to impose a curfew and stop religious violence.,0,1552577666,NGA,Strategic developments,Change to group/activity
5002994,566,NIG535,535,22 February 2000,2000,exact date,Battles,Armed clash,Muslim Militia (Nigeria),,identity militias,Christian Militia (Nigeria),,identity militias,communal militia vs communal militia,Western Africa,Nigeria,Kaduna,Kachia,,Kachia,9.8733997,7.9541001,medium,Government of Nigeria; Human Rights Watch,Other,"Clashes between Christian and Muslim militias over the imposition of Sharia law in Kaduna state took place in Kaduna and spiralled to the neighbouring towns of Kachia and Walijo over 21-23 February. A Nigerian Commission of Inquiry reported a year later that at least 1,295 people were killed in the February violence, while many others were buried unidentified or declared missing. Entire city blocks on each side of the religious divide were destroyed, and 300 people arrested in connection with the violence by police.",216,1552577666,NGA,Battles,Armed clash
5002991,566,NIG536,536,22 February 2000,2000,exact date,Battles,Armed clash,Muslim Militia (Nigeria),,identity militias,Christian Militia (Nigeria),,identity militias,communal militia vs communal militia,Western Africa,Nigeria,Kaduna,Kaduna North,,Kaduna,10.5222,7.4383001,high,Government of Nigeria; Human Rights Watch,Other,"Clashes between Christian and Muslim militias over the imposition of Sharia law in Kaduna state took place in Kaduna and spiralled to the neighbouring towns of Kachia and Walijo over 21-23 February. A Nigerian Commission of Inquiry reported a year later that at least 1,295 people were killed in the February violence, while many others were buried unidentified or declared missing. Entire city blocks on each side of the religious divide were destroyed, and 300 people arrested in connection with the violence by police.",216,1552577666,NGA,Battles,Armed clash
5002999,566,NIG530,530,21 February 2000,2000,exact date,Protests,Peaceful protest,Protesters (Nigeria),CAN: Christian Association of Nigeria,protesters,,,0,sole protester action,Western Africa,Nigeria,Kaduna,Kaduna North,,Kaduna,10.5222,7.4383001,high,Agence France Presse,International,Tens of thousands of Christians had gathered in central Kaduna from around 7:00 a.m. on Monday after calls were made in churches in the city on Sunday for a mass demonstration to oppose Muslims demands for the introduction of Islamic Sharia law.,0,1552577666,NGA,Protests,Peaceful protest
5003003,566,NIG531,531,21 February 2000,2000,within week,Battles,Armed clash,Muslim Militia (Nigeria),,identity militias,Christian Militia (Nigeria),,identity militias,communal militia vs communal militia,Western Africa,Nigeria,Kaduna,Kaduna North,,Kaduna,10.5222,7.4383001,high,Dow Jones International News,International,300 are killed during a week long clash in response to a proposal to bring Islamic law to the state.,300,1552577666,NGA,Battles,Armed clash
5003002,566,NIG532,532,21 February 2000,2000,exact date,Battles,Armed clash,Muslim Militia (Nigeria),,identity militias,Christian Militia (Nigeria),,identity militias,communal militia vs communal militia,Western Africa,Nigeria,Kaduna,Kachia,,Kachia,9.8733997,7.9541001,medium,Government of Nigeria; Human Rights Watch,Other,"Clashes between Christian and Muslim militias over the imposition of Sharia law in Kaduna state took place in Kaduna and spiralled to the neighbouring towns of Kachia and Walijo over 21-23 February. A Nigerian Commission of Inquiry reported a year later that at least 1,295 people were killed in the February violence, while many others were buried unidentified or declared missing. Entire city blocks on each side of the religious divide were destroyed, and 300 people arrested in connection with the violence by police.",216,1552577666,NGA,Battles,Armed clash
5003000,566,NIG533,533,21 February 2000,2000,exact date,Battles,Armed clash,Muslim Militia (Nigeria),,identity militias,Christian Militia (Nigeria),,identity militias,communal militia vs communal militia,Western Africa,Nigeria,Kaduna,Kaduna North,,Kaduna,10.5222,7.4383001,high,Government of Nigeria; Human Rights Watch,Other,"Clashes between Christian and Muslim militias over the imposition of Sharia law in Kaduna state took place in Kaduna and spiralled to the neighbouring towns of Kachia and Walijo over 21-23 February. A Nigerian Commission of Inquiry reported a year later that at least 1,295 people were killed in the February violence, while many others were buried unidentified or declared missing. Entire city blocks on each side of the religious divide were destroyed, and 300 people arrested in connection with the violence by police.",216,1552577666,NGA,Battles,Armed clash
5003022,566,NIG529,529,18 February 2000,2000,exact date,Riots,Violent demonstration,Rioters (Nigeria),,rioters,,,0,sole rioter action,Western Africa,Nigeria,Abia,Aba South,,Aba,5.1065998,7.3667002,high,Reuters News,International,Fifty are killed as religious rioters storm the city of Aba,50,1552577666,NGA,Riots,Violent demonstration
5003066,566,NIG528,528,15 February 2000,2000,exact date,Protests,Peaceful protest,Protesters (Nigeria),Muslim Group (Nigeria),protesters,,,0,sole protester action,Western Africa,Nigeria,Kaduna,Kaduna North,,Kaduna,10.5222,7.4383001,high,Agence France Presse,International,"Several thousand Muslims staged a rally in the northern Nigerian city of Kaduna, demanding extension of strict Islamic Sharia law to Kaduna State.",0,1552577666,NGA,Protests,Peaceful protest
5003091,566,NIG527,527,12 February 2000,2000,exact date,Battles,Armed clash,Police Forces of Nigeria (1999-2015),Military Forces of Nigeria (1999-2015),state forces,MASSOB: Movement for the Actualization of a Sovereign State of Biafra,,rebel groups,military vs rebels,Western Africa,Nigeria,Imo,Okigwe,,Okigwi,5.8351998,7.3599,high,Agence France Presse,International,Two or more are killed as a joint police/military operation to capture the leader of the MASSOB leads to death of those uninvolved.,2,1552577666,NGA,Battles,Armed clash
5003227,566,NIG526,526,30 January 2000,2000,within week,Protests,Peaceful protest,Protesters (Nigeria),,protesters,,,0,sole protester action,Western Africa,Nigeria,Borno,Hawul,,Golam,10.3408,12.3123,high,P. M. News (Lagos),Subnational,"The people of Gola Local Government Area of Borno State have protested against the planned relocation of the Nigerian Arabic Language Village from their area by the Federal Government. The entire community, including the youths of the area, recently converged at the premises of the Government Secondary School, Gola, where they made their grievance publicly known.",0,1552577666,NGA,Protests,Peaceful protest
5143772,566,NIG525,525,09 January 2000,2000,exact date,Riots,Mob violence,Rioters (Nigeria),,rioters,Civilians (Nigeria),,civilians,rioters vs civilians,Western Africa,Nigeria,Federal Capital Territory,Abuja Municipal,,Abuja,9.0832996,7.5332999,high,Adelaide Advertiser,International,A mob kills a woman after her goat eats their crops.,1,1556042860,NGA,Riots,Mob violence
5003505,566,NIG521,521,06 January 2000,2000,exact date,Riots,Violent demonstration,Rioters (Nigeria),,rioters,Police Forces of Nigeria (1999-2015),,state forces,military vs rioters,Western Africa,Nigeria,Lagos,Lagos Island,,Lagos,6.4531002,3.3958001,high,Agence France Presse,International,Police use tear-gas to disperse ensuing riot of militants protesting the increase of oil prices.,0,1552577666,NGA,Riots,Violent demonstration
5003510,566,NIG524,524,06 January 2000,2000,exact date,Battles,Armed clash,Unidentified Armed Group (Nigeria),,political militias,Police Forces of Nigeria (1999-2015),,state forces,military vs political militia,Western Africa,Nigeria,Bayelsa,Sagbama,,Niger Delta,4.8333001,6,high,Reuters News,International,Five are dead in a clash between militant youths and the police in the Delta region.,5,1552577666,NGA,Battles,Armed clash
5003509,566,NIG523,523,06 January 2000,2000,exact date,Battles,Armed clash,Ife Ethnic Militia (Nigeria),,identity militias,Modakeke Ethnic Militia (Nigeria),,identity militias,communal militia vs communal militia,Western Africa,Nigeria,Osun,Irewole,,Modakeke,7.3832998,4.2666998,high,Dow Jones International News,International,Six are killed in Modakeke when the community clashes with the Ife militia.,6,1552577666,NGA,Battles,Armed clash
5003508,566,NIG522,522,06 January 2000,2000,exact date,Battles,Armed clash,Ife Ethnic Militia (Nigeria),,identity militias,Modakeke Ethnic Militia (Nigeria),,identity militias,communal militia vs communal militia,Western Africa,Nigeria,Osun,Ife East,,Ife-Ife,7.4667001,4.5667,medium,Dow Jones International News,International,Six are killed in Ife when the community encounters a militia from Modakeke.,6,1552577666,NGA,Battles,Armed clash
5003544,566,NIG520,520,03 January 2000,2000,within month,Violence against civilians,Attack,Muslim Militia (Nigeria),,identity militias,Civilians (Nigeria),,civilians,communal militia vs civilians,Western Africa,Nigeria,Sokoto,Sokoto North,,Sokoto,13.048,5.2143002,medium,Africa Research Bulletin,Regional,Groups of Muslim students become violent demanding the state adopt shari+ah law.,0,1552577666,NGA,Violence against civilians,Attack
5003575,566,NIG519,519,01 January 2000,2000,exact date,Violence against civilians,Attack,Unidentified Armed Group (Nigeria),,political militias,Civilians (Nigeria),,civilians,political militia vs civilians,Western Africa,Nigeria,Lagos,Lagos Island,,Lagos,6.4531002,3.3958001,high,Xinhua News,International,Five were killed in Lagos during New Years celebrations by an unknown group.,5,1552577666,NGA,Violence against civilians,Attack
