data_id,iso,event_id_cnty,event_id_no_cnty,event_date,year,time_precision,event_type,sub_event_type,actor1,assoc_actor_1,inter1,actor2,assoc_actor_2,inter2,interaction,region,country,admin1,admin2,admin3,location,latitude,longitude,geo_precision,source,source_scale,notes,fatalities,timestamp,iso3,event_code,subevent_code
5008485,566,NIG309,309,31 December 1998,1998,exact date,Battles,Armed clash,Ijaw Ethnic Militia (Nigeria),,identity militias,Military Forces of Nigeria (1993-1999),,state forces,military vs communal militia,Western Africa,Nigeria,Bayelsa,Yenegoa,,Yenagoa,4.9246998,6.2642002,high,Reuters News,International,Three members of the Ijaw militia were shot dead by troops as they stormed an oil administrators office demanding compensation.,3,1552577672,NGA,Battles,Armed clash
5008520,566,NIG308,308,30 December 1998,1998,exact date,Violence against civilians,Abduction/forced disappearance,Ijaw Ethnic Militia (Nigeria),,identity militias,Civilians (Nigeria),,civilians,communal militia vs civilians,Western Africa,Nigeria,Delta,Warri South West,,Escravos,5.5801001,5.1792002,medium,Agence France Presse,International,"Ijaw youths seized a boat with 17 Chevron employees, and held six Nigerian passengers captive",0,1552577672,NGA,Violence against civilians,Abduction/forced disappearance
5008577,566,NIG307,307,28 December 1998,1998,exact date,Protests,Peaceful protest,Protesters (Nigeria),OPC: Oodua Peoples Congress,protesters,,,0,sole protester action,Western Africa,Nigeria,Lagos,Lagos Island,,Lagos,6.4531002,3.3958001,high,P.M. News,Subnational,the Idimu chapter of the Oodua Peoples Congress (OPC) embarked on a peaceful protest against the current increase in the pump price of petroleum products,0,1552577672,NGA,Protests,Peaceful protest
5008754,566,NIG305,305,19 December 1998,1998,exact date,Violence against civilians,Attack,Unidentified Armed Group (Nigeria),,political militias,Civilians (Nigeria),,civilians,political militia vs civilians,Western Africa,Nigeria,Benue,Oturkpo,,Oturkpo,7.1914001,8.1332998,high,P.M. News,Subnational,"Personal Assistant to former Communications Minister, Brig. General David Mark (RTD) was shot at Oturkpo by people suspected to be hired assassins",0,1552577672,NGA,Violence against civilians,Attack
5008764,566,NIG306,306,19 December 1998,1998,exact date,Battles,Armed clash,Ijaw Ethnic Militia (Nigeria),,identity militias,Ilajes Ethnic Militia (Nigeria),,identity militias,communal militia vs communal militia,Western Africa,Nigeria,Ondo,Ilaje,,Aiyetoro,6.1009998,4.7771001,high,Agence France Presse; The Vanguard,National-international,"At least 20 people have died in a renewed clash over oil rights when 10 boats belonging to ethnic Ijaws were sunk by their rival neighbours, the Ilajes",20,1552577672,NGA,Battles,Armed clash
5008767,566,NIG304,304,18 December 1998,1998,within week,Battles,Armed clash,Tiv Ethnic Militia (Nigeria),,identity militias,Igbo Ethnic Militia (Nigeria),,identity militias,communal militia vs communal militia,Western Africa,Nigeria,Benue,Gboko,,Gboko,7.3179002,8.9951,high,Reuters News,International,Ethnic groups clash over the period of a week,0,1552577672,NGA,Battles,Armed clash
5008783,566,NIG303,303,17 December 1998,1998,exact date,Strategic developments,Other,Isoko Ethnic Militia (Nigeria),,identity militias,,,0,sole communal militia action,Western Africa,Nigeria,Osun,Ejigbo,,Isoko,7.9166999,4.2832999,high,Reuters News,International,Non-violent activity: Isoko youths takeover Shell flow station in Delta State.,0,1552577672,NGA,Strategic developments,Other
5008814,566,NIG302,302,15 December 1998,1998,exact date,Violence against civilians,Attack,Unidentified Armed Group (Niger),Unidentified Armed Group (Chad),political militias,Civilians (Nigeria),,civilians,political militia vs civilians,Western Africa,Nigeria,Zamfara,Gusau,,Gusau,12.1628,6.6613998,low,The News (Lagos),Subnational,"On 26 December, 15 suspected rebels from Chad and Niger, disguised as herdsmen, attacked some villagers at Umguwar Yabo village, Danki in Zamfara State, with guns. Injuries reported, but no deaths.",0,1552577672,NGA,Violence against civilians,Attack
5008815,566,NIG299,299,15 December 1998,1998,exact date,Riots,Violent demonstration,Rioters (Nigeria),,rioters,,,0,sole rioter action,Western Africa,Nigeria,Rivers,Port-Harcourt,,Port Harcourt,4.7774,7.0134001,high,P.M. News,Subnational,"Thousands of civil servants barricaded the main gate of Government House Port Harcourt and held the state military administrator, Group Capt. Sam Ewang, hostage for several hours to protest the dismissal of five of their leaders by the state government",0,1552577672,NGA,Riots,Violent demonstration
5008813,566,NIG301,301,15 December 1998,1998,exact date,Battles,Armed clash,Police Forces of Nigeria (1993-1999),Unidentified Armed Group (Chad),state forces,Unidentified Armed Group (Niger),Unidentified Armed Group (Chad),political militias,military vs political militia,Western Africa,Nigeria,Zamfara,Gusau,,Gusau,12.1628,6.6613998,low,The News (Lagos),Subnational,"Following an attack on a village in Zamfara, police pursued and a gun battle broke out, resulting in two policemen being injured.",0,1552577672,NGA,Battles,Armed clash
5008914,566,NIG298,298,12 December 1998,1998,exact date,Riots,Violent demonstration,Rioters (Nigeria),APP: All Peoples Party,rioters,,,0,sole rioter action,Western Africa,Nigeria,Benue,Oju,,Oju,6.8453999,8.4174004,high,P.M. News,Subnational,Office of the Independent National Electoral Commission in Oju Local Government in Benue state burnt down by people suspected to be opposition supporters,0,1552577672,NGA,Riots,Violent demonstration
5008934,566,NIG297,297,11 December 1998,1998,exact date,Violence against civilians,Attack,Unidentified Armed Group (Nigeria),,political militias,Civilians (Nigeria),Military Forces of Nigeria (1993-1999),civilians,political militia vs civilians,Western Africa,Nigeria,Lagos,Alimosho,,Idimu,6.5703001,3.2846999,high,All Africa,Regional,"A group of armed robbers break into the home of an army captain, shoot him dead and loot the house. """,1,1552577672,NGA,Violence against civilians,Attack
5008962,566,NIG296,296,08 December 1998,1998,exact date,Riots,Violent demonstration,Rioters (Nigeria),,rioters,,,0,sole rioter action,Western Africa,Nigeria,Lagos,Ikeja,,Ikeja,6.5942001,3.3375001,high,P.M. News,Subnational,"protesting workers in the state hurled stones at the wife of Chief of General Staff, Mrs. Akhigbe and stoned the official car of the Secretary to the State Government, Mr. Babarinde da Silva. The workers were protesting the non-payment of the N5,200 new minimum wage and the sacking of their leader, Mr. Ayodele Akele last October",0,1552577672,NGA,Riots,Violent demonstration
5008963,566,NIG295,295,08 December 1998,1998,exact date,Battles,Armed clash,Ife Ethnic Militia (Nigeria),,identity militias,Modakeke Ethnic Militia (Nigeria),,identity militias,communal militia vs communal militia,Western Africa,Nigeria,Osun,Ife North,,Opa River,7.3832998,4.4166999,high,Reuters News,International,"A three-month-old baby boy, his brother, mother and father were beheaded during a communal clash on the Opa River.""",4,1552577672,NGA,Battles,Armed clash
5008998,566,NIG294,294,07 December 1998,1998,exact date,Violence against civilians,Attack,Unidentified Armed Group (Nigeria),,political militias,Civilians (Nigeria),,civilians,political militia vs civilians,Western Africa,Nigeria,Benue,Makurdi,,Makurdi,7.7410998,8.5121002,high,P.M. News,Subnational,"A former communications minister in the Second Republic, Chief Audu Ogbe was at the early hours of yesterday shot by assassins at his home but survived",0,1552577672,NGA,Violence against civilians,Attack
5009034,566,NIG293,293,05 December 1998,1998,exact date,Violence against civilians,Attack,Police Forces of Nigeria (1993-1999),,state forces,Civilians (Nigeria),,civilians,military vs civilians,Western Africa,Nigeria,Enugu,Oji-River,,Inyi,6.1016998,7.3098001,high,P.M. News,Subnational,"Four soldiers suspected to be hired to obstruct the election, were arrested after assaulting election officials",0,1552577673,NGA,Violence against civilians,Attack
5009048,566,NIG290,290,04 December 1998,1998,exact date,Battles,Armed clash,Unidentified Armed Group (Nigeria),,political militias,Police Forces of Nigeria (1993-1999),,state forces,military vs political militia,Western Africa,Nigeria,Ekiti,Ado Ekiti,,Ado-Ekiti,7.6209998,5.2214999,high,Agence France Presse,International,an inebriated policeman was beaten to death by a crowd after he shot dead a dispatch rider from the state governors office,1,1552577673,NGA,Battles,Armed clash
5009044,566,NIG291,291,04 December 1998,1998,exact date,Battles,Armed clash,PDP: Peoples Democratic Party,,political militias,AD: Alliance for Democracy,,political militias,political militia vs political militia,Western Africa,Nigeria,Delta,Warri South,,Warri,5.5166998,5.75,high,Dow Jones International News,International,Six are killed at a polling station when groups of two rival political parties become violent.,6,1552577673,NGA,Battles,Armed clash
5009050,566,NIG288,288,03 December 1998,1998,exact date,Riots,Violent demonstration,Rioters (Nigeria),,rioters,,,0,sole rioter action,Western Africa,Nigeria,Rivers,Bonny,,Bonny,4.4521999,7.1680999,high,Reuters News,International,Royal Dutch/Shell shuts in large quantities of oil to protect the commodity from rioters on Bonny Island. This action has drastically effected the output leading to shortages.,0,1552577673,NGA,Riots,Violent demonstration
5009058,566,NIG289,289,03 December 1998,1998,exact date,Protests,Peaceful protest,Protesters (Nigeria),NBA: Nigeria Bar Association,protesters,,,0,sole protester action,Western Africa,Nigeria,Cross River,Calabar-Municipal,,Calabar,4.9667001,8.3332996,high,P.M. News,Subnational,two hundred lawyers staged a peaceful protest demanding the immediate action by the stage government in providing the facilities for the establishment of a Court of Appeal Division in Calabar,0,1552577673,NGA,Protests,Peaceful protest
5009110,566,NIG286,286,01 December 1998,1998,exact date,Protests,Peaceful protest,Protesters (Nigeria),,protesters,,,0,sole protester action,Western Africa,Nigeria,Enugu,Enugu North,,Enugu,6.4425998,7.5022001,high,P.M. News,Subnational,"Government workers in Enugu State protest the refusal of the state government to pay them the N5,200 national minimum wage",0,1552577673,NGA,Protests,Peaceful protest
5009147,566,NIG285,285,30 November 1998,1998,exact date,Battles,Armed clash,AD: Alliance for Democracy,,political militias,APP: All Peoples Party,,political militias,political militia vs political militia,Western Africa,Nigeria,Lagos,Agege,,Agege,6.6142998,3.3243999,high,P.M. News,Subnational,"Supporters of rival political parties clashed ahead of elections, several were injured",0,1552577673,NGA,Battles,Armed clash
5009176,566,NIG283,283,27 November 1998,1998,exact date,Violence against civilians,Attack,Ijaw Ethnic Militia (Nigeria),,identity militias,Civilians (Nigeria),Ilajes Ethnic Group (Nigeria),civilians,communal militia vs civilians,Western Africa,Nigeria,Ondo,Ilaje,,Aiyetoro,6.1009998,4.7771001,high,Agence France Presse,International,Twenty fishermen from a small community in southwest Nigeria were killed last week by armed men from a rival community,20,1552577673,NGA,Violence against civilians,Attack
5009182,566,NIG284,284,27 November 1998,1998,exact date,Violence against civilians,Attack,Unidentified Armed Group (Nigeria),,political militias,Civilians (Nigeria),,civilians,political militia vs civilians,Western Africa,Nigeria,Rivers,Bonny,,Bonny,4.4521999,7.1680999,medium,Associated Press,International,Shell Oil has shut down sections of a key crude oil pipeline in Nigeria after workers trying to seal a leak were attacked by stone-throwing villagers,0,1552577673,NGA,Violence against civilians,Attack
5009264,566,NIG282,282,18 November 1998,1998,within week,Battles,Armed clash,Benekuku Communal Militia (Nigeria),,identity militias,Utagbaogbe Communal Militia (Nigeria),,identity militias,communal militia vs communal militia,Western Africa,Nigeria,Delta,Oshimili South,,Asaba,6.2006001,6.7339001,low,The Times,National,Fighting this week between the Benekuku and Utagbaogbe communities reportedly began as a dispute over the use of development aid donated to the area from a foreign oil company,0,1552577673,NGA,Battles,Armed clash
5009273,566,NIG281,281,17 November 1998,1998,exact date,Riots,Violent demonstration,Rioters (Nigeria),Students (Nigeria),rioters,,,0,sole rioter action,Western Africa,Nigeria,Oyo,Ibadan North West,,Ibadan,7.3878002,3.8964,high,The Punch,National,"Degree conferment ceremony disrupted by a violent protest by students over the presence of one of the Abacha-for-president campaigners, Alhaji Azeez Arisekola Alao, at the occasion",0,1552577673,NGA,Riots,Violent demonstration
5009283,566,NIG280,280,16 November 1998,1998,exact date,Battles,Armed clash,Campus Cult Militia,,political militias,Campus Cult Militia,,political militias,political militia vs political militia,Western Africa,Nigeria,Ogun,Ado-Odo/Ota,,Otta,6.6841002,3.2327001,high,P.M. News,Subnational,"two secondary school cults clashed with bottles and machetes at of the African School, St. Joseph Catholic School and St Peters College",0,1552577673,NGA,Battles,Armed clash
5009355,566,NIG279,279,14 November 1998,1998,exact date,Battles,Armed clash,Ife Ethnic Militia (Nigeria),,identity militias,Modakeke Ethnic Militia (Nigeria),,identity militias,communal militia vs communal militia,Western Africa,Nigeria,Osun,Osogbo,,Oshogbo,7.7666998,4.5667,low,P.M. News,Subnational,Fresh clash between warring ethnic communities leaves 10 critically wounded,0,1552577673,NGA,Battles,Armed clash
5009366,566,NIG278,278,12 November 1998,1998,exact date,Violence against civilians,Attack,Unidentified Armed Group (Nigeria),,political militias,Civilians (International),,civilians,political militia vs civilians,Western Africa,Nigeria,Bayelsa,Sagbama,,Niger Delta,4.8333001,6,medium,Reuters News,International,A militant group kidnapped seven foreign oil workers from a Texaco oil rig and demanded they should be compensated monetarily for the oil produced in the region.,7,1552577673,NGA,Violence against civilians,Attack
5009380,566,NIG277,277,11 November 1998,1998,exact date,Violence against civilians,Abduction/forced disappearance,Ijaw Ethnic Militia (Nigeria),,identity militias,Civilians (Nigeria),Civilians (International),civilians,communal militia vs civilians,Western Africa,Nigeria,Bayelsa,Sagbama,,Niger Delta,4.8333001,6,medium,Agence France Presse,International,"A group of oil workers including a Briton an American and a Nigerian were abducted by members of the Ijaw militia but were soon released. """,0,1552577673,NGA,Violence against civilians,Abduction/forced disappearance
5009383,566,NIG276,276,10 November 1998,1998,exact date,Violence against civilians,Attack,Police Forces of Nigeria (1993-1999),,state forces,Civilians (Nigeria),OPC: Oodua Peoples Congress,civilians,military vs civilians,Western Africa,Nigeria,Lagos,Lagos Island,,Lagos,6.4531002,3.3958001,high,The Globe and Mail,Regional,"Four people including the leader of the OPC were killed by police forces when they were demonstrating without authorization.""",4,1552577673,NGA,Violence against civilians,Attack
5009395,566,NIG275,275,09 November 1998,1998,exact date,Protests,Peaceful protest,Protesters (Nigeria),,protesters,,,0,sole protester action,Western Africa,Nigeria,Lagos,Ikeja,,Ikeja,6.5942001,3.3375001,high,P.M. News,Subnational,Angry workers of the Ikeja local government this morning chased armed policemen from the premises during a protest against the reinstatement of tax consultants into the service of the council,0,1552577673,NGA,Protests,Peaceful protest
5009396,566,NIG274,274,09 November 1998,1998,exact date,Battles,Armed clash,Unidentified Armed Group (Nigeria),,political militias,Ijaw Ethnic Militia (Nigeria),,identity militias,political militia vs communal militia,Western Africa,Nigeria,Delta,Ughelli North,,Ughelli,5.4899001,6.0074,high,All Africa,Regional,A group of assassins killed a leader in the Ijaw militia.,1,1552577673,NGA,Battles,Armed clash
5009399,566,NIG273,273,08 November 1998,1998,exact date,Violence against civilians,Attack,Military Forces of Nigeria (1999-2015) Joint Task Force,Operation Sweep Militia,state forces,Civilians (Nigeria),OPC: Oodua Peoples Congress,civilians,military vs civilians,Western Africa,Nigeria,Lagos,Lagos Island,,Lagos,6.4531002,3.3958001,high,All Africa,Regional,Five members of the OPC were attacked and bayoneted by members of Operation Sweep for reasons unknown.,5,1552577673,NGA,Violence against civilians,Attack
5009402,566,NIG272,272,07 November 1998,1998,within week,Riots,Mob violence,Unidentified Armed Group (Nigeria),,political militias,Rioters (Nigeria),Street Traders (Nigeria),rioters,political militia vs rioters,Western Africa,Nigeria,Abia,Aba South,,Aba,5.1065998,7.3667002,high,Agence France Presse; The Daily Champion,National-international,At least five people were killed when traders clashed with robbers in the commercial town of Ab to avenge the murder of a businessman,5,1552577673,NGA,Riots,Mob violence
5009403,566,NIG271,271,07 November 1998,1998,within week,Battles,Armed clash,Ife Ethnic Militia (Nigeria),,identity militias,Modakeke Ethnic Militia (Nigeria),,identity militias,communal militia vs communal militia,Western Africa,Nigeria,Osun,Irewole,,Modakeke,7.3832998,4.2666998,high,Reuters News,International,Seven are killed in a clash between two warring communities over a period of three days. The clash was sparked with the assassination of a political prisoner.,7,1552577673,NGA,Battles,Armed clash
5009413,566,NIG270,270,05 November 1998,1998,exact date,Riots,Violent demonstration,Rioters (Nigeria),,rioters,,,0,sole rioter action,Western Africa,Nigeria,Lagos,Lagos Island,,Lagos,6.4531002,3.3958001,high,Reuters News,International,A fuel shortage sparks a protest in the Lagos suburb of Abule.,0,1552577673,NGA,Riots,Violent demonstration
5009451,566,NIG269,269,02 November 1998,1998,exact date,Protests,Peaceful protest,Protesters (Nigeria),Shiite Muslim Group (Nigeria),protesters,,,0,sole protester action,Western Africa,Nigeria,Kaduna,Kaduna North,,Kaduna,10.5222,7.4383001,high,Reuters News,International,Police fired their weapons into the air in order to disperse a large gathering of Shiite Muslims protesting the detention of their leader; four wounded.,0,1552577673,NGA,Protests,Peaceful protest
5009459,566,NIG268,268,01 November 1998,1998,exact date,Strategic developments,Agreement,Military Forces of Guinea-Bissau (1984-1999),,external/other forces,Mutiny of Military Forces of Guinea-Bissau (1999-2000),,external/other forces,88,Western Africa,Nigeria,Federal Capital Territory,Abuja Municipal,,Abuja,9.0832996,7.5332999,high,Associated Press,International,Agreement: The Guinea-Bissau government signed a peace agreement with rebels to end a civil war in Abuja during secret talks,0,1552577673,NGA,Strategic developments,Agreement
5009499,566,NIG267,267,29 October 1998,1998,exact date,Strategic developments,Other,Ijaw Ethnic Militia (Nigeria),,identity militias,,,0,sole communal militia action,Western Africa,Nigeria,Delta,Warri South,,Warri,5.5166998,5.75,medium,P.M. News,Subnational,"Non-violent activity: Ijaw youth continued to hold about 20 oil facilities belonging to Royal/Dutch Shell and U.S-based Chevron Corp, effectively stopping the flow of about 600,000 barrels per day continuing their protest for ""justice, amenities and autonomy"" for the 24th day despite a truce brokered last week between Ijaws and Itsekiris",0,1552577673,NGA,Strategic developments,Other
5009520,566,NIG266,266,26 October 1998,1998,exact date,Battles,Armed clash,Ijaw Ethnic Militia (Nigeria),,identity militias,Police Forces of Nigeria (1993-1999),,state forces,military vs communal militia,Western Africa,Nigeria,Delta,Burutu,,Burutu,5.3509002,5.5075998,high,Reuters News,International,"Police station attacked, police officers taken hostage.",0,1552577673,NGA,Battles,Armed clash
5009519,566,NIG265,265,26 October 1998,1998,exact date,Battles,Armed clash,Unidentified Armed Group (Nigeria),,political militias,Police Forces of Nigeria (1993-1999),,state forces,military vs political militia,Western Africa,Nigeria,Delta,Bomadi,,Bomadi,5.1592999,5.9252,high,Reuters News,International,"Police station attacked, police officers taken hostage.",0,1552577673,NGA,Battles,Armed clash
5009546,566,NIG264,264,24 October 1998,1998,exact date,Battles,Armed clash,Ijaw Ethnic Militia (Nigeria),,identity militias,Itsekiri Ethnic Militia (Nigeria),,identity militias,communal militia vs communal militia,Western Africa,Nigeria,Delta,Warri South,,Warri,5.5166998,5.75,high,Agence France Presse,International,The ancestral home of the Itsekiri people of the Niger Delta has been razed in an attack by Ijaw youths,6,1552577673,NGA,Battles,Armed clash
5009569,566,NIG263,263,23 October 1998,1998,exact date,Violence against civilians,Abduction/forced disappearance,Ijaw Ethnic Militia (Nigeria),,identity militias,Civilians (Nigeria),,civilians,communal militia vs civilians,Western Africa,Nigeria,Delta,Warri South,,Warri,5.5166998,5.75,high,Reuters News,International,Two employees of the Chevron Corporation were taken hostage by Ijaw militants who demand 250000 naira for his release.,0,1552577673,NGA,Violence against civilians,Abduction/forced disappearance
5009573,566,NIG262,262,22 October 1998,1998,exact date,Violence against civilians,Attack,Itsekiri Ethnic Militia (Nigeria),,identity militias,Civilians (Nigeria),,civilians,communal militia vs civilians,Western Africa,Nigeria,Delta,Warri South,,Warri,5.5166998,5.75,medium,P.M. News,Subnational,"armed youths ambushed the vehicles of 100 workers from Shell, Texaco and Westminster Dredging, and held them hostage for two hours while they ""screened for Ijaws"" after an Itsekiri village was burned down",0,1552577673,NGA,Violence against civilians,Attack
5009577,566,NIG261,261,22 October 1998,1998,exact date,Protests,Peaceful protest,Protesters (Nigeria),,protesters,,,0,sole protester action,Western Africa,Nigeria,Benue,Oturkpo,,Oturkpo,7.1914001,8.1332998,high,P.M. News,Subnational,Primary school teachers protest the non-payment of arrears of salaries amounting to over N12 million,0,1552577673,NGA,Protests,Peaceful protest
5009572,566,NIG260,260,22 October 1998,1998,exact date,Battles,Armed clash,Ijaw Ethnic Militia (Nigeria),,identity militias,Itsekiri Ethnic Militia (Nigeria),,identity militias,communal militia vs communal militia,Western Africa,Nigeria,Delta,Warri South,,Warri,5.5166998,5.75,high,Reuters News,International,Six are dead in a renewed ethnic clash.,6,1552577673,NGA,Battles,Armed clash
5009571,566,NIG259,259,22 October 1998,1998,exact date,Battles,Armed clash,Ijaw Ethnic Militia (Nigeria),,identity militias,Itsekiri Ethnic Militia (Nigeria),,identity militias,communal militia vs communal militia,Western Africa,Nigeria,Delta,Warri South,,Warri,5.5166998,5.75,high,Dow Jones International News,International,Ijaws and Itsekiris renew fighting in Warri resulting in soldiers being dispatched.,0,1552577673,NGA,Battles,Armed clash
5009586,566,NIG258,258,21 October 1998,1998,exact date,Protests,Peaceful protest,Protesters (Nigeria),,protesters,,,0,sole protester action,Western Africa,Nigeria,Borno,Maiduguri,,Maiduguri,11.8464,13.1603,low,Tempo (Lagos),Subnational,Reports of mounting protests over the non-delivery of voting cards in Borno state.,0,1552577673,NGA,Protests,Peaceful protest
5009588,566,NIG257,257,21 October 1998,1998,exact date,Violence against civilians,Attack,Military Forces of Nigeria (1999-2015) Joint Task Force,Operation Sweep Militia,state forces,Civilians (Nigeria),,civilians,military vs civilians,Western Africa,Nigeria,Lagos,Lagos Island,,Lagos,6.4531002,3.3958001,high,All Africa,Regional,"A pastor was shot and killed by members of the private security force known as """"Operation Sweep"""" when a group of worshipers would not disperse from a night vigil.",1,1552577673,NGA,Violence against civilians,Attack
5009593,566,NIG256,256,20 October 1998,1998,exact date,Protests,Peaceful protest,Protesters (Nigeria),,protesters,,,0,sole protester action,Western Africa,Nigeria,Lagos,Lagos Island,,Lagos,6.4531002,3.3958001,high,P.M. News,Subnational,police force applicants began to protest after non-indigenes of Lagos state were told to leave the scene and go to their respective states of origin for recruitment,0,1552577673,NGA,Protests,Peaceful protest
5009607,566,NIG255,255,19 October 1998,1998,exact date,Explosions/Remote violence,Remote explosive/landmine/IED,Unidentified Armed Group (Nigeria),,political militias,Civilians (Nigeria),,civilians,political militia vs civilians,Western Africa,Nigeria,Delta,Ethiope West,,Idedaka-Jesse,5.8786998,5.7726998,high,Dow Jones International News; Associated Press Worldstream,International,700 are reported dead from an oil pipeline blast that occurred while locals were trying to puncture the pipeline to steal gas. Hundreds were killed in the initial blast and hundreds more in the resulting fire that swept through the community,700,1552577673,NGA,Explosions/Remote violence,Remote explosive/landmine/IED
5009620,566,NIG254,254,16 October 1998,1998,exact date,Battles,Armed clash,Ijaw Ethnic Militia (Nigeria),,identity militias,Itsekiri Ethnic Militia (Nigeria),,identity militias,communal militia vs communal militia,Western Africa,Nigeria,Delta,Warri South,,Warri,5.5166998,5.75,high,Reuters News,International,Three are dead following a clash between Ijaws and Itsekiris in Warri.,3,1552577673,NGA,Battles,Armed clash
5009673,566,NIG253,253,14 October 1998,1998,exact date,Strategic developments,Other,Ijaw Ethnic Militia (Nigeria),,identity militias,,,0,sole communal militia action,Western Africa,Nigeria,Delta,Warri South West,,Escravos,5.5801001,5.1792002,medium,Reuters News,International,Non-violent activity: The Ijaw militant group have overtaken and shut down two Chevron flow stations on the Escravos River,0,1552577673,NGA,Strategic developments,Other
5009722,566,NIG251,251,09 October 1998,1998,exact date,Protests,Peaceful protest,Protesters (Nigeria),,protesters,,,0,sole protester action,Western Africa,Nigeria,Lagos,Lagos Island,,Lagos,6.4531002,3.3958001,high,Agence France Presse,International,Around 100 protestors staged a brief demonstration outside the Belgian embassy in Lagos on Friday over the death of a Nigerian immigrant last month during an incident involving Belgian police,0,1552577673,NGA,Protests,Peaceful protest
5009748,566,NIG250,250,07 October 1998,1998,within week,Violence against civilians,Abduction/forced disappearance,Unidentified Armed Group (Chad),,political militias,Civilians (Nigeria),,civilians,political militia vs civilians,Western Africa,Nigeria,Borno,Maiduguri,,Maiduguri,11.8464,13.1603,low,Xinhua News,International,"Residents of at least nine villages in border area of Borno state are reportedly being held hostage by the rebel groups from Chad as a shield against attacks by the joint force of Nigeria, Chad and Niger.",0,1552577673,NGA,Violence against civilians,Abduction/forced disappearance
5009759,566,NIG249,249,07 October 1998,1998,exact date,Strategic developments,Looting/property destruction,Unidentified Armed Group (Nigeria),,political militias,,,0,sole political militia action,Western Africa,Nigeria,Bayelsa,Sagbama,,Niger Delta,4.8333001,6,medium,Reuters News,International,Property destruction: Several oil flow stations have been purposefully damaged by vandals in the Delta region disrupting output by as much as one fifth. Following the destruction the group then seized two helicopters owned by the Shell corporation.,0,1552577673,NGA,Strategic developments,Looting/property destruction
5009747,566,NIG248,248,07 October 1998,1998,exact date,Riots,Mob violence,Rioters (Nigeria),,rioters,Police Forces of Nigeria (1993-1999),,state forces,military vs rioters,Western Africa,Nigeria,Lagos,Lagos Island,,Lagos,6.4531002,3.3958001,high,Newsday,International,Police make push for peace in Lagos by engaging rioters.,0,1552577673,NGA,Riots,Mob violence
5009837,566,NIG247,247,04 October 1998,1998,exact date,Strategic developments,Looting/property destruction,Unidentified Armed Group (Nigeria),,political militias,,,0,sole political militia action,Western Africa,Nigeria,Bayelsa,Nembe,,Nembe,4.5394001,6.4003,high,Agence France Presse,International,Property destruction: youths attacked four flow stations in Nembe Creek and shut down three flow stations in the west of the delta,0,1552577673,NGA,Strategic developments,Looting/property destruction
5009846,566,NIG246,246,03 October 1998,1998,exact date,Violence against civilians,Abduction/forced disappearance,Unidentified Armed Group (Nigeria),,political militias,Civilians (Nigeria),,civilians,political militia vs civilians,Western Africa,Nigeria,Bayelsa,Brass,,Odeama Creek,4.3400998,6.4358001,high,Agence France Presse,International,"Youths attacked a Shell plant in Odeama Creek in the eastern Delta on Saturday, seizing three company boats and briefly taking 14 staff and crew members hostage",0,1552577673,NGA,Violence against civilians,Abduction/forced disappearance
5009889,566,NIG245,245,30 September 1998,1998,within week,Battles,Armed clash,Ijaw Ethnic Militia (Nigeria),Ilajes Ethnic Militia (Nigeria),identity militias,Police Forces of Nigeria (1993-1999),,state forces,military vs communal militia,Western Africa,Nigeria,Ondo,Ilaje,,Apata,6.0166998,4.8948002,medium,Agence France Presse,International,Five policemen sent to maintain peace are killed during communal clashes in Apato,5,1552577673,NGA,Battles,Armed clash
5009929,566,NIG244,244,26 September 1998,1998,exact date,Riots,Mob violence,Rioters (Nigeria),,rioters,Police Forces of Nigeria (1993-1999),,state forces,military vs rioters,Western Africa,Nigeria,Lagos,Lagos Island,,Lagos,6.4531002,3.3958001,high,Reuters News,International,Three are dead in a clash between a group of fuel tanker drivers and police when a trivial argument got out of hand.,3,1552577674,NGA,Riots,Mob violence
5009945,566,NIG243,243,24 September 1998,1998,exact date,Battles,Armed clash,Ijaw Ethnic Militia (Nigeria),,identity militias,Ilajes Ethnic Militia (Nigeria),,identity militias,communal militia vs communal militia,Western Africa,Nigeria,Ondo,Ilaje,,Apata,6.0166998,4.8948002,medium,All Africa,Regional,Twenty-three are killed in a communal clash in Ondo State over a piece of land believed to be rich in oil.,23,1552577674,NGA,Battles,Armed clash
5009948,566,NIG242,242,24 September 1998,1998,within week,Battles,Armed clash,Ijaw Ethnic Militia (Nigeria),,identity militias,Ilajes Ethnic Militia (Nigeria),,identity militias,communal militia vs communal militia,Western Africa,Nigeria,Ondo,Ilaje,,Apata,6.0166998,4.8948002,medium,Agence France Presse,International,One Ilaje chief beheaded and three others kidnapped in a communal clash in Ondo State over a piece of land believed to be rich in oil,1,1552577674,NGA,Battles,Armed clash
5010007,566,NIG241,241,19 September 1998,1998,exact date,Protests,Excessive force against protesters,Police Forces of Nigeria (1993-1999),,state forces,Protesters (Nigeria),Shiite Muslim Group (Nigeria),protesters,military vs protesters,Western Africa,Nigeria,Kaduna,Kaduna North,,Kaduna,10.5222,7.4383001,high,Reuters News,International,"13 Shiite Muslim protesters seeking the release of their incarcerated leader were shot and killed by police while others were arrested. """,13,1552577674,NGA,Protests,Excessive force against protesters
5010015,566,NIG240,240,18 September 1998,1998,exact date,Battles,Armed clash,Muslim Militia (Nigeria),Muslim Brotherhood,identity militias,Police Forces of Nigeria (1993-1999),,state forces,military vs communal militia,Western Africa,Nigeria,Kano,Kano Municipal,,Kano,11.9702,8.5044003,high,AP,International,Thirteen die as police clash with a Shiite Islamic sect seeking the release of an incarcerated compatriot.,13,1552577674,NGA,Battles,Armed clash
5010050,566,NIG239,239,16 September 1998,1998,exact date,Riots,Violent demonstration,Rioters (Nigeria),,rioters,,,0,sole rioter action,Western Africa,Nigeria,Rivers,Port-Harcourt,,Port Harcourt,4.7774,7.0134001,high,Agence France Presse; Associated Press Worldstream,International,"Angry youths locked 30 Shell staff in their offices and threatened them, demanding increased compensation for environmental damages before police intervened",0,1552577674,NGA,Riots,Violent demonstration
5010074,566,NIG238,238,15 September 1998,1998,exact date,Protests,Peaceful protest,Protesters (Nigeria),,protesters,,,0,sole protester action,Western Africa,Nigeria,Delta,Warri South,,Warri,5.5166998,5.75,medium,Associated Press,International,Villagers from southeastern Nigerias Ogoni lands staged a noisy street protest against Shell Oil whom residents believe is trying to re-establish operations on the disputed lands,0,1552577674,NGA,Protests,Peaceful protest
5010118,566,NIG237,237,12 September 1998,1998,exact date,Strategic developments,Other,Ijaw Ethnic Militia (Nigeria),,identity militias,,,0,sole communal militia action,Western Africa,Nigeria,Bayelsa,Sagbama,,Niger Delta,4.8333001,6,medium,Local Media Source,National,Non-violent activity: A group of Ijaws takeover and occupy a Shell station in the Delta region,0,1552577674,NGA,Strategic developments,Other
5010184,566,NIG236,236,02 September 1998,1998,within week,Protests,Peaceful protest,Protesters (Nigeria),,protesters,,,0,sole protester action,Western Africa,Nigeria,Lagos,Lagos Island,,Lagos,6.4531002,3.3958001,high,Voice of Nigeria,National,"Families of detained managers of failed banks protested to seek ""justice and fair play....and trials"" for those detained",0,1552577674,NGA,Protests,Peaceful protest
5010206,566,NIG234,234,31 August 1998,1998,exact date,Violence against civilians,Attack,Unidentified Armed Group (Nigeria),,political militias,Civilians (Nigeria),,civilians,political militia vs civilians,Western Africa,Nigeria,Lagos,Ajeromi-Ifelodun,,Ajegunle,6.4568,3.3415,high,All Africa,Regional,Four members of a family were killed by a group of armed men outside of Lagos.,4,1552577674,NGA,Violence against civilians,Attack
5010244,566,NIG233,233,28 August 1998,1998,exact date,Violence against civilians,Attack,Police Forces of Nigeria (1993-1999),,state forces,Civilians (Nigeria),Journalists (Nigeria),civilians,military vs civilians,Western Africa,Nigeria,Enugu,Enugu North,,Enugu,6.4425998,7.5022001,low,IFEX,International,"Police assault a journalist , killing him (unintentionally), reported a press advocacy group",0,1552577674,NGA,Violence against civilians,Attack
5010269,566,NIG232,232,24 August 1998,1998,exact date,Battles,Armed clash,Urhobo Ethnic Militia (Nigeria),,identity militias,Bini Ethnic Militia (Nigeria),,identity militias,communal militia vs communal militia,Western Africa,Nigeria,Delta,Ughelli South,,Urhobo,5.1819,5.5591002,high,Reuters News,International,Fifty are dead following a clash between two ethnic communities over the refusal to pay a trade tax levied upon one of them by the other.,50,1552577674,NGA,Battles,Armed clash
5010313,566,NIG231,231,18 August 1998,1998,exact date,Battles,Armed clash,Ife Ethnic Militia (Nigeria),,identity militias,Modakeke Ethnic Militia (Nigeria),,identity militias,communal militia vs communal militia,Western Africa,Nigeria,Osun,Ife East,,Ife-Ife,7.4667001,4.5667,medium,Xinhua News,International,14 are dead in Osun State during a communal clash involving the Ife and Modakeke communities.,14,1552577674,NGA,Battles,Armed clash
5010324,566,NIG230,230,17 August 1998,1998,exact date,Riots,Violent demonstration,Rioters (Nigeria),,rioters,,,0,sole rioter action,Western Africa,Nigeria,Rivers,Port-Harcourt,,Port Harcourt,4.7774,7.0134001,high,Reuters News,International,The headquarters of Italian oil company Agip was sealed off by a large group of people demanding jobs.,0,1552577674,NGA,Riots,Violent demonstration
5010383,566,NIG229,229,10 August 1998,1998,exact date,Protests,Peaceful protest,Protesters (Nigeria),,protesters,,,0,sole protester action,Western Africa,Nigeria,Delta,Burutu,,Forcados River,5.3862,5.3207998,high,Reuters News,International,Waves of protesters force oil exports to remain at their Nigerian place of manufacture.,0,1552577674,NGA,Protests,Peaceful protest
5010387,566,NIG228,228,10 August 1998,1998,exact date,Protests,Peaceful protest,Protesters (Nigeria),,protesters,,,0,sole protester action,Western Africa,Nigeria,Rivers,Bonny,,Bonny,4.4521999,7.1680999,high,Reuters News,International,Waves of protesters force oil exports to remain at their Nigerian place of manufacture.,0,1552577674,NGA,Protests,Peaceful protest
5010414,566,NIG227,227,07 August 1998,1998,within week,Riots,Violent demonstration,Rioters (Nigeria),,rioters,,,0,sole rioter action,Western Africa,Nigeria,Lagos,Lagos Island,,Lagos,6.4531002,3.3958001,high,Reuters News,International,"Seven are killed in overnight rioting due to the death of Moshood Abiola, detained opposition politician.",7,1552577674,NGA,Riots,Violent demonstration
5010418,566,NIG226,226,07 August 1998,1998,exact date,Riots,Violent demonstration,Rioters (Nigeria),,rioters,,,0,sole rioter action,Western Africa,Nigeria,Oyo,Ibadan North West,,Ibadan,7.3878002,3.8964,high,Dow Jones International News,International,Ten are killed from riots spurring from the death of a prominent political prisoner.,10,1552577674,NGA,Riots,Violent demonstration
5010445,566,NIG225,225,04 August 1998,1998,exact date,Battles,Armed clash,Ife Ethnic Militia (Nigeria),,identity militias,Modakeke Ethnic Militia (Nigeria),,identity militias,communal militia vs communal militia,Western Africa,Nigeria,Osun,Irewole,,Modakeke,7.3832998,4.2666998,high,Reuters News,International,Five are dead in a renewed battle between the Ife and Modakeke militias.,5,1552577674,NGA,Battles,Armed clash
5010483,566,NIG224,224,31 July 1998,1998,exact date,Riots,Violent demonstration,Rioters (Nigeria),NURTW: National Union of Road Transport Workers,rioters,,,0,sole rioter action,Western Africa,Nigeria,Oyo,Ibadan North West,,Ibadan,7.3878002,3.8964,high,Radio Kudirat; Xinhua News,Subnational,Fuel riots broke out after commercial drivers took their vehicles off the roads to protest high fuel costs. Riots were reportedly triggered by a road accident and by union workers attacking strike breakers,0,1552577674,NGA,Riots,Violent demonstration
5010499,566,NIG222,222,29 July 1998,1998,exact date,Violence against civilians,Attack,Police Forces of Nigeria (1993-1999),,state forces,Civilians (Nigeria),,civilians,military vs civilians,Western Africa,Nigeria,Delta,Warri South,,Warri,5.5166998,5.75,high,Reuters News,International,Police shoot and kill a person over compensation money.,1,1552577674,NGA,Violence against civilians,Attack
5010496,566,NIG223,223,29 July 1998,1998,exact date,Riots,Violent demonstration,Rioters (Nigeria),,rioters,Police Forces of Nigeria (1993-1999),,state forces,military vs rioters,Western Africa,Nigeria,Delta,Warri South,,Warri,5.5166998,5.75,high,Radio Kudirat,Subnational,Antiriot policemen have killed nine persons and critically wounded about 30 others in a clash during protests against a Shell oil field that threatens fishing,9,1552577674,NGA,Riots,Violent demonstration
5010558,566,NIG221,221,19 July 1998,1998,exact date,Violence against civilians,Attack,Ijaw Ethnic Militia (Nigeria),,identity militias,Civilians (Nigeria),,civilians,communal militia vs civilians,Western Africa,Nigeria,Bayelsa,Yenegoa,,Yenagoa,4.9246998,6.2642002,high,Local Media Source,National,Members of the Ijaw militia attack the Bayelsa State Government Houst in an effort to free their president Chief T.R. Ogoriba.,0,1552577674,NGA,Violence against civilians,Attack
5010562,566,NIG220,220,18 July 1998,1998,exact date,Violence against civilians,Attack,Police Forces of Nigeria (1993-1999),,state forces,Civilians (Nigeria),,civilians,military vs civilians,Western Africa,Nigeria,Ondo,Ondo West,,Ondo,7.0932002,4.8353,high,Reuters News,International,Fourteen are dead when police officers open fire on bus drivers when they refuse to pay a 20 naira bribe.,14,1552577674,NGA,Violence against civilians,Attack
5010654,566,NIG219,219,11 July 1998,1998,exact date,Violence against civilians,Attack,Unidentified Armed Group (Nigeria),,political militias,Civilians (Nigeria),,civilians,political militia vs civilians,Western Africa,Nigeria,Plateau,Riyom,,Riyom,9.6332998,8.7666998,high,Xinhua News,International,"A group of 30 armed robbers overtook five busses in Plateau State killing ten. """,10,1552577674,NGA,Violence against civilians,Attack
5010679,566,NIG218,218,08 July 1998,1998,within week,Violence against civilians,Attack,Unidentified Armed Group (Nigeria),,political militias,Civilians (International),Lutheran Christian Group (International),civilians,political militia vs civilians,Western Africa,Nigeria,Kano,Kano Municipal,,Kano,11.9702,8.5044003,low,The Christian Century,International,An American Lutheran missionary traveling in Kano State was killed by armed robbers along a highway.,1,1552577674,NGA,Violence against civilians,Attack
5010688,566,NIG214,214,07 July 1998,1998,exact date,Riots,Violent demonstration,Rioters (Nigeria),,rioters,,,0,sole rioter action,Western Africa,Nigeria,Ogun,Abeokuta South,,Abeokuta,7.1500001,3.3499999,high,PanAfrican News Agency,Regional,Rioters took to the streets destroying property over the news of the death in jail of political dissident Moshood Abiola.,0,1552577674,NGA,Riots,Violent demonstration
5010689,566,NIG215,215,07 July 1998,1998,exact date,Riots,Violent demonstration,Rioters (Nigeria),,rioters,,,0,sole rioter action,Western Africa,Nigeria,Oyo,Ibadan North West,,Ibadan,7.3878002,3.8964,high,PanAfrican News Agency,Regional,Rioters took to the streets destroying property over the news of the death in jail of political dissident Moshood Abiola.,0,1552577674,NGA,Riots,Violent demonstration
5010690,566,NIG216,216,07 July 1998,1998,exact date,Riots,Violent demonstration,Rioters (Nigeria),,rioters,,,0,sole rioter action,Western Africa,Nigeria,Osun,Ife East,,Ife-Ife,7.4667001,4.5667,high,PanAfrican News Agency,Regional,Rioters took to the streets destroying property over the news of the death in jail of political dissident Moshood Abiola. University students set 58 prisoners free after storming a prison,0,1552577674,NGA,Riots,Violent demonstration
5010691,566,NIG217,217,07 July 1998,1998,exact date,Riots,Violent demonstration,Rioters (Nigeria),,rioters,,,0,sole rioter action,Western Africa,Nigeria,Lagos,Lagos Island,,Lagos,6.4531002,3.3958001,high,Reuters News; PanAfrican News Agency,Regional-international,Rioters took to the streets destroying property over the news of the death in jail of political dissident Moshood Abiola. 20 were killed,20,1552577674,NGA,Riots,Violent demonstration
5010698,566,NIG213,213,07 July 1998,1998,exact date,Battles,Armed clash,Ijaw Ethnic Militia (Nigeria),,identity militias,Itsekiri Ethnic Militia (Nigeria),,identity militias,communal militia vs communal militia,Western Africa,Nigeria,Delta,Warri South,,Warri,5.5166998,5.75,high,Reuters News,International,Five are killed in a ethnic clash in Warri over a land ownership dispute.,5,1552577674,NGA,Battles,Armed clash
5010707,566,NIG212,212,06 July 1998,1998,exact date,Battles,Armed clash,JAC: Joint Action Committtee,,political militias,Police Forces of Nigeria (1993-1999),,state forces,military vs political militia,Western Africa,Nigeria,Lagos,Lagos Island,,Lagos,6.4531002,3.3958001,high,Dow Jones International News,International,One JAC member killed and 62 arrested by police when they staged anti-government demonstrations in Lagos.,1,1552577674,NGA,Battles,Armed clash
5010744,566,NIG211,211,30 June 1998,1998,exact date,Battles,Armed clash,Unidentified Armed Group (Niger),,political militias,Military Forces of Nigeria (1993-1999),,state forces,military vs political militia,Western Africa,Nigeria,Borno,Maiduguri,,Maiduguri,11.8464,13.1603,low,Radio Kudirat Nigeria,Subnational,"No fewer than 18 rebel soldiers from Niger Republic have been killed in a gun battle with members of the Borno State special anti-zombie squad, known as Operation Zaki. Two soldiers from the security outfit, the commander of the unit and a warrant officer also died in the skirmish.",20,1552577674,NGA,Battles,Armed clash
5010829,566,NIG210,210,20 June 1998,1998,exact date,Riots,Violent demonstration,Rioters (Nigeria),,rioters,,,0,sole rioter action,Western Africa,Nigeria,Oyo,Ibadan North West,,Ibadan,7.3878002,3.8964,high,Xinhua News,International,14 are dead following a riot that was sparked off due to the extortion of a soldier.,14,1552577675,NGA,Riots,Violent demonstration
5010959,566,NIG209,209,13 June 1998,1998,exact date,Protests,Protest with intervention,Police Forces of Nigeria (1993-1999),,state forces,Protesters (Nigeria),,protesters,military vs protesters,Western Africa,Nigeria,Imo,Owerri-Municipal,,Owerri,5.4833002,7.0303998,high,The Sunday Times,National,Police put down sporadic protests against General Abdulsalam Abubakar the newly appointed military ruler.,0,1552577675,NGA,Protests,Protest with intervention
5010971,566,NIG208,208,12 June 1998,1998,exact date,Violence against civilians,Attack,Police Forces of Nigeria (1993-1999),,state forces,Civilians (Nigeria),,civilians,military vs civilians,Western Africa,Nigeria,Lagos,Lagos Island,,Lagos,6.4531002,3.3958001,high,Reuters News; Agence France Presse,International,Nigerian police used teargas and fired shots into the air to disperse a group of about 200 protesters voicing their opposition to the newly appointed military ruler Abubaker. Opposition figure Gani Fawehinmi collapsed in the street after being overcome by teargas and was taken away by police,0,1552577675,NGA,Violence against civilians,Attack
5010968,566,NIG207,207,12 June 1998,1998,exact date,Riots,Violent demonstration,Rioters (Nigeria),,rioters,Police Forces of Nigeria (1993-1999),,state forces,military vs rioters,Western Africa,Nigeria,Lagos,Lagos Mainland,,Yaba,6.4979,3.3829,high,Agence France Presse,International,Police and protesters clashed after Abubaker was appointed as the new junta leader. 16 protesters injured,0,1552577675,NGA,Riots,Violent demonstration
5011124,566,NIG205,205,28 May 1998,1998,exact date,Battles,Armed clash,Unidentified Armed Group (Nigeria),,political militias,Police Forces of Nigeria (1993-1999),,state forces,military vs political militia,Western Africa,Nigeria,Kano,Kano Municipal,,Kano,11.9702,8.5044003,high,Local Media Source,National,Police shoot and kill three suspected robbers at a roadblock in Kano.,3,1552577675,NGA,Battles,Armed clash
5011134,566,NIG206,206,28 May 1998,1998,exact date,Violence against civilians,Abduction/forced disappearance,Concerned Ilaje Citizens Militia,,political militias,Civilians (Nigeria),,civilians,political militia vs civilians,Western Africa,Nigeria,Ondo,Ilaje,,Ago-Ilaje,6.3234,4.7248998,high,The Oil Daily,Other,"A group known as the """"Concerned Ilaje Citizens"""" took hostages aboard an oil platform shut the platform down and demand 10 million naira for their release. """,0,1552577675,NGA,Violence against civilians,Abduction/forced disappearance
5011137,566,NIG204,204,27 May 1998,1998,exact date,Battles,Armed clash,Maitasine Communal Militia (Nigeria),Muslim Militia (Nigeria),identity militias,Police Forces of Nigeria (1993-1999),,state forces,military vs communal militia,Western Africa,Nigeria,Lagos,Lagos Island,,Lagos,6.4531002,3.3958001,high,Dow Jones International News,International,Twelve are dead in a chash between the Maitasine Islamic militia and police in Lagos. The Maitatsines came to the battle armed with only bows and arrows.,12,1552577675,NGA,Battles,Armed clash
5011273,566,NIG203,203,15 May 1998,1998,exact date,Protests,Protest with intervention,Police Forces of Nigeria (1993-1999),,state forces,Protesters (Nigeria),Students (Nigeria),protesters,military vs protesters,Western Africa,Nigeria,Osun,Osogbo,,Osogbo,7.7666998,4.5667,high,Reuters News,International,Police arrest 19 students who were organizing a protest against the military dictatorship.,0,1552577675,NGA,Protests,Protest with intervention
5011304,566,NIG202,202,12 May 1998,1998,exact date,Riots,Violent demonstration,Rioters (Nigeria),,rioters,,,0,sole rioter action,Western Africa,Nigeria,Osun,Osogbo,,Oshogbo,7.7666998,4.5667,high,Associated Press,International,Violent protests broke out where pro-democracy activists blocked traffic with burning piles of car tires,0,1552577675,NGA,Riots,Violent demonstration
5011318,566,NIG201,201,10 May 1998,1998,exact date,Violence against civilians,Attack,Unidentified Armed Group (Nigeria),,political militias,Civilians (Nigeria),,civilians,political militia vs civilians,Western Africa,Nigeria,Kaduna,Kaduna North,,Kaduna,10.5222,7.4383001,high,Reuters News,International,Thirty are killed when an armed group attacks a bus traveling between Kaduna and Lagos.,30,1552577675,NGA,Violence against civilians,Attack
5011337,566,NIG199,199,08 May 1998,1998,exact date,Violence against civilians,Attack,Unidentified Armed Group (Nigeria),,political militias,Civilians (Nigeria),,civilians,political militia vs civilians,Western Africa,Nigeria,Ogun,Abeokuta South,,Abeokuta,7.1500001,3.3499999,high,PanAfrican News Agency,Regional,"Armed men raided the home of of jailed former Nigerian leader, Gen. Olusegun Obasanjo, attacking guards and his family before robbing the house.",0,1552577675,NGA,Violence against civilians,Attack
5011338,566,NIG198,198,08 May 1998,1998,exact date,Riots,Mob violence,Rioters (Nigeria),Students (Nigeria),rioters,Esa-Oke Communal Militia (Nigeria),,identity militias,communal militia vs rioters,Western Africa,Nigeria,Osun,Obokun,,Esa Oke,7.7666998,4.9000001,high,Xinhua News,International,Five are feared dead in a clash between students and local villagers over a traffic dispute.,5,1552577675,NGA,Riots,Mob violence
5011345,566,NIG200,200,08 May 1998,1998,exact date,Violence against civilians,Attack,Police Forces of Nigeria (1993-1999),,state forces,Civilians (Nigeria),Journalists (Nigeria),civilians,military vs civilians,Western Africa,Nigeria,Lagos,Lagos Island,,Lagos,6.4531002,3.3958001,high,Committee to Protect Journalists,Other,"Abuse in custody of journalist Biodun Ogunleye, reports press advocacy group",0,1552577675,NGA,Violence against civilians,Attack
5011409,566,NIG196,196,01 May 1998,1998,exact date,Violence against civilians,Attack,Police Forces of Nigeria (1993-1999),UAD: United Action for Democracy Militia,state forces,Civilians (Nigeria),,civilians,military vs civilians,Western Africa,Nigeria,Oyo,Ibadan North West,,Ibadan,7.3878002,3.8964,high,Dow Jones International News,International,Police kill seven civilians and arrest twenty who were protesting against the military dictatorship of General Sani Abacha. UAD: United Action for Democracy called for the May Day demonstrations against the regime,7,1552577675,NGA,Violence against civilians,Attack
5011410,566,NIG197,197,01 May 1998,1998,exact date,Riots,Violent demonstration,Rioters (Nigeria),UAD: United Action for Democracy Militia,rioters,,,0,sole rioter action,Western Africa,Nigeria,Oyo,Ibadan North West,,Ibadan,7.3878002,3.8964,high,Hindustan Times; Agence France Presse,International,During the show-election for military dictator General Sani Abacha a pro-democracy boycott (called by pro-democracy groups including UAD) leads to a riot in the streets of Ibadan,0,1552577675,NGA,Riots,Violent demonstration
5011411,566,NIG195,195,01 May 1998,1998,exact date,Protests,Peaceful protest,Protesters (Nigeria),,protesters,,,0,sole protester action,Western Africa,Nigeria,Kano,Kano Municipal,,Kano,11.9702,8.5044003,high,Agence France Presse,International,"Police disperse 2,000 workers gathered in the city stadium for May Day",0,1552577675,NGA,Protests,Peaceful protest
5011504,566,NIG194,194,24 April 1998,1998,exact date,Explosions/Remote violence,Remote explosive/landmine/IED,Unidentified Armed Group (Nigeria),,political militias,Civilians (Nigeria),Muslim Group (Nigeria),civilians,political militia vs civilians,Western Africa,Nigeria,Lagos,Lagos Island,,Lagos,6.4531002,3.3958001,high,Dow Jones International News,International,Unknown people set off a bomb in an predominately Muslim neighborhood of Lagos killing four.,4,1552577675,NGA,Explosions/Remote violence,Remote explosive/landmine/IED
5011518,566,NIG193,193,23 April 1998,1998,exact date,Explosions/Remote violence,Remote explosive/landmine/IED,Unidentified Armed Group (Nigeria),,political militias,Civilians (Nigeria),Muslim Group (Nigeria),civilians,political militia vs civilians,Western Africa,Nigeria,Osun,Ife East,,Ife-Ife,7.4667001,4.5667,high,Agence France Presse; Associated Press Worldstream,International,bomb blast kills five people and wounds 14 in a busy market in the predominantly Muslim Sabo district of Ife-Ife ahead of parliamentary elections,5,1552577675,NGA,Explosions/Remote violence,Remote explosive/landmine/IED
5011534,566,NIG191,191,21 April 1998,1998,exact date,Violence against civilians,Attack,Police Forces of Nigeria (1993-1999),,state forces,Civilians (Nigeria),,civilians,military vs civilians,Western Africa,Nigeria,Lagos,Lagos Island,,Lagos,6.4531002,3.3958001,medium,Associated Press Worldstream,International,bus driver and woman shot and seriously injured at a police checkpoint when the driver failed to stop immediately,0,1552577675,NGA,Violence against civilians,Attack
5011535,566,NIG192,192,21 April 1998,1998,exact date,Battles,Armed clash,Bassa Ethnic Militia (Nigeria),,identity militias,Ebira Ethnic Militia (Nigeria),,identity militias,communal militia vs communal militia,Western Africa,Nigeria,Nasarawa,Toto,,Toto,8.3788996,7.0844002,high,The Daily Times,National,at least 14 people killed in communal clashes that began Monday night,14,1552577675,NGA,Battles,Armed clash
5011544,566,NIG190,190,20 April 1998,1998,exact date,Battles,Armed clash,Muslim Militia (Nigeria),,identity militias,Police Forces of Nigeria (1993-1999),,state forces,military vs communal militia,Western Africa,Nigeria,Kaduna,Kaduna North,,Kaduna,10.5222,7.4383001,high,Reuters News,International,Police shoot and kill three Islamic Militants during a clash in Kaduna.,3,1552577675,NGA,Battles,Armed clash
5011560,566,NIG189,189,18 April 1998,1998,within week,Riots,Violent demonstration,Rioters (Nigeria),,rioters,Police Forces of Nigeria (1993-1999),,state forces,military vs rioters,Western Africa,Nigeria,Kaduna,Kaduna North,,Kaduna,10.5222,7.4383001,high,Radio Kudirat,Subnational,Six reportedly killed in clashes between police and rioters protesting the arrest of a Muslim leader over the weekend,6,1552577675,NGA,Riots,Violent demonstration
5011588,566,NIG185,185,15 April 1998,1998,exact date,Violence against civilians,Attack,Police Forces of Nigeria (1993-1999),,state forces,Civilians (Nigeria),,civilians,military vs civilians,Western Africa,Nigeria,Oyo,Ibadan North West,,Ibadan,7.3878002,3.8964,high,Dow Jones International News,International,Police shoot and kill three pro-democracy activists as they protested against the military dictatorship.,3,1552577675,NGA,Violence against civilians,Attack
5011589,566,NIG186,186,15 April 1998,1998,exact date,Violence against civilians,Attack,Police Forces of Nigeria (1993-1999),,state forces,Civilians (Nigeria),Journalists (Nigeria),civilians,military vs civilians,Western Africa,Nigeria,Oyo,Ibadan North West,,Ibadan,7.3878002,3.8964,high,IFEX,International,"Four journalists covering the pro and anti-Abacha rallies were severely beaten with horsewhips by policemen, reported IFEX an press advocacy organization",0,1552577675,NGA,Violence against civilians,Attack
5011590,566,NIG187,187,15 April 1998,1998,within week,Strategic developments,Change to group/activity,Military Forces of Cameroon (1982-),,external/other forces,Military Forces of Nigeria (1993-1999),,state forces,military vs other,Western Africa,Nigeria,Borno,Maiduguri,,Maiduguri,11.8464,13.1603,low,Xinhua,International,"Movement of forces: Military reports a build-up of Cameroonian troops in the opening of a new front along Borno border, following intensification of dispute around territory of Bakassi Peninsula in the south of the country.",0,1552577675,NGA,Strategic developments,Change to group/activity
5011650,566,NIG188,188,15 April 1998,1998,within month,Violence against civilians,Attack,Police Forces of Nigeria (1993-1999) National Drug Law Enforcement Agency,,state forces,Civilians (Nigeria),Prisoners (Nigeria),civilians,military vs civilians,Western Africa,Nigeria,Plateau,Jos North,,Jos,9.9285002,8.8921003,high,P.M. News,Subnational,"Torture, death in detention of a drug suspect",1,1552577675,NGA,Violence against civilians,Attack
5011679,566,NIG184,184,12 April 1998,1998,exact date,Violence against civilians,Abduction/forced disappearance,Ekakpamre Communal Militia (Nigeria),,identity militias,Civilians (International),,civilians,communal militia vs civilians,Western Africa,Nigeria,Delta,Ughelli South,,Ekakpamre,5.5172,5.9057002,high,Radio Kudirat,Subnational,Four British oil workers taken hostage by the Ekakpamre community as a protest against the oil companies neglect of their area. They were released four days later unharmed,0,1552577676,NGA,Violence against civilians,Abduction/forced disappearance
5011897,566,NIG183,183,23 March 1998,1998,exact date,Riots,Mob violence,Rioters (Nigeria),,rioters,Military Forces of Nigeria (1993-1999),,state forces,military vs rioters,Western Africa,Nigeria,Lagos,Lagos Mainland,,Yaba,6.4979,3.3829,high,The Vanguard; The Daily Times,National,"violence breaks out at fuel stations over a fuel shortage, with motorists attacking troops sent to quell the unrest",0,1552577676,NGA,Riots,Mob violence
5011936,566,NIG182,182,20 March 1998,1998,exact date,Riots,Violent demonstration,Rioters (Nigeria),,rioters,Military Forces of Nigeria (1993-1999),,state forces,military vs rioters,Western Africa,Nigeria,Lagos,Lagos Island,,Lagos,6.4531002,3.3958001,high,Agence France Presse,International,at least one person was shot dead when police intervened to break up a spontaneous demonstration in northern Lagos over fuel shortage,1,1552577676,NGA,Riots,Violent demonstration
5011956,566,NIG181,181,17 March 1998,1998,exact date,Violence against civilians,Attack,Oboro Communal Militia (Nigeria),,identity militias,Civilians (Nigeria),,civilians,communal militia vs civilians,Western Africa,Nigeria,Bayelsa,Sagbama,,Niger Delta,4.8333001,6,medium,Reuters News,International,The Oboro Communal Militia (Ijaw ethnic group) attack and kill 31 mourners (Urhubo ethnic group) on their way to bury a relative who became victim of previous area violence.,31,1552577676,NGA,Violence against civilians,Attack
5012107,566,NIG180,180,11 March 1998,1998,exact date,Violence against civilians,Attack,Unidentified Armed Group (Nigeria),,political militias,Civilians (Nigeria),,civilians,political militia vs civilians,Western Africa,Nigeria,Enugu,Udi,,Egede,6.5500002,7.3667002,medium,Associated Press Worldstream,International,Armed men wearing military uniforms ambushed and killed 10 passengers riding a bus through rural Nigeria before looting the bodies,10,1552577676,NGA,Violence against civilians,Attack
5012114,566,NIG179,179,10 March 1998,1998,exact date,Riots,Violent demonstration,Rioters (Nigeria),,rioters,,,0,sole rioter action,Western Africa,Nigeria,Kwara,Ilorin East,,Illorin,8.5,4.5500002,high,Xinhua News,International,Students in Ilorin City in west Nigeria turned to rioting Tuesday after waiting for hours in vain for buses to take them to school due to an ongoing fuel scarcity problem,3,1552577676,NGA,Riots,Violent demonstration
5012121,566,NIG178,178,10 March 1998,1998,exact date,Violence against civilians,Attack,Police Forces of Nigeria (1993-1999),,state forces,Civilians (Nigeria),,civilians,military vs civilians,Western Africa,Nigeria,Kwara,Ilorin East,,Illorin,8.5,4.5500002,high,IFEX,International,"Abdul Rahma Maliki, a journalist with Kwara State Television, was beaten by a detachment of policemen while attempting to cover a student protest, reported an advocacy organiization for press freedom",0,1552577676,NGA,Violence against civilians,Attack
5012180,566,NIG177,177,03 March 1998,1998,exact date,Protests,Protest with intervention,Protesters (Nigeria),UAD: United Action for Democracy Militia,protesters,Police Forces of Nigeria (1993-1999),,state forces,military vs protesters,Western Africa,Nigeria,Federal Capital Territory,Abuja Municipal,,Abuja,9.0832996,7.5332999,high,Reuters News,International,Police in Abuja fire teargas on members of United Action for Democracy (UAD) in an effort to disperse them as they protested against the military rule of the county. Three were eventually arrested. A rally by regime loyalists went ahead unhindered,0,1552577676,NGA,Protests,Protest with intervention
5012181,566,NIG176,176,03 March 1998,1998,exact date,Protests,Protest with intervention,Protesters (Nigeria),,protesters,Police Forces of Nigeria (1993-1999),,state forces,military vs protesters,Western Africa,Nigeria,Lagos,Lagos Island,,Lagos,6.4531002,3.3958001,high,Agence France Presse,International,Police fired teargas on protesters at a banned rally against the military ruler Abacha,0,1552577676,NGA,Protests,Protest with intervention
5012316,566,NIG175,175,27 February 1998,1998,exact date,Violence against civilians,Attack,Unidentified Armed Group (Nigeria),,political militias,Civilians (Nigeria),,civilians,political militia vs civilians,Western Africa,Nigeria,Lagos,Lagos Island,,Lagos,6.4531002,3.3958001,high,Reuters News,International,A Nigerian journalist was killed by armed robbers who raided his home in Lagos.,1,1552577676,NGA,Violence against civilians,Attack
5012357,566,NIG174,174,23 February 1998,1998,exact date,Battles,Armed clash,Unidentified Armed Group (Nigeria),,political militias,Police Forces of Nigeria (1993-1999),,state forces,military vs political militia,Western Africa,Nigeria,Lagos,Lagos Island,,Lagos,6.4531002,3.3958001,high,Agence France Presse,International,Three armed assailants broke into the Swiss Embassy and were repulsed by security guards,0,1552577676,NGA,Battles,Armed clash
5183415,566,NIG173,173,19 February 1998,1998,exact date,Violence against civilians,Attack,Unidentified Armed Group (Chad),,political militias,Civilians (Nigeria),,civilians,political militia vs civilians,Western Africa,Nigeria,Borno,Gubio,,Gubio,12.499,12.7848,high,The Daily Times; Agence France Presse,National-international,"An armed gang thought to have come from Chad, attacked the town of Gubio, killing 25 people.",25,1558387849,NGA,Violence against civilians,Attack
5183416,566,NIG172,172,19 February 1998,1998,exact date,Battles,Armed clash,Unidentified Armed Group (Chad),,political militias,Borno Communal Militia (Nigeria),,identity militias,political militia vs communal militia,Western Africa,Nigeria,Borno,Gubio,,Gubio,12.499,12.7848,high,The Daily Times,National,"A Borno State self-defence unit responded to an attack on a village by an armed gang thought to have come from Chad, one defender was killed",1,1558387849,NGA,Battles,Armed clash
5012434,566,NIG171,171,15 February 1998,1998,within month,Violence against civilians,Attack,Police Forces of Nigeria (1993-1999),,state forces,Civilians (Nigeria),,civilians,military vs civilians,Western Africa,Nigeria,Borno,Maiduguri,,Maiduguri,11.8464,13.1603,low,US State Department Human Rights Report 1997; The Nation (Nigeria),Other,"Union leader Frank Kokori is being held in Borno as a political prisoner, near the Chadian border. Kokori subsequently reports experiencing torture at the hands of the Nigerian security forces.",0,1552577676,NGA,Violence against civilians,Attack
5012618,566,NIG169,169,10 February 1998,1998,exact date,Battles,Armed clash,Urhobo Ethnic Militia (Nigeria),,identity militias,Igbo Ethnic Militia (Nigeria),,identity militias,communal militia vs communal militia,Western Africa,Nigeria,Delta,Warri South,,Warri,5.5166998,5.75,high,Reuters News,International,One person killed when a communal clash begins with insults.,1,1552577677,NGA,Battles,Armed clash
5012758,566,NIG167,167,30 January 1998,1998,exact date,Protests,Peaceful protest,Protesters (Nigeria),Muslim Group (Nigeria),protesters,,,0,sole protester action,Western Africa,Nigeria,Kano,Kano Municipal,,Kano,11.9702,8.5044003,high,Associated Press,International,Muslim youths protest against the government,0,1552577677,NGA,Protests,Peaceful protest
5012759,566,NIG168,168,30 January 1998,1998,exact date,Battles,Armed clash,Muslim Militia (Nigeria),,identity militias,Police Forces of Nigeria (1993-1999),,state forces,military vs communal militia,Western Africa,Nigeria,Katsina,Katsina,,Katsina,12.9894,7.6005998,high,Xinhua News; Associated Press,International,"Five are killed in Katsina City when police clashed with Muslims protesting United State involvement in the middle east region; Demonstrators demanded the release of Shiite Muslim leader Ibrahim El-Zak Zaky, imprisoned by the military government",5,1552577677,NGA,Battles,Armed clash
5012768,566,NIG166,166,28 January 1998,1998,exact date,Protests,Peaceful protest,Protesters (Nigeria),,protesters,,,0,sole protester action,Western Africa,Nigeria,Akwa Ibom,Eket,,Eket,4.6412001,7.9208999,high,Radio Kudirat,Subnational,Police arrest protestors including 25 youths who had sealed off Mobil facilities to protest a recent Mobil oil spill in their area,0,1552577677,NGA,Protests,Peaceful protest
5012769,566,NIG164,164,28 January 1998,1998,exact date,Battles,Armed clash,Ife Ethnic Militia (Nigeria),,identity militias,Modakeke Ethnic Militia (Nigeria),,identity militias,communal militia vs communal militia,Western Africa,Nigeria,Osun,Ife East,,Ife-Ife,7.4667001,4.5667,high,Associated Press,International,20 people were injured in fighting and homes and shops destroyed after Muslims from Ile-Ife accused Modakeke residents of refusing them access to a Muslim prayer ground,0,1552577677,NGA,Battles,Armed clash
5012766,566,NIG165,165,28 January 1998,1998,exact date,Battles,Armed clash,Ife Ethnic Militia (Nigeria),,identity militias,Modakeke Ethnic Militia (Nigeria),,identity militias,communal militia vs communal militia,Western Africa,Nigeria,Osun,Ife East,,Ife-Ife,7.4667001,4.5667,high,Radio Kudirat,Subnational,eight people killed in communal fighting over the cutting down of trees on a prayer ground,8,1552577677,NGA,Battles,Armed clash
5012771,566,NIG163,163,27 January 1998,1998,exact date,Riots,Mob violence,Police Forces of Nigeria (1993-1999),,state forces,Rioters (Nigeria),,rioters,military vs rioters,Western Africa,Nigeria,Osun,Irewole,,Modakeke,7.3832998,4.2666998,medium,Xinhua News,International,Three rioters killed in a shoot out with police during communal violence in Osun state,3,1552577677,NGA,Riots,Mob violence
5012775,566,NIG159,159,26 January 1998,1998,exact date,Battles,Armed clash,Ife Ethnic Militia (Nigeria),,identity militias,Modakeke Ethnic Militia (Nigeria),,identity militias,communal militia vs communal militia,Western Africa,Nigeria,Osun,Ife East,,Ife-Ife,7.4667001,4.5667,high,Reuters News,International,"Fifteen were killed at Ife, Alapata, and Toro during fighting between Ife and Modakeke communities (3 places)",5,1552577677,NGA,Battles,Armed clash
5012776,566,NIG160,160,26 January 1998,1998,exact date,Battles,Armed clash,Ife Ethnic Militia (Nigeria),,identity militias,Modakeke Ethnic Militia (Nigeria),,identity militias,communal militia vs communal militia,Western Africa,Nigeria,Osun,Ife East,,Ife-Ife,7.4667001,4.5667,medium,Reuters News,International,"Fifteen were killed at Ife, Alapata, and Toro during fighting between Ife and Modakeke communities (3 places)",5,1552577677,NGA,Battles,Armed clash
5012778,566,NIG162,162,26 January 1998,1998,exact date,Battles,Armed clash,Ife Ethnic Militia (Nigeria),,identity militias,Modakeke Ethnic Militia (Nigeria),,identity militias,communal militia vs communal militia,Western Africa,Nigeria,Osun,Irewole,,Modakeke,7.3832998,4.2666998,high,Reuters News,International,Eight were killed in an ethnic clash after men from the Ife community cut down trees belonging to the Modakeke community.,8,1552577677,NGA,Battles,Armed clash
5012777,566,NIG161,161,26 January 1998,1998,exact date,Battles,Armed clash,Ife Ethnic Militia (Nigeria),,identity militias,Modakeke Ethnic Militia (Nigeria),,identity militias,communal militia vs communal militia,Western Africa,Nigeria,Osun,Ife East,,Ife-Ife,7.4667001,4.5667,medium,Reuters News,International,"Fifteen were killed at Ife, Alapata, and Toro during fighting between Ife and Modakeke communities (3 places)",5,1552577677,NGA,Battles,Armed clash
5012792,566,NIG158,158,22 January 1998,1998,exact date,Battles,Armed clash,Ita Ogbolu Ethnic Militia (Nigeria),,identity militias,Iju Ethnic Militia (Nigeria),,identity militias,communal militia vs communal militia,Western Africa,Nigeria,Ondo,Ondo West,,Ondo,7.0932002,4.8353,low,Local Media Source,National,Five are killed in a ethnic clash in Ondo State over the relocation of the local government.,5,1552577677,NGA,Battles,Armed clash
5012802,566,NIG157,157,21 January 1998,1998,within week,Battles,Armed clash,Unidentified Ethnic Militia (Nigeria),,identity militias,Unidentified Ethnic Militia (Nigeria),,identity militias,communal militia vs communal militia,Western Africa,Nigeria,Kaduna,Kaduna North,,Kaduna,10.5222,7.4383001,medium,Radio Nigeria,National,Ebowa-Bakpa [phonetic] communal clashes,0,1552577677,NGA,Battles,Armed clash
5012813,566,NIG156,156,20 January 1998,1998,exact date,Battles,Armed clash,Fulani Ethnic Militia (Nigeria),Pastoralists (Nigeria),identity militias,Police Forces of Nigeria (1993-1999),,state forces,military vs communal militia,Western Africa,Nigeria,Gombe,Billiri,,Billiri,9.8647003,11.2253,high,Reuters News; Agence France Presse,International,Twelve people including Eight police are killed when Fulani militia members attack them and they run out of ammunition.,12,1552577677,NGA,Battles,Armed clash
5012825,566,NIG155,155,19 January 1998,1998,exact date,Battles,Armed clash,Yoruba Ethnic Militia (Nigeria),,identity militias,Fulani Ethnic Militia (Nigeria),Pastoralists (Nigeria),identity militias,communal militia vs communal militia,Western Africa,Nigeria,Oyo,Atiba,,Arinkinkin,8.0333004,3.9000001,high,Reuters News,International,Twenty are killed in fighting between ethnic militias over the murder of a farmer.,20,1552577677,NGA,Battles,Armed clash
5012937,566,NIG154,154,12 January 1998,1998,exact date,Battles,Armed clash,Jukun-Chamba Communal Militia (Nigeria),,identity militias,Kutep Communal Militia (Nigeria),,identity militias,communal militia vs communal militia,Western Africa,Nigeria,Taraba,Jalingo,,Jalingo,8.8832998,11.3667,low,Reuters News,International,Thousands have been displaced from their homes when two rival communities clashed in Taraba State.,0,1552577677,NGA,Battles,Armed clash
5012989,566,NIG153,153,06 January 1998,1998,exact date,Violence against civilians,Attack,Military Forces of Nigeria (1993-1999) Rivers State Internal Security Task Force,,state forces,Civilians (Nigeria),,civilians,military vs civilians,Western Africa,Nigeria,Rivers,Khana,,Bori,4.6736999,7.362,high,MOSOP,Other,An Ogani rights organization MOSOP reports Ogoni activists Batom Mitee and Tombari Gioro are tortured in custody,0,1552577677,NGA,Violence against civilians,Attack
5013002,566,NIG151,151,04 January 1998,1998,exact date,Violence against civilians,Attack,Military Forces of Nigeria (1993-1999) Rivers State Internal Security Task Force,,state forces,Civilians (Nigeria),,civilians,military vs civilians,Western Africa,Nigeria,Rivers,Khana,,Bori,4.6736999,7.362,high,MOSOP,Other,An Ogani rights organization MOSOP reported the detention and torture of an activist on Ogani Day,0,1552577677,NGA,Violence against civilians,Attack
5013005,566,NIG150,150,04 January 1998,1998,exact date,Violence against civilians,Attack,Military Forces of Nigeria (1993-1999) Rivers State Internal Security Task Force,,state forces,Civilians (Nigeria),,civilians,military vs civilians,Western Africa,Nigeria,Rivers,Khana,,Bori,4.6736999,7.362,medium,MOSOP,Other,"An Ogani rights organization MOSOP reported raidson villages and church services by RVISTF troops who fired live ammunition at civilians in Bori, Bo-ue,Kaani, K. Dere, Zaakpon, and uegure",0,1552577677,NGA,Violence against civilians,Attack
5013006,566,NIG152,152,04 January 1998,1998,exact date,Violence against civilians,Sexual violence,Military Forces of Nigeria (1993-1999) Rivers State Internal Security Task Force,,state forces,Civilians (Nigeria),,civilians,military vs civilians,Western Africa,Nigeria,Rivers,Khana,,Bori,4.6736999,7.362,high,MOSOP,Other,An Ogani rights organization MOSOP reports a raid on a Hotel belonging to Ogoni activists and the assault and rape of staff members,0,1552577677,NGA,Violence against civilians,Sexual violence
