data_id,iso,event_id_cnty,event_id_no_cnty,event_date,year,time_precision,event_type,sub_event_type,actor1,assoc_actor_1,inter1,actor2,assoc_actor_2,inter2,interaction,region,country,admin1,admin2,admin3,location,latitude,longitude,geo_precision,source,source_scale,notes,fatalities,timestamp,iso3,event_code,subevent_code
4978950,566,NIG1796,1796,24 December 2006,2006,exact date,Riots,Mob violence,Police Forces of Nigeria (1999-2015),,state forces,Rioters (Nigeria),,rioters,military vs rioters,Western Africa,Nigeria,Federal Capital Territory,Abuja Municipal,,Abuja,9.0832996,7.5332999,high,All Africa,Regional,Angry mob kills police officer,1,1552577638,NGA,Riots,Mob violence
4978972,566,NIG1795,1795,23 December 2006,2006,exact date,Explosions/Remote violence,Remote explosive/landmine/IED,MEND: Movement for the Emancipation of the Niger Delta,,rebel groups,,,0,sole rebels action,Western Africa,Nigeria,Rivers,Port-Harcourt,,Port Harcourt,4.7774,7.0134001,high,Reuters News,International,MEND detonates bomb; no one injured,0,1552577638,NGA,Explosions/Remote violence,Remote explosive/landmine/IED
4978988,566,NIG1794,1794,21 December 2006,2006,exact date,Battles,Armed clash,Unidentified Armed Group (Nigeria),,political militias,Police Forces of Nigeria (1999-2015),,state forces,military vs political militia,Western Africa,Nigeria,Rivers,Ogba/Egbema/Ndoni,,Obagi,5.2511001,6.6129999,high,Reuters News,International,Militants clash with police at oil facility,0,1552577638,NGA,Battles,Armed clash
4978999,566,NIG1793,1793,20 December 2006,2006,exact date,Battles,Armed clash,Military Forces of Nigeria (1999-2015),,state forces,Unidentified Armed Group (Nigeria),,political militias,military vs political militia,Western Africa,Nigeria,Bayelsa,Southern Ijaw,,Tebidaba,4.5780001,5.9707999,high,Agence France Presse,International,Militants attack flow station,0,1552577638,NGA,Battles,Armed clash
4979013,566,NIG1792,1792,18 December 2006,2006,exact date,Explosions/Remote violence,Remote explosive/landmine/IED,MEND: Movement for the Emancipation of the Niger Delta,,rebel groups,Civilians (International),,civilians,rebels vs civilians,Western Africa,Nigeria,Rivers,Port-Harcourt,,Port Harcourt,4.7774,7.0134001,high,AP Reuters,International,MEND detonates duel explosives in Port Harcourt,0,1552577638,NGA,Explosions/Remote violence,Remote explosive/landmine/IED
4979039,566,NIG1791,1791,14 December 2006,2006,exact date,Battles,Armed clash,Military Forces of Nigeria (1999-2015),,state forces,Unidentified Armed Group (Nigeria),,political militias,military vs political militia,Western Africa,Nigeria,Bayelsa,Southern Ijaw,,Oporoma,4.8046999,6.0788999,high,Vanguard (Nigeria),National,Militants clash with military at oil facility,0,1552577639,NGA,Battles,Armed clash
4979077,566,NIG1790,1790,11 December 2006,2006,exact date,Violence against civilians,Attack,Unidentified Armed Group (Nigeria),,political militias,Civilians (International),,civilians,political militia vs civilians,Western Africa,Nigeria,Bayelsa,Ekeremor,,Clough Creek,4.8150001,5.6090999,high,All Africa,Regional,Militants attack flow station,0,1552577639,NGA,Violence against civilians,Attack
4979091,566,NIG1789,1789,09 December 2006,2006,exact date,Violence against civilians,Attack,Unidentified Armed Group (Nigeria),,political militias,Civilians (Nigeria),,civilians,political militia vs civilians,Western Africa,Nigeria,Bayelsa,Sagbama,,Niger Delta,4.8333001,6,medium,AP Reuters,International,Militants open fire on oil workers on boat,0,1552577639,NGA,Violence against civilians,Attack
4979113,566,NIG1788,1788,07 December 2006,2006,exact date,Violence against civilians,Attack,Unidentified Armed Group (Nigeria),,political militias,Civilians (Nigeria),,civilians,political militia vs civilians,Western Africa,Nigeria,Delta,Warri South West,,Okerenghigho,5.6222,5.3922,high,All Africa,Regional,Militants attack civilians,0,1552577639,NGA,Violence against civilians,Attack
4979108,566,NIG1787,1787,07 December 2006,2006,exact date,Battles,Armed clash,Military Forces of Nigeria (1999-2015),,state forces,Unidentified Armed Group (Nigeria),,political militias,military vs political militia,Western Africa,Nigeria,Delta,Warri South West,,Okerenghigho,5.6222,5.3922,high,Reuters News,International,Militants attack Nigerian soldiers,0,1552577639,NGA,Battles,Armed clash
4979154,566,NIG1786,1786,01 December 2006,2006,exact date,Violence against civilians,Attack,MEND: Movement for the Emancipation of the Niger Delta,,rebel groups,Civilians (International),,civilians,rebels vs civilians,Western Africa,Nigeria,Bayelsa,Sagbama,,Niger Delta,4.8333001,6,high,Dow Jones Commodities Service,International,MEND attacks Shell facility in Niger Delta,0,1552577639,NGA,Violence against civilians,Attack
4979173,566,NIG1785,1785,29 November 2006,2006,exact date,Explosions/Remote violence,Remote explosive/landmine/IED,Unidentified Armed Group (Nigeria),,political militias,Civilians (Nigeria),,civilians,political militia vs civilians,Western Africa,Nigeria,Edo,Oredo,,Benin City,6.3351002,5.6275001,high,Agence France Presse,International,Bomb explodes in car,0,1552577639,NGA,Explosions/Remote violence,Remote explosive/landmine/IED
4979217,566,NIG1784,1784,22 November 2006,2006,exact date,Violence against civilians,Attack,Unidentified Armed Group (Nigeria),,political militias,Civilians (International),,civilians,political militia vs civilians,Western Africa,Nigeria,Bayelsa,Sagbama,,Niger Delta,4.8333001,6,medium,AP Reuters,International,Hostage killed during rescue attempt,1,1552577639,NGA,Violence against civilians,Attack
4979220,566,NIG1783,1783,22 November 2006,2006,exact date,Battles,Armed clash,Military Forces of Nigeria (1999-2015),,state forces,Unidentified Armed Group (Nigeria),,political militias,military vs political militia,Western Africa,Nigeria,Bayelsa,Sagbama,,Niger Delta,4.8333001,6,medium,AP Reuters,International,Military clashes with militants,0,1552577639,NGA,Battles,Armed clash
4979229,566,NIG1782,1782,21 November 2006,2006,exact date,Riots,Violent demonstration,Rioters (Nigeria),,rioters,,,0,sole rioter action,Western Africa,Nigeria,Lagos,Kosofe,,Ojota,6.5862999,3.3808,high,All Africa,Regional,Riot in Lagos State,0,1552577639,NGA,Riots,Violent demonstration
4979235,566,NIG1781,1781,20 November 2006,2006,exact date,Violence against civilians,Attack,Unidentified Armed Group (Nigeria),,political militias,Civilians (Nigeria),,civilians,political militia vs civilians,Western Africa,Nigeria,Rivers,Port-Harcourt,,Port Harcourt,4.7774,7.0134001,high,AP Reuters,International,Armed men attack Nigerian aid group; kill two,2,1552577639,NGA,Violence against civilians,Attack
4979251,566,NIG1779,1779,18 November 2006,2006,exact date,Battles,Armed clash,ANPP: All Nigeria Peoples Party,,political militias,PDP: Peoples Democratic Party,,political militias,political militia vs political militia,Western Africa,Nigeria,Borno,Maiduguri,,Maiduguri,11.8464,13.1603,high,This Day,National,Supporters of both All Nigeria Peoples Party (ANPP) and the People Democratic Party (PDP) engaged in a fight in Maiduguri.,0,1552577639,NGA,Battles,Armed clash
4979252,566,NIG1780,1780,18 November 2006,2006,exact date,Riots,Mob violence,Rioters (Nigeria),ANPP: All Nigeria Peoples Party; PDP: Peoples Democratic Party,rioters,Police Forces of Nigeria (1999-2015),,state forces,military vs rioters,Western Africa,Nigeria,Borno,Maiduguri,,Maiduguri,11.8464,13.1603,high,This Day,National,"In addition to clashing with one another, rioters associated with PDP and ANPP factions engaged in running battles with police who fired tear gas canisters to disperse the mob.",0,1552577639,NGA,Riots,Mob violence
4979274,566,NIG1778,1778,15 November 2006,2006,exact date,Battles,Armed clash,Military Forces of Nigeria (1999-2015),,state forces,Unidentified Armed Group (Nigeria),,political militias,military vs political militia,Western Africa,Nigeria,Bayelsa,Southern Ijaw,,Oporoma,4.8046999,6.0788999,high,Agence France Presse,International,Mililtary repels attack by militants,0,1552577639,NGA,Battles,Armed clash
4979395,566,NIG1777,1777,02 November 2006,2006,exact date,Battles,Armed clash,Black Axe Student Militia,,political militias,Viking 22 Student Militia,,political militias,political militia vs political militia,Western Africa,Nigeria,Ebonyi,Ebonyi,,Abakaliki,6.3162999,8.1169004,high,All Africa,Regional,Two students killed in clashes between Vikings and Black Axe,2,1552577639,NGA,Battles,Armed clash
4979402,566,NIG1776,1776,01 November 2006,2006,exact date,Violence against civilians,Attack,MEND: Movement for the Emancipation of the Niger Delta,,rebel groups,Civilians (International),,civilians,rebels vs civilians,Western Africa,Nigeria,Bayelsa,Sagbama,,Niger Delta,4.8333001,6,high,Dow Jones Commodities Service,International,MEND attacks Shell facility in Niger Delta,0,1552577639,NGA,Violence against civilians,Attack
4979454,566,NIG1775,1775,25 October 2006,2006,exact date,Battles,Armed clash,Unidentified Armed Group (Nigeria),,political militias,Police Forces of Nigeria (1999-2015),,state forces,military vs political militia,Western Africa,Nigeria,Plateau,Kanke,,Pankshin,9.3332996,9.4499998,high,Agence France Presse,International,Clashes between armed youths and police,0,1552577639,NGA,Battles,Armed clash
5131624,566,NIG1774,1774,13 October 2006,2006,exact date,Protests,Excessive force against protesters,Police Forces of Nigeria (1999-2015),,state forces,Protesters (Nigeria),,protesters,military vs protesters,Western Africa,Nigeria,Plateau,Jos North,,Jos,9.9285002,8.8921003,high,Dow Jones International News,International,Police shoot and kill demonstrator during political protest,1,1555958740,NGA,Protests,Excessive force against protesters
4979529,566,NIG1773,1773,13 October 2006,2006,exact date,Riots,Violent demonstration,Rioters (Nigeria),,rioters,,,0,sole rioter action,Western Africa,Nigeria,Plateau,Jos North,,Jos,9.9285002,8.8921003,high,Dow Jones International News,International,Youths rampage through town during political protest,0,1552577639,NGA,Riots,Violent demonstration
4979549,566,NIG1772,1772,10 October 2006,2006,exact date,Violence against civilians,Attack,Unidentified Armed Group (Nigeria),,political militias,Civilians (Nigeria),Civilians (International),civilians,political militia vs civilians,Western Africa,Nigeria,Bayelsa,Southern Ijaw,,Oporoma,4.8046999,6.0788999,high,Platts Commodity News,Other,Gunmen attack flow station,0,1552577639,NGA,Violence against civilians,Attack
4979561,566,NIG1771,1771,08 October 2006,2006,exact date,Violence against civilians,Abduction/forced disappearance,Unidentified Armed Group (Nigeria),,political militias,Civilians (International),,civilians,political militia vs civilians,Western Africa,Nigeria,Rivers,Port-Harcourt,,Port Harcourt,4.7774,7.0134001,high,ISI Emerging Markets Africawire,Other,Militants kidnap oil workers,0,1552577639,NGA,Violence against civilians,Abduction/forced disappearance
4979585,566,NIG1770,1770,05 October 2006,2006,exact date,Violence against civilians,Attack,Unidentified Armed Group (Nigeria),,political militias,Civilians (International),,civilians,political militia vs civilians,Western Africa,Nigeria,Rivers,Port-Harcourt,,Port Harcourt,4.7774,7.0134001,high,Dow Jones International News,International,Unidentified attackers kill US national,1,1552577639,NGA,Violence against civilians,Attack
4979608,566,NIG1769,1769,03 October 2006,2006,exact date,Violence against civilians,Attack,Unidentified Armed Group (Nigeria),,political militias,Civilians (Niger),,civilians,political militia vs civilians,Western Africa,Nigeria,Kano,Kano Municipal,,Kano,11.9702,8.5044003,high,Agence France Presse,International,Five Nigerien immigrants found murdered,5,1552577639,NGA,Violence against civilians,Attack
4979674,566,NIG1768,1768,25 September 2006,2006,within week,Violence against civilians,Attack,Unidentified Armed Group (Nigeria),,political militias,Civilians (Nigeria),,civilians,political militia vs civilians,Western Africa,Nigeria,Abia,Ugwunagbo,,Akanu,5,7.3667002,medium,All Africa,Regional,Unknown group kills official with Independent Petroleum Marketers Association of Nigeria (IPMAN) and family members,1,1552577639,NGA,Violence against civilians,Attack
4979712,566,NIG1767,1767,19 September 2006,2006,exact date,Battles,Armed clash,Unidentified Armed Group (Nigeria),,political militias,Private Security Forces (Nigeria),ANPP: All Nigeria Peoples Party,external/other forces,political militia vs other,Western Africa,Nigeria,Borno,Maiduguri,,Maiduguri,11.8464,13.1603,high,This Day,National,"Twenty suspected assassins yesterday invaded the home of the Borno State Chairman of the All Nigerian Peoples Party (ANPP), Alhaji Mohammed Imam, killing his security guard.",1,1552577639,NGA,Battles,Armed clash
4979746,566,NIG1765,1765,14 September 2006,2006,exact date,Battles,Armed clash,Ekingbo Ethnic Militia (Nigeria),,identity militias,Afiesere Ethnic Militia (Nigeria),,identity militias,communal militia vs communal militia,Western Africa,Nigeria,Delta,Ughelli North,,Ughelli,5.4899001,6.0074,high,Xinhua News,International,Ekingbo and Afiesere ethnic communities clash,0,1552577639,NGA,Battles,Armed clash
4979745,566,NIG1766,1766,14 September 2006,2006,exact date,Battles,Armed clash,Police Forces of Nigeria (1999-2015),,state forces,Ekingbo Ethnic Militia (Nigeria),,identity militias,military vs communal militia,Western Africa,Nigeria,Delta,Ughelli North,,Ughelli,5.4899001,6.0074,high,Xinhua News,International,Ethnic group clashes with police,0,1552577639,NGA,Battles,Armed clash
4979790,566,NIG1763,1763,03 September 2006,2006,exact date,Protests,Peaceful protest,Protesters (Nigeria),,protesters,,,0,sole protester action,Western Africa,Nigeria,Akwa Ibom,Ibeno,,Qua Ibo Mission,4.5678,7.9712,high,Agence France Presse,International,Movement for the Survival of Ethnic Nationalities in the Niger Delta hold protest rally; no injuries reported,0,1552577639,NGA,Protests,Peaceful protest
4979852,566,NIG1762,1762,24 August 2006,2006,exact date,Violence against civilians,Attack,Military Forces of Nigeria (1999-2015),,state forces,Civilians (Nigeria),,civilians,military vs civilians,Western Africa,Nigeria,Rivers,Port-Harcourt,,Port Harcourt,4.7774,7.0134001,high,AP Reuters,International,Nigerian troops attack civilians and burn homes in reprisal for death of their soldier at the hands of militants,0,1552577639,NGA,Violence against civilians,Attack
4979855,566,NIG1761,1761,24 August 2006,2006,exact date,Violence against civilians,Abduction/forced disappearance,Unidentified Armed Group (Nigeria),,political militias,Civilians (International),,civilians,political militia vs civilians,Western Africa,Nigeria,Rivers,Port-Harcourt,,Port Harcourt,4.7774,7.0134001,high,AP Reuters,International,Militants kidnap oil workers,0,1552577639,NGA,Violence against civilians,Abduction/forced disappearance
4979854,566,NIG1760,1760,24 August 2006,2006,exact date,Battles,Armed clash,Military Forces of Nigeria (1999-2015),,state forces,Unidentified Armed Group (Nigeria),,political militias,military vs political militia,Western Africa,Nigeria,Rivers,Port-Harcourt,,Port Harcourt,4.7774,7.0134001,high,AP Reuters,International,Nigerian troops battle militants,0,1552577639,NGA,Battles,Armed clash
4979886,566,NIG1759,1759,20 August 2006,2006,exact date,Violence against civilians,Attack,Military Forces of Nigeria (1999-2015),,state forces,Civilians (Nigeria),,civilians,military vs civilians,Western Africa,Nigeria,Bayelsa,Ekeremor,,Letugbene,4.8393998,5.5458999,high,International Oil Daily,Other,Military kills civilian hostage during clash with MEND,0,1552577639,NGA,Violence against civilians,Attack
4979889,566,NIG1758,1758,20 August 2006,2006,exact date,Battles,Armed clash,Military Forces of Nigeria (1999-2015),,state forces,MEND: Movement for the Emancipation of the Niger Delta,,rebel groups,military vs rebels,Western Africa,Nigeria,Bayelsa,Ekeremor,,Letugbene,4.8393998,5.5458999,high,International Oil Daily,Other,Military clashes with MEND,0,1552577639,NGA,Battles,Armed clash
4979891,566,NIG1757,1757,19 August 2006,2006,exact date,Battles,Armed clash,Military Forces of Nigeria (1999-2015),,state forces,MEND: Movement for the Emancipation of the Niger Delta,,rebel groups,military vs rebels,Western Africa,Nigeria,Bayelsa,Yenegoa,,Yenagoa,4.9246998,6.2642002,low,Reuters News,International,MEND clashes with Nigerian military,0,1552577639,NGA,Battles,Armed clash
4979908,566,NIG1756,1756,17 August 2006,2006,exact date,Battles,Armed clash,Unidentified Armed Group (Nigeria),,political militias,Police Forces of Nigeria (1999-2015),,state forces,military vs political militia,Western Africa,Nigeria,Rivers,Ahoada East,,Ahoada,5.0739999,6.6535001,high,Agence France Presse,International,Gunmen attack police,0,1552577639,NGA,Battles,Armed clash
4979913,566,NIG1755,1755,16 August 2006,2006,exact date,Violence against civilians,Abduction/forced disappearance,Unidentified Armed Group (Nigeria),,political militias,Civilians (International),,civilians,political militia vs civilians,Western Africa,Nigeria,Rivers,Port-Harcourt,,Port Harcourt,4.7774,7.0134001,high,Agence France Presse,International,Militants kidnap foreign oil worker,0,1552577639,NGA,Violence against civilians,Abduction/forced disappearance
4979935,566,NIG1754,1754,13 August 2006,2006,exact date,Violence against civilians,Attack,Unidentified Armed Group (Nigeria),,political militias,Civilians (International),,civilians,political militia vs civilians,Western Africa,Nigeria,Rivers,Port-Harcourt,,Port Harcourt,4.7774,7.0134001,high,AP Reuters,International,Gunmen attack nightclub,0,1552577640,NGA,Violence against civilians,Attack
4979969,566,NIG1753,1753,08 August 2006,2006,exact date,Violence against civilians,Abduction/forced disappearance,Unidentified Armed Group (Nigeria),,political militias,Civilians (International),,civilians,political militia vs civilians,Western Africa,Nigeria,Bayelsa,Sagbama,,Niger Delta,4.8333001,6,medium,Agence France Presse,International,Militants kidnap oil workers,0,1552577640,NGA,Violence against civilians,Abduction/forced disappearance
4979988,566,NIG1752,1752,05 August 2006,2006,exact date,Battles,Armed clash,Unidentified Armed Group (Nigeria),,political militias,Unidentified Armed Group (Nigeria),,political militias,political militia vs political militia,Western Africa,Nigeria,Ogun,Ijebu Ode,,Ijebu-Ode,6.8161001,3.9159,high,Panafrican News Agency,Regional,Unidentified rival youth groups engage in turf war; two killed,2,1552577640,NGA,Battles,Armed clash
4980004,566,NIG1751,1751,03 August 2006,2006,exact date,Battles,Armed clash,Military Forces of Nigeria (1999-2015),,state forces,MEND: Movement for the Emancipation of the Niger Delta,,rebel groups,military vs rebels,Western Africa,Nigeria,Delta,Warri South West,,Okerenghigho,5.6222,5.3922,high,AP Reuters,International,MEND battles Nigerian military,0,1552577640,NGA,Battles,Armed clash
4980037,566,NIG1750,1750,29 July 2006,2006,exact date,Battles,Armed clash,Junior Vikings Confraternity,,political militias,Deebam Militia,,political militias,political militia vs political militia,Western Africa,Nigeria,Rivers,Gokana,,Bodo,4.6248002,7.2677002,high,All Africa,Regional,Clashes between rival gangs loyal to prominent local Ogoni politicians,0,1552577640,NGA,Battles,Armed clash
4980070,566,NIG1749,1749,25 July 2006,2006,exact date,Violence against civilians,Attack,Unidentified Armed Group (Nigeria),,political militias,Civilians (Nigeria),,civilians,political militia vs civilians,Western Africa,Nigeria,Bayelsa,Southern Ijaw,,Oporoma,4.8046999,6.0788999,medium,This Day (Nigeria),Subnational,Militants attack flow station,0,1552577640,NGA,Violence against civilians,Attack
4980062,566,NIG1748,1748,25 July 2006,2006,exact date,Battles,Armed clash,Military Forces of Nigeria (1999-2015),,state forces,Unidentified Armed Group (Nigeria),,political militias,military vs political militia,Western Africa,Nigeria,Bayelsa,Southern Ijaw,,Oporoma,4.8046999,6.0788999,medium,This Day (Nigeria),Subnational,Militants attack flow station,0,1552577640,NGA,Battles,Armed clash
4980079,566,NIG1747,1747,24 July 2006,2006,exact date,Battles,Armed clash,Junior Vikings Confraternity,,political militias,Deebam Militia,,political militias,political militia vs political militia,Western Africa,Nigeria,Rivers,Gokana,,Bodo,4.6248002,7.2677002,high,Reuters News,International,Clashes between rival gangs; seven dead,7,1552577640,NGA,Battles,Armed clash
4980089,566,NIG1746,1746,23 July 2006,2006,exact date,Battles,Armed clash,Junior Vikings Confraternity,,political militias,Deebam Militia,,political militias,political militia vs political militia,Western Africa,Nigeria,Rivers,Gokana,,Bodo,4.6248002,7.2677002,high,Reuters News,International,Clashes between rival gangs,0,1552577640,NGA,Battles,Armed clash
4980096,566,NIG1744,1744,22 July 2006,2006,exact date,Battles,Armed clash,MASSOB: Movement for the Actualization of a Sovereign State of Biafra,,rebel groups,Police Forces of Nigeria (1999-2015),,state forces,military vs rebels,Western Africa,Nigeria,Anambra,Nnewi North,,Nnewi,6.0198998,6.9148002,high,Agence France Presse,International,MASSOB attacks police station,0,1552577640,NGA,Battles,Armed clash
4980095,566,NIG1745,1745,22 July 2006,2006,exact date,Battles,Armed clash,Junior Vikings Confraternity,,political militias,Deebam Militia,,political militias,political militia vs political militia,Western Africa,Nigeria,Rivers,Gokana,,Bodo,4.6248002,7.2677002,high,Reuters News,International,Clashes between rival gangs,0,1552577640,NGA,Battles,Armed clash
4980101,566,NIG1743,1743,21 July 2006,2006,exact date,Battles,Armed clash,MASSOB: Movement for the Actualization of a Sovereign State of Biafra,,rebel groups,Police Forces of Nigeria (1999-2015),,state forces,military vs rebels,Western Africa,Nigeria,Anambra,Onitsha North,,Onitsha,6.1454,6.7884998,high,IRIN News,Other,MASSOB clashes with police,0,1552577640,NGA,Battles,Armed clash
4980150,566,NIG1742,1742,15 July 2006,2006,exact date,Violence against civilians,Attack,Unidentified Armed Group (Nigeria),,political militias,Civilians (Nigeria),,civilians,political militia vs civilians,Western Africa,Nigeria,Plateau,Jos North,,Jos,9.9285002,8.8921003,high,This Day (Nigeria),Subnational,Gunmen attack Commandant-General of Nigeria Security and Civil Defense Corps,0,1552577640,NGA,Violence against civilians,Attack
4980164,566,NIG1741,1741,12 July 2006,2006,exact date,Violence against civilians,Abduction/forced disappearance,MEND: Movement for the Emancipation of the Niger Delta,,rebel groups,Civilians (International),,civilians,rebels vs civilians,Western Africa,Nigeria,Bayelsa,Brass,,Brass,4.3151002,6.2417998,high,Reuters News,International,Gunmen kidnap foreign oil workers,0,1552577640,NGA,Violence against civilians,Abduction/forced disappearance
4980197,566,NIG1740,1740,06 July 2006,2006,exact date,Violence against civilians,Abduction/forced disappearance,MEND: Movement for the Emancipation of the Niger Delta,,rebel groups,Civilians (International),,civilians,rebels vs civilians,Western Africa,Nigeria,Bayelsa,Sagbama,,Niger Delta,4.8333001,6,medium,All Africa,Regional,MEND kidnaps five Korean oil workers,0,1552577640,NGA,Violence against civilians,Abduction/forced disappearance
4980194,566,NIG1739,1739,06 July 2006,2006,exact date,Battles,Armed clash,Military Forces of Nigeria (1999-2015),,state forces,MEND: Movement for the Emancipation of the Niger Delta,,rebel groups,military vs rebels,Western Africa,Nigeria,Bayelsa,Sagbama,,Niger Delta,4.8333001,6,medium,All Africa,Regional,MEND battles Nigerian military,0,1552577640,NGA,Battles,Armed clash
4980288,566,NIG1738,1738,27 June 2006,2006,exact date,Battles,Armed clash,MASSOB: Movement for the Actualization of a Sovereign State of Biafra,,rebel groups,Military Forces of Nigeria (1999-2015),,state forces,military vs rebels,Western Africa,Nigeria,Anambra,Onitsha North,,Onitsha,6.1454,6.7884998,high,Reuters News,International,At least two MASSOB members killed in shootout with security forces,2,1552577640,NGA,Battles,Armed clash
4980361,566,NIG1737,1737,20 June 2006,2006,exact date,Violence against civilians,Abduction/forced disappearance,Unidentified Armed Group (Nigeria),,political militias,Civilians (International),,civilians,political militia vs civilians,Western Africa,Nigeria,Rivers,Port-Harcourt,,Port Harcourt,4.7774,7.0134001,high,AP Reuters,International,Unidentified militants kidnap two oil industry employees,0,1552577640,NGA,Violence against civilians,Abduction/forced disappearance
4980390,566,NIG1736,1736,16 June 2006,2006,exact date,Violence against civilians,Attack,MASSOB: Movement for the Actualization of a Sovereign State of Biafra,,rebel groups,Civilians (Nigeria),,civilians,rebels vs civilians,Western Africa,Nigeria,Anambra,Onitsha North,,Onitsha,6.1454,6.7884998,high,Reuters News,International,MASSOB clashes with police,0,1552577640,NGA,Violence against civilians,Attack
4980389,566,NIG1735,1735,16 June 2006,2006,exact date,Battles,Armed clash,MASSOB: Movement for the Actualization of a Sovereign State of Biafra,,rebel groups,Police Forces of Nigeria (1999-2015),,state forces,military vs rebels,Western Africa,Nigeria,Anambra,Onitsha North,,Onitsha,6.1454,6.7884998,high,Reuters News,International,MASSOB clashes with police,0,1552577640,NGA,Battles,Armed clash
4980437,566,NIG1734,1734,11 June 2006,2006,exact date,Violence against civilians,Attack,Unidentified Armed Group (Nigeria),,political militias,Civilians (Nigeria),Civilians (International),civilians,political militia vs civilians,Western Africa,Nigeria,Bayelsa,Southern Ijaw,,Tebidaba,4.5780001,5.9707999,high,Reuters News,International,Armed militants storm oil production facility,0,1552577640,NGA,Violence against civilians,Attack
4980455,566,NIG1733,1733,07 June 2006,2006,exact date,Violence against civilians,Abduction/forced disappearance,Unidentified Armed Group (Nigeria),,political militias,Civilians (International),,civilians,political militia vs civilians,Western Africa,Nigeria,Bayelsa,Southern Ijaw,,Gbaran,4.7927999,5.8909998,high,International Oil Daily,Other,Militants abduct oil industry employee,0,1552577640,NGA,Violence against civilians,Abduction/forced disappearance
4980456,566,NIG1732,1732,07 June 2006,2006,exact date,Battles,Armed clash,Unidentified Armed Group (Nigeria),,political militias,Military Forces of Nigeria (1999-2015),,state forces,military vs political militia,Western Africa,Nigeria,Rivers,Asari-Toru,,Sangama,4.7588,6.8200998,high,All Africa,Regional,Militants attack,0,1552577640,NGA,Battles,Armed clash
4980483,566,NIG1731,1731,05 June 2006,2006,exact date,Battles,Armed clash,Unidentified Armed Group (Nigeria),,political militias,Unidentified Armed Group (Nigeria),,political militias,political militia vs political militia,Western Africa,Nigeria,Ogun,Ijebu Ode,,Ijebu-Ode,6.8161001,3.9159,high,Panafrican News Agency,Regional,Unidentified rival youth groups engage in turf war; five killed,5,1552577640,NGA,Battles,Armed clash
4980549,566,NIG1730,1730,27 May 2006,2006,exact date,Battles,Armed clash,ANPP: All Nigeria Peoples Party,,political militias,ANPP: All Nigeria Peoples Party,,political militias,political militia vs political militia,Western Africa,Nigeria,Borno,Maiduguri,,Maiduguri,11.8464,13.1603,high,Daily Trust,National,"Two warring factions of political supporters known as ""ECOMOG"" allegedly loyal to the ruling All Nigeria Peoples Party in Borno state clashed in Maiduguri on Saturday with dozens of people injured.",0,1552577640,NGA,Battles,Armed clash
4980557,566,NIG1729,1729,26 May 2006,2006,exact date,Battles,Armed clash,Military Forces of Nigeria (1999-2015),,state forces,NDV: Niger Delta Vigilant Militia,,political militias,military vs political militia,Western Africa,Nigeria,Rivers,Okrika,,Okrika,4.7416,7.0848999,high,AP Reuters,International,Military raids home of Ateke Tom,0,1552577640,NGA,Battles,Armed clash
4980676,566,NIG1728,1728,12 May 2006,2006,exact date,Battles,Armed clash,Unidentified Armed Group (Nigeria),,political militias,Police Forces of Nigeria (1999-2015),,state forces,military vs political militia,Western Africa,Nigeria,Federal Capital Territory,Abuja Municipal,,Abuja,9.0832996,7.5332999,high,Agence France Presse,International,Policeman shot dead by unknown assailant,1,1552577640,NGA,Battles,Armed clash
4980698,566,NIG1727,1727,10 May 2006,2006,exact date,Violence against civilians,Attack,Military Forces of Nigeria (1999-2015),,state forces,Civilians (Nigeria),,civilians,military vs civilians,Western Africa,Nigeria,Rivers,Degema,,Elem Tombia,4.4499002,6.9899001,high,Reuters News,International,MEND alleges that military razes Nigerian village,0,1552577640,NGA,Violence against civilians,Attack
4980706,566,NIG1726,1726,09 May 2006,2006,exact date,Battles,Armed clash,Military Forces of Nigeria (1999-2015),,state forces,NDV: Niger Delta Vigilant Militia,,political militias,military vs political militia,Western Africa,Nigeria,Rivers,Port-Harcourt,,Port Harcourt,4.7774,7.0134001,medium,Agence France Presse,International,Military raid hideout of Akete Tom (NDV),0,1552577640,NGA,Battles,Armed clash
4980721,566,NIG1725,1725,06 May 2006,2006,exact date,Violence against civilians,Attack,Unidentified Armed Group (Nigeria),,political militias,Civilians (Nigeria),Government of Nigeria (2015-),civilians,political militia vs civilians,Western Africa,Nigeria,Rivers,Port-Harcourt,,Port Harcourt,4.7774,7.0134001,high,All Africa,Regional,Unidentified group attacks home of Deputy Speaker,0,1552577640,NGA,Violence against civilians,Attack
4980760,566,NIG1724,1724,29 April 2006,2006,exact date,Explosions/Remote violence,Remote explosive/landmine/IED,Military Forces of Nigeria (1999-2015),,state forces,MEND: Movement for the Emancipation of the Niger Delta,,rebel groups,military vs rebels,Western Africa,Nigeria,Bayelsa,Sagbama,,Niger Delta,4.8333001,6,medium,Agence France Presse,International,Militants carry out car bomb attack on fuel trucks,0,1552577640,NGA,Explosions/Remote violence,Remote explosive/landmine/IED
4980801,566,NIG1723,1723,19 April 2006,2006,exact date,Explosions/Remote violence,Remote explosive/landmine/IED,Military Forces of Nigeria (1999-2015),,state forces,MEND: Movement for the Emancipation of the Niger Delta,,rebel groups,military vs rebels,Western Africa,Nigeria,Rivers,Khana,,Bori,4.6736999,7.362,high,AP Reuters,International,Bomb placed by MEND explodes in military barracks,0,1552577640,NGA,Explosions/Remote violence,Remote explosive/landmine/IED
4980885,566,NIG1720,1720,10 April 2006,2006,exact date,Violence against civilians,Attack,MEND: Movement for the Emancipation of the Niger Delta,,rebel groups,Civilians (International),,civilians,rebels vs civilians,Western Africa,Nigeria,Bayelsa,Brass,,Brass,4.3151002,6.2417998,high,Agence France Presse,International,MEND kills civilian during attack on oil ships,1,1552577641,NGA,Violence against civilians,Attack
4980896,566,NIG1721,1721,10 April 2006,2006,exact date,Battles,Armed clash,Military Forces of Nigeria (1999-2015),,state forces,MEND: Movement for the Emancipation of the Niger Delta,,rebel groups,military vs rebels,Western Africa,Nigeria,Rivers,Akuku Toru,,Ekulama,4.572,6.7435999,high,Reuters News,International,MEND attacks houseboat,0,1552577641,NGA,Battles,Armed clash
4980895,566,NIG1722,1722,10 April 2006,2006,exact date,Battles,Armed clash,Military Forces of Nigeria (1999-2015),,state forces,MEND: Movement for the Emancipation of the Niger Delta,,rebel groups,military vs rebels,Western Africa,Nigeria,Bayelsa,Brass,,Brass,4.3151002,6.2417998,high,Xinhua News,International,Military attacks MEND,0,1552577641,NGA,Battles,Armed clash
4980910,566,NIG1719,1719,08 April 2006,2006,exact date,Violence against civilians,Abduction/forced disappearance,Unidentified Armed Group (Nigeria),,political militias,Civilians (International),,civilians,political militia vs civilians,Western Africa,Nigeria,Rivers,Bonny,,Bonny,4.4521999,7.1680999,high,Agence France Presse,International,Militants kidnap oil workers,0,1552577641,NGA,Violence against civilians,Abduction/forced disappearance
4980948,566,NIG1718,1718,30 March 2006,2006,exact date,Battles,Armed clash,Military Forces of Nigeria (1999-2015),,state forces,MEND: Movement for the Emancipation of the Niger Delta,,rebel groups,military vs rebels,Western Africa,Nigeria,Bayelsa,Sagbama,,Niger Delta,4.8333001,6,medium,Xinhua News,International,MEND battles Nigerian military,0,1552577641,NGA,Battles,Armed clash
4981001,566,NIG1717,1717,23 March 2006,2006,exact date,Battles,Armed clash,Military Forces of Nigeria (1999-2015),,state forces,MEND: Movement for the Emancipation of the Niger Delta,,rebel groups,military vs rebels,Western Africa,Nigeria,Rivers,Akuku Toru,,Soku,4.6754999,6.6803002,high,Agence France Presse,International,MEND battles Nigerian military,0,1552577641,NGA,Battles,Armed clash
4981035,566,NIG1716,1716,18 March 2006,2006,exact date,Explosions/Remote violence,Remote explosive/landmine/IED,Unidentified Armed Group (Nigeria),,political militias,,,0,sole political militia action,Western Africa,Nigeria,Bayelsa,Sagbama,,Niger Delta,4.8333001,6,medium,Reuters News,International,Unidentified attackers blow up pipeline in Niger Delta,0,1552577641,NGA,Explosions/Remote violence,Remote explosive/landmine/IED
4981112,566,NIG1715,1715,10 March 2006,2006,exact date,Violence against civilians,Abduction/forced disappearance,Unidentified Armed Group (Nigeria),,political militias,Civilians (International),,civilians,political militia vs civilians,Western Africa,Nigeria,Akwa Ibom,Eket,,Eket,4.6412001,7.9208999,high,AP Reuters,International,Militants kidnap foreign oil workers,0,1552577641,NGA,Violence against civilians,Abduction/forced disappearance
4981114,566,NIG1714,1714,10 March 2006,2006,exact date,Battles,Armed clash,Military Forces of Nigeria (1999-2015),,state forces,Unidentified Armed Group (Nigeria),,political militias,military vs political militia,Western Africa,Nigeria,Rivers,Akuku Toru,,Soku,4.6754999,6.6803002,high,AP Reuters,International,Militants attack oil industry boat; wound soldiers in clash,0,1552577641,NGA,Battles,Armed clash
4981121,566,NIG1712,1712,09 March 2006,2006,within week,Violence against civilians,Attack,Unidentified Armed Group (Nigeria),,political militias,Civilians (Nigeria),,civilians,political militia vs civilians,Western Africa,Nigeria,Edo,Esan West,,Ekpoma,6.7420998,6.1389999,high,Xinhua News,International,Six students killed in clashes between rival gangs,6,1552577641,NGA,Violence against civilians,Attack
4981122,566,NIG1713,1713,09 March 2006,2006,within week,Violence against civilians,Attack,Unidentified Armed Group (Nigeria),,political militias,Civilians (Nigeria),,civilians,political militia vs civilians,Western Africa,Nigeria,Edo,Esan West,,Iruekpen,6.7542,6.0542998,high,Xinhua News,International,One student killed in clashes between rival gangs,1,1552577641,NGA,Violence against civilians,Attack
4981120,566,NIG1711,1711,09 March 2006,2006,within week,Battles,Armed clash,Unidentified Armed Group (Nigeria),,political militias,Police Forces of Nigeria (1999-2015) National Drug Law Enforcement Agency,,state forces,military vs political militia,Western Africa,Nigeria,Edo,Esan West,,Ekpoma,6.7420998,6.1389999,high,Xinhua News,International,Gang attacks Drug Enforcement official at university campus,0,1552577641,NGA,Battles,Armed clash
4981123,566,NIG1710,1710,08 March 2006,2006,exact date,Violence against civilians,Abduction/forced disappearance,MONDP: Movement for the Niger Delta People,,political militias,Civilians (International),,civilians,political militia vs civilians,Western Africa,Nigeria,Rivers,Port-Harcourt,,Port Harcourt,4.7774,7.0134001,high,Reuters News,International,Militants kidnap oil worker,0,1552577641,NGA,Violence against civilians,Abduction/forced disappearance
4981156,566,NIG1709,1709,05 March 2006,2006,exact date,Riots,Mob violence,Police Forces of Nigeria (1999-2015),,state forces,Rioters (Nigeria),Military Forces of Nigeria (1999-2015),rioters,military vs rioters,Western Africa,Nigeria,Borno,Bama,,Jeree,11.3833,13.95,high,Daily Trust,National,A police corporal and a soldier are currently receiving treatment at the University of Maiduguri Teaching Hospital for injuries they sustained in a scuffle over the payment of census enumerators. The incident happened at Jere local government area of Borno State last Sunday during the payment of allowances to adhoc staff engaged by the National Population Commission (NPC). Sources told Daily Trust that the clash occured when security men tried to resolve a disagreement between NPC officials and the adhoc staff over the payment of allowances.,0,1552577641,NGA,Riots,Mob violence
4981199,566,NIG1707,1707,24 February 2006,2006,exact date,Violence against civilians,Attack,Muslim Militia (Nigeria),,identity militias,Civilians (Nigeria),Christian Group (Nigeria),civilians,communal militia vs civilians,Western Africa,Nigeria,Niger,Kontagora,,Kontagora,10.3999,5.4695001,high,Agence France Presse,International,Muslim mob kills nine people and burns four churches,9,1552577641,NGA,Violence against civilians,Attack
4981201,566,NIG1706,1706,24 February 2006,2006,exact date,Battles,Armed clash,Muslim Militia (Nigeria),,identity militias,Christian Militia (Nigeria),,identity militias,communal militia vs communal militia,Western Africa,Nigeria,Sokoto,Sokoto North,,Sokoto,13.048,5.2143002,high,Agence France Presse,International,Clashes between Muslims and Christians,0,1552577641,NGA,Battles,Armed clash
5183382,566,NIG1708,1708,24 February 2006,2006,exact date,Riots,Mob violence,Rioters (Nigeria),Muslim Group (Nigeria),rioters,Civilians (Nigeria),Christian Group (Nigeria),civilians,rioters vs civilians,Western Africa,Nigeria,Yobe,Potiskum,,Potiskum,11.7091,11.0694,high,Agence France Presse,International,Muslim mob attacks Christians,0,1558387849,NGA,Riots,Mob violence
4981208,566,NIG1705,1705,23 February 2006,2006,exact date,Riots,Violent demonstration,Rioters (Nigeria),Christian Group (Nigeria),rioters,,,0,sole rioter action,Western Africa,Nigeria,Anambra,Onitsha North,,Onitsha,6.1454,6.7884998,high,Associated Press,International,Christians riots continue in response to Muslim riots in north.,0,1552577641,NGA,Riots,Violent demonstration
4981207,566,NIG1704,1704,23 February 2006,2006,exact date,Battles,Armed clash,Muslim Militia (Nigeria),,identity militias,Christian Militia (Nigeria),,identity militias,communal militia vs communal militia,Western Africa,Nigeria,Niger,Kontagora,,Kontagora,10.3999,5.4695001,high,Agence France Presse,International,Clashes between Muslims and Christians,0,1552577641,NGA,Battles,Armed clash
4981214,566,NIG1702,1702,22 February 2006,2006,exact date,Riots,Violent demonstration,Rioters (Nigeria),Christian Group (Nigeria),rioters,,,0,sole rioter action,Western Africa,Nigeria,Anambra,Nnewi North,,Nnewi,6.0198998,6.9148002,high,Reuters News,International,Christian riots continue,0,1552577641,NGA,Riots,Violent demonstration
4981217,566,NIG1700,1700,22 February 2006,2006,exact date,Riots,Violent demonstration,Rioters (Nigeria),Christian Group (Nigeria),rioters,,,0,sole rioter action,Western Africa,Nigeria,Anambra,Awka South,,Awka,6.2101002,7.0741,high,Reuters News,International,Christian riots continue,0,1552577641,NGA,Riots,Violent demonstration
4981218,566,NIG1701,1701,22 February 2006,2006,exact date,Riots,Violent demonstration,Rioters (Nigeria),Christian Group (Nigeria),rioters,,,0,sole rioter action,Western Africa,Nigeria,Enugu,Enugu North,,Enugu,6.4425998,7.5022001,high,Reuters News,International,Christian riots continue,0,1552577641,NGA,Riots,Violent demonstration
4981219,566,NIG1703,1703,22 February 2006,2006,exact date,Violence against civilians,Attack,Christian Militia (Nigeria),,identity militias,Civilians (Nigeria),Muslim Group (Nigeria),civilians,communal militia vs civilians,Western Africa,Nigeria,Anambra,Onitsha North,,Onitsha,6.1454,6.7884998,high,Reuters News,International,"At least 22 people were killed yesterday in Onitsha, Anambra State in what was described as a reprisal attack over the religious violence that erupted in Maiduguri, Borno.",22,1552577641,NGA,Violence against civilians,Attack
4981220,566,NIG1699,1699,21 February 2006,2006,exact date,Riots,Violent demonstration,Rioters (Nigeria),Christian Group (Nigeria),rioters,,,0,sole rioter action,Western Africa,Nigeria,Anambra,Onitsha North,,Onitsha,6.1454,6.7884998,high,Associated Press,International,Christians riot in response to Muslim riots in North,0,1552577641,NGA,Riots,Violent demonstration
4981231,566,NIG1698,1698,20 February 2006,2006,exact date,Protests,Peaceful protest,Protesters (Nigeria),,protesters,,,0,sole protester action,Western Africa,Nigeria,Borno,Maiduguri,,Maiduguri,11.8464,13.1603,high,Daily Champion,National,Angry traders chanting protest songs demonstrated in the city over state security services perceived failure to stem religious rioting over the weekend that led to over two dozen deaths.,0,1552577641,NGA,Protests,Peaceful protest
4981229,566,NIG1696,1696,20 February 2006,2006,exact date,Riots,Mob violence,Rioters (Nigeria),Muslim Group (Nigeria),rioters,Rioters (Nigeria),Christian Group (Nigeria),rioters,rioters vs rioters,Western Africa,Nigeria,Bauchi,Bauchi,,Bauchi,10.3134,9.8432999,high,Agence France Presse,International,"In Bauchi, where 10 people were killed on Monday after the supposed ""desecration"" of the Koran by a school teacher, a dawn-to-dusk curfew had been imposed to pre-empt further clashes.",10,1552577641,NGA,Riots,Mob violence
4981230,566,NIG1697,1697,20 February 2006,2006,exact date,Riots,Mob violence,Police Forces of Nigeria (1999-2015),,state forces,Rioters (Nigeria),,rioters,military vs rioters,Western Africa,Nigeria,Bauchi,Bauchi,,Bauchi,10.3134,9.8432999,high,Reuters News,International,Muslims clash with police during riots in Bauchi.,0,1552577641,NGA,Riots,Mob violence
4981241,566,NIG1695,1695,19 February 2006,2006,exact date,Riots,Violent demonstration,Rioters (Nigeria),Muslim Group (Nigeria),rioters,Police Forces of Nigeria (1999-2015),,state forces,military vs rioters,Western Africa,Nigeria,Katsina,Katsina,,Katsina,12.9894,7.6005998,high,Reuters News; Agence France Presse,International,"Troops enforced a curfew in parts of northern Nigeria on Sunday after protests over cartoons of the Prophet Mohammed triggered riots in two cities that left 26 people dead and 11 churches burned. In Katsina, police opened fire into a crowd of stone-throwers, killing one and injuring others. Churches were also burned in Katsina, he added, but it was not known how many. An earlier toll had put the number of dead in Saturdays violence in the two northern cities of Maiduguri and Katsina at 16.",3,1552577641,NGA,Riots,Violent demonstration
4981246,566,NIG1694,1694,18 February 2006,2006,exact date,Riots,Violent demonstration,Rioters (Nigeria),Muslim Group (Nigeria),rioters,Civilians (Nigeria),Christian Group (Nigeria),civilians,rioters vs civilians,Western Africa,Nigeria,Borno,Maiduguri,,Maiduguri,11.8464,13.1603,high,Agence France Presse; UN IRIN,Other-international,"Nigerian rioters killed an estimated 23 people Saturday after a Muslim protest against the publication of cartoons of the Prophet Mohammed descended into violence. Witnesses told AFP that protesters turned on the Christian minority in the northern city of Maiduguri, burning shops and churches, after police dispersed a rally called to condemn European newspapers that printed the caricatures. An earlier toll had put the number of dead in Saturdays violence in the two northern cities of Maiduguri and Katsina at 16.",23,1552577641,NGA,Riots,Violent demonstration
4981245,566,NIG1693,1693,18 February 2006,2006,exact date,Riots,Violent demonstration,Rioters (Nigeria),Muslim Group (Nigeria),rioters,Police Forces of Nigeria (1999-2015),,state forces,military vs rioters,Western Africa,Nigeria,Borno,Maiduguri,,Maiduguri,11.8464,13.1603,high,Agence France Presse; UN IRIN,Other-international,Nigerian Muslim rioters looted and burned Christian churches and businesses Saturday after police halted a protest against the publication of cartoons of the Prophet Mohammed.,0,1552577641,NGA,Riots,Violent demonstration
4981249,566,NIG1692,1692,17 February 2006,2006,exact date,Battles,Armed clash,Military Forces of Nigeria (1999-2015) Joint Task Force,,state forces,Unidentified Armed Group (Nigeria),,political militias,military vs political militia,Western Africa,Nigeria,Delta,Warri South West,,Chanomi Creek,5.3990998,5.4482002,medium,AFX Asia,International,Militant group shoots at JTF helicopter.,0,1552577641,NGA,Battles,Armed clash
4981253,566,NIG1691,1691,16 February 2006,2006,exact date,Riots,Mob violence,Police Forces of Nigeria (1999-2015),,state forces,Rioters (Nigeria),MASSOB: Movement for the Actualization of a Sovereign State of Biafra,rioters,military vs rioters,Western Africa,Nigeria,Anambra,Onitsha North,,Onitsha,6.1454,6.7884998,high,Xinhua News,International,MASSOB clashes with police at Onitsha Market.,0,1552577641,NGA,Riots,Mob violence
4981259,566,NIG1690,1690,15 February 2006,2006,exact date,Violence against civilians,Attack,Military Forces of Nigeria (1999-2015),,state forces,Civilians (Nigeria),,civilians,military vs civilians,Western Africa,Nigeria,Bayelsa,Kolokuma/Opokuma,,Gbarama,5.0710001,6.2916002,high,Xinhua News,International,Military attacks fishing community in Delta State,0,1552577641,NGA,Violence against civilians,Attack
4981304,566,NIG1689,1689,11 February 2006,2006,exact date,Violence against civilians,Attack,Unidentified Armed Group (Nigeria),,political militias,Civilians (International),,civilians,political militia vs civilians,Western Africa,Nigeria,Bayelsa,Southern Ijaw,,Oporoma,4.8046999,6.0788999,medium,AP Reuters,International,Militants attack ship,0,1552577641,NGA,Violence against civilians,Attack
4981310,566,NIG1688,1688,10 February 2006,2006,exact date,Violence against civilians,Abduction/forced disappearance,Unidentified Armed Group (Nigeria),,political militias,Civilians (International),,civilians,political militia vs civilians,Western Africa,Nigeria,Rivers,Bonny,,Bonny,4.4521999,7.1680999,medium,Agence France Presse,International,Militants kidnap foreign oil workers,0,1552577641,NGA,Violence against civilians,Abduction/forced disappearance
4981314,566,NIG1687,1687,10 February 2006,2006,exact date,Battles,Armed clash,Military Forces of Nigeria (1999-2015),,state forces,Unidentified Armed Group (Nigeria),,political militias,military vs political militia,Western Africa,Nigeria,Rivers,Bonny,,Bonny,4.4521999,7.1680999,medium,Agence France Presse,International,Unidentified militants attack soldiers in Niger Delta,0,1552577641,NGA,Battles,Armed clash
4981336,566,NIG1686,1686,06 February 2006,2006,exact date,Violence against civilians,Attack,Unidentified Armed Group (Nigeria),,political militias,Civilians (International),,civilians,political militia vs civilians,Western Africa,Nigeria,Bayelsa,Ekeremor,,Ekeremor,5.0556002,5.7800999,medium,Agence France Presse,International,Militants attack drilling rig,0,1552577641,NGA,Violence against civilians,Attack
4981352,566,NIG1685,1685,05 February 2006,2006,exact date,Protests,Excessive force against protesters,Military Forces of Nigeria (1999-2015),,state forces,Protesters (Nigeria),,protesters,military vs protesters,Western Africa,Nigeria,Akwa Ibom,Ibeno,,Qua Ibo Mission,4.5678,7.9712,high,AP Reuters,International,Military kills at least two protesters during demonstration,2,1552577641,NGA,Protests,Excessive force against protesters
4981385,566,NIG1684,1684,30 January 2006,2006,exact date,Battles,Armed clash,Unidentified Armed Group (Nigeria),,political militias,Unidentified Armed Group (Benin),,political militias,political militia vs political militia,Western Africa,Nigeria,Lagos,Badagry,,Badagry,6.4166999,2.8833001,high,Agence France Presse,International,Rival Nigerian and Beninois gangs clash at Seme border crossing between Lagos and Cotonou; two killed.,2,1552577641,NGA,Battles,Armed clash
4981401,566,NIG1683,1683,28 January 2006,2006,exact date,Battles,Armed clash,Police Forces of Nigeria (1999-2015),,state forces,Unidentified Armed Group (Nigeria),,political militias,military vs political militia,Western Africa,Nigeria,Rivers,Port-Harcourt,,Port Harcourt,4.7774,7.0134001,high,Agence France Presse,International,Militants fight with police and rob Daewoos oil services centre.,0,1552577641,NGA,Battles,Armed clash
4981429,566,NIG1682,1682,24 January 2006,2006,exact date,Battles,Armed clash,Police Forces of Nigeria (1999-2015),,state forces,Unidentified Armed Group (Nigeria),,political militias,military vs political militia,Western Africa,Nigeria,Rivers,Port-Harcourt,,Port Harcourt,4.7774,7.0134001,high,Reuters News,International,Militants attack Agip offices in Port Harcourt; kill 9 police.,9,1552577641,NGA,Battles,Armed clash
4981438,566,NIG1681,1681,23 January 2006,2006,exact date,Battles,Armed clash,Military Forces of Nigeria (1999-2015) Joint Task Force,,state forces,Unidentified Armed Group (Nigeria),,political militias,military vs political militia,Western Africa,Nigeria,Bayelsa,Sagbama,,Niger Delta,4.8333001,6,high,Reuters News,International,Militants attack Agip platform in Niger Delta; security forces repelled attack.,0,1552577641,NGA,Battles,Armed clash
4981484,566,NIG1680,1680,18 January 2006,2006,exact date,Battles,Armed clash,OPC: Oodua Peoples Congress,,political militias,Mutiny of OPC: Oodua Peoples Congress,,political militias,political militia vs political militia,Western Africa,Nigeria,Lagos,Mushin,,Idi Oro,6.5225,3.3599999,high,Agence France Presse,International,Factions of OPC clash in central Lagos,0,1552577641,NGA,Battles,Armed clash
4981517,566,NIG1678,1678,15 January 2006,2006,exact date,Battles,Government regains territory,Military Forces of Nigeria (1999-2015),,state forces,Unidentified Armed Group (Nigeria),,political militias,military vs political militia,Western Africa,Nigeria,Delta,Bomadi,,Bomadi,5.1592999,5.9252,high,Agence France Presse,International,Nigerian soldiers regain control of Shell station,0,1552577641,NGA,Battles,Government regains territory
4981518,566,NIG1679,1679,15 January 2006,2006,exact date,Battles,Non-state actor overtakes territory,Military Forces of Nigeria (1999-2015),,state forces,Unidentified Armed Group (Nigeria),,political militias,military vs political militia,Western Africa,Nigeria,Delta,Bomadi,,Bomadi,5.1592999,5.9252,high,Agence France Presse,International,Militants clash with soldiers at Benisede oil station in Niger Delta; briefly gain control of location.,0,1552577641,NGA,Battles,Non-state actor overtakes territory
4981533,566,NIG1677,1677,14 January 2006,2006,exact date,Violence against civilians,Attack,Unidentified Armed Group (Nigeria),,political militias,Civilians (Nigeria),,civilians,political militia vs civilians,Western Africa,Nigeria,Kano,Kano Municipal,,Kano,11.9702,8.5044003,high,Reuters News,International,Wife of opposition politician hacked to death by unknown assassins in Kano.,1,1552577641,NGA,Violence against civilians,Attack
4981598,566,NIG1676,1676,02 January 2006,2006,within week,Battles,Armed clash,Ogboji Ethnic Militia (Nigeria),,identity militias,Onicha Ethnic Militia (Nigeria),,identity militias,communal militia vs communal militia,Western Africa,Nigeria,Abia,Obi Ngwa,,Onicha Ngwa,5.1476998,7.5086999,medium,This Day (Nigeria),Subnational,Ogboji and Onicha ethnic groups engage in land struggle; at least 5 killed in Onicha.,5,1552577641,NGA,Battles,Armed clash
